code	name	group	energy_kcal	protein_g	carbs_g	sugars_g	fat_g	sat_fat_g	fiber_g	sodium_mg
24999	Dessert (aliment moyen)		255	4,41	32,9	21,3	11,3	4,96	1,7	130
8406	Salade de museau de porc, avec sauce, préemballée	salades composées et crudités	172	8,51	0,89	0,64	14,8	3,59	0,75	700
8407	Salade de cervelas, avec sauce, préemballée	salades composées et crudités	259	7,6	1,93	1,29	24,2	6,23	1,28	-
25600	Salade de céleri rémoulade, préemballée	salades composées et crudités	114	0,94	3,14	1,8	10,2	0,94	2,2	469
25601	Salade de thon et légumes, appertisée	salades composées et crudités	117	9,15	8,13	3,63	4,7	0,56	2,7	445
25602	Salade composée avec viande ou poisson, appertisée	salades composées et crudités	110	8,06	6,4	1,9	5,3	0,3	2	381
25605	Champignons à la grecque, préemballés	salades composées et crudités	76,3	2,07	3,53	2,33	5,47	0,4	2,35	500
25606	Salade de pommes de terre, faite maison	salades composées et crudités	127	2,68	9,9	-	8,2	1,43	1,3	529
25608	Taboulé ou salade de semoule aux légumes, préemballé	salades composées et crudités	179	4,88	23,7	4,9	6,7	0,67	2,5	399
25609	Salade de pomme de terre à la piémontaise, préemballée	salades composées et crudités	130	4,5	8,87	1,2	8,3	0,82	< 0,5	433
25610	Salade de museau de boeuf, avec sauce, préemballée	salades composées et crudités	118	11,7	0,8	0,6	7,6	1,1	traces	634
25614	Salade de riz, appertisée	salades composées et crudités	127	5,13	16,1	1	4,35	0,53	1,7	431
25615	Salade de pâtes au fromage et légumes, avec sauce	salades composées et crudités	119	4,4	13,7	2,1	4,8	1,4	1,7	51
25619	Salade de pâtes aux légumes et poisson ou viande, avec sauce, préemballée	salades composées et crudités	160	6,24	14,2	1,59	8,24	1,59	1,96	378
25626	Macédoine de légumes en salade, avec sauce, préemballée	salades composées et crudités	129	2,5	3,47	1,56	10,7	0,78	4	395
25628	Salade César au poulet (salade verte, fromage, croûtons, sauce), préemballée	salades composées et crudités	151	8,13	4,88	1,71	10	2,36	2	301
25629	Salade végétarienne à base de boulgour et/ou quinoa et légumes, préemballée	salades composées et crudités	168	3,79	17,4	4,61	8,3	0,92	3,3	309
25642	Salade de céleri et carotte rémoulade, préemballée	salades composées et crudités	79,6	1	5,43	3,63	5,33	0,36	3	-
25664	Salade de pomme de terre au thon, préemballée	salades composées et crudités	124	5,57	8,13	0,73	7,7	1	-	-
25665	Salade de pomme de terre à la saucisse, préemballée	salades composées et crudités	156	3,08	8,75	0,9	11,6	2,13	2,1	-
25666	Salade composée à base de crudités, charcuterie et fromage, avec sauce, préemballée	salades composées et crudités	153	7,45	4,96	2,63	10,9	3,29	2,43	-
25667	Salade composée à base de crudités et produits de la mer, avec sauce, préemballée	salades composées et crudités	120	4,78	7,58	2,5	7,5	0,68	1,6	-
25668	Salade composée à base de crudités, oeuf et produits de la mer, avec sauce, préemballée	salades composées et crudités	108	4,76	3,77	2,04	7,57	1	2,8	-
25669	Salade composée à base de crudités, poulet et fromage, avec sauce, préemballée	salades composées et crudités	150	7,13	5,28	1,69	10,8	2,44	1,57	210
25670	Salade composée à base de crudités et poulet, avec sauce, préemballée	salades composées et crudités	88	4,13	4,28	2,85	5,35	0,75	3,1	-
26257	Salade de carottes râpées, avec sauce, préemballée	salades composées et crudités	74,2	0,84	5,67	4,73	4,77	0,43	2,61	264
26258	Salade de betterave, avec sauce, préemballée	salades composées et crudités	59,4	1,44	5,11	4,96	3	0,32	2,7	320
26259	Salade de chou et carotte ou coleslaw, avec sauce, préemballée	salades composées et crudités	105	0,94	5,78	4,72	8,1	0,63	3	353
26260	Salade de concombre à la crème/fromage blanc, préemballée	salades composées et crudités	77,9	1,06	0,58	0,58	7,5	1	1,5	394
26261	Salade de lentilles et saucisse fumée, préemballée	salades composées et crudités	177	7	8,9	0,9	11,8	0,9	3,6	355
26262	Salade grecque, avec sauce, préemballée	salades composées et crudités	81,5	2	1,4	1,4	7,1	2,7	2	416
26263	Salade de riz au thon et légumes, avec sauce, préemballée	salades composées et crudités	145	5,08	16,8	1,54	5,98	0,76	1,77	300
26269	Taboulé ou salade de semoule au poulet, préemballé	salades composées et crudités	176	5,9	20,1	2,63	7,45	0,88	2,47	424
26276	Salade de pâtes au surimi, avec sauce, préemballée	salades composées et crudités	208	4,19	14,1	1,07	14,5	1,21	1,7	399
26277	Salade Alaska au surimi, ananas, carottes, avec sauce, préemballée	salades composées et crudités	170	3,81	7,12	3,36	13,4	1,03	2,3	551
26278	Salade de pâtes au poulet, fromage et crudités, avec sauce, préemballée	salades composées et crudités	175	8,19	12,4	1,46	9,5	1,87	2,2	349
26279	Salade de pâtes aux poulet, oeuf, fromage et crudités, avec sauce, préemballée	salades composées et crudités	167	8,19	12,4	1,93	8,7	1,93	2,2	218
26280	Salade de pâtes au jambon cru, fromage et crudités, avec sauce, préemballée	salades composées et crudités	191	7,31	15,1	2,06	10,6	2,15	2,2	230
26281	Salade de chou rouge, avec sauce, préemballée	salades composées et crudités	103	1,23	4,73	3,9	8,25	0,73	2,25	-
26282	Salade de pâtes au poulet et crudités, avec sauce, préemballée	salades composées et crudités	131	5,91	13,5	1,96	5,52	0,65	1,9	-
25900	Soupe aux lentilles, préemballée à réchauffer	soupes	63,3	3,19	7,64	0,96	1,87	0,91	1,59	143
25901	Soupe à la volaille et aux légumes, préemballée à réchauffer	soupes	30,8	3,09	2,6	1,2	0,8	0,3	0,4	700
25903	Soupe aux légumes variés, préemballée à réchauffer	soupes	36,8	0,84	4,5	1,63	1,45	0,58	1,23	275
25904	Soupe de poissons et/ou crustacés, préemballée à réchauffer	soupes	50	4,11	2,71	0,86	2,35	0,78	0,8	284
25905	Soupe aux légumes variés, déshydratée reconstituée	soupes	35,5	0,76	5,7	1,41	0,91	0,47	0,74	276
25907	Soupe aux poireaux et pommes de terre, préemballée à réchauffer	soupes	37,1	0,91	5,12	1,17	1,25	0,68	0,88	290
25908	Soupe à la volaille et aux vermicelles, préemballée à réchauffer	soupes	23,2	1,24	3,28	0,74	0,56	0,16	0,25	326
25909	Bouillon de viande et légumes type pot-au-feu, prêt à consommer	soupes	5,76	0,53	0,24	0	0,3	0,13	0	326
25910	Soupe à l'oignon, préemballée à réchauffer	soupes	60,8	1,64	4,26	2,65	3,83	2,03	1,38	315
25912	Soupe aux champignons, préemballée à réchauffer	soupes	40,3	0,94	4,1	0,71	2,12	1,16	0,61	312
25913	Soupe à la carotte, préemballée à réchauffer	soupes	35,8	0,68	4,03	1,81	1,61	1,05	1,26	259
25914	Soupe à la tomate, préemballée à réchauffer	soupes	36,2	0,76	5,88	2,99	0,88	0,32	0,95	259
25915	Soupe chorba frik, à base de viande et de frik	soupes	62,9	3,75	5,4	0,9	2,5	-	1,9	337
25916	Soupe minestrone, préemballée à réchauffer	soupes	46,5	1,51	4,97	1,53	1,93	0,18	1,65	300
25917	Soupe au pistou, déshydratée reconstituée	soupes	27	1,01	4,77	0,92	0,28	0,023	0,69	256
25919	Soupe de poissons et/ou crustacés, déshydratée reconstituée	soupes	40,9	0,91	5,66	1,12	1,54	0,7	0,39	253
25923	Soupe asiatique, avec pâtes, déshydratée reconstituée	soupes	38,4	1,12	5,69	1,17	1,14	0,47	0,47	334
25924	Soupe marocaine, déshydratée reconstituée	soupes	39,9	2,07	6,43	1,34	0,46	0,13	1,03	318
25925	Soupe aux poireaux et pommes de terre, déshydratée reconstituée	soupes	36,2	0,76	4,93	0,88	1,4	0,73	0,45	292
25928	Soupe à la volaille et aux légumes, déshydratée reconstituée	soupes	27,3	0,99	4,58	0,55	0,44	0,17	0,51	292
25930	Bouillon de boeuf, déshydraté reconstitué	soupes	6,14	0,85	0,36	0	0,15	0,057	0	290
25932	Soupe aux asperges, déshydratée reconstituée	soupes	37,4	0,79	5,38	1,19	1,34	0,63	0,36	303
25933	Soupe à la tomate et aux vermicelles, préemballée à réchauffer	soupes	38	1,2	6,09	2,12	0,77	0,3	1,01	307
25934	Soupe aux céréales et aux légumes, déshydratée reconstituée	soupes	47,8	1,4	6,8	1,2	1,4	0,8	1,2	312
25935	Soupe à la tomate, déshydratée reconstituée	soupes	39,6	0,98	6,45	2,65	0,98	0,54	0,72	278
25936	Soupe aux champignons, déshydratée reconstituée	soupes	37,7	0,66	4,86	0,53	1,67	0,83	0,33	311
25942	Soupe à l'oignon, déshydratée reconstituée	soupes	19,4	0,5	3,36	0,99	0,38	0,14	0,34	318
25945	Soupe au potiron, préemballée à réchauffer	soupes	36,2	0,66	4,48	2,15	1,51	1,01	0,99	256
25947	Bouillon de volaille, déshydraté reconstitué	soupes	7,19	1,23	0,28	0	0,13	0,13	< 0,0001	312
25948	Bouillon de légumes, déshydraté reconstitué	soupes	4,78	0,34	0,51	0,19	0,16	0,14	0	240
25949	Soupe à la tomate et aux vermicelles, déshydratée reconstituée	soupes	27,7	0,8	5,36	1,38	0,29	0,073	0,33	271
25950	Soupe à la volaille et aux vermicelles, déshydratée reconstituée	soupes	21,2	0,78	3,85	0,56	0,24	0,096	0,32	272
25953	Soupe au pistou, préemballée à réchauffer	soupes	52,6	1,88	3,94	1,28	2,8	0,55	2,06	260
25954	Soupe au potiron, déshydratée reconstituée	soupes	36,1	0,72	4,95	2	1,32	0,74	0,81	279
25955	Soupe asiatique, avec pâtes, préemballée à réchauffer	soupes	33,5	1,3	4,06	0,59	1,23	0,2	0,52	360
25956	Soupe minestrone, déshydratée reconstituée	soupes	32,4	1,11	5,56	1,25	0,44	0,029	1,01	281
25957	Soupe au cresson, déshydratée reconstituée	soupes	25,1	0,42	3,95	0,31	0,8	0,42	0,19	308
25958	Soupe au cresson, préemballée à réchauffer	soupes	34	1	5,4	0,9	0,8	0,5	0,6	310
25962	Soupe aux légumes avec fromage, préemballée à réchauffer	soupes	46,3	1,26	4,77	1,57	2,26	1,3	0,92	268
25963	Soupe aux légumes verts, préemballée à réchauffer	soupes	35	1,13	3,96	1,06	1,38	0,71	1,16	280
25964	Soupe aux légumes verts, déshydratée reconstituée	soupes	32	0,63	4,84	0,62	1,05	0,57	0,48	264
25965	Soupe aux pois cassés, préemballée à réchauffer	soupes	48,8	2,47	5,69	0,81	1,47	0,33	1,47	279
25967	Soupe froide type gaspacho ou gazpacho, préemballée	soupes	40,2	0,81	3,21	2,7	2,33	0,38	1,07	293
25968	Soupe aux asperges, préemballée à réchauffer	soupes	57,6	1,54	3,8	1,02	3,8	2,29	1,05	-
25969	Soupe (aliment moyen)	soupes	39,5	1,42	4,81	1,61	1,42	0,6	0,94	291
25972	Soupe miso, déshydratée reconstituée	soupes	16,5	1,24	2,37	0,86	0,34	0,05	0,098	438
25973	Soupe aux légumes et aux vermicelles, déshydratée reconstituée	soupes	35,6	0,8	6,19	1,07	0,77	0,33	0,33	-
25974	Soupe aux légumes et aux vermicelles, préemballée à réchauffer	soupes	37	1,07	5,4	1,76	1,01	0,43	1,01	-
25975	Soupe au boeuf et aux vermicelles, déshydratée reconstituée	soupes	22,6	0,87	4,29	0,67	0,15	0,014	0,28	-
25976	Soupe asiatique, avec poulet et pâtes, préemballée à réchauffer	soupes	67,6	3,96	6,3	1,61	2,75	2,03	0,94	-
1033	Nuggets ou croquette panée de poulet (contenant du soja), préemballé	plats composés	220	13,4	16,7	1,74	10,3	1,8	2	545
8601	Tripes à la mode de Caen (estomac et pied de boeuf, carottes…), préemballées	plats composés	120	20,4	0,5	traces	3,68	2	1,5	423
8612	Tripes à la tomate ou à la provençale, préemballées	plats composés	100	17,5	0,55	< 0,4	3,13	1,68	traces	551
25001	Blanquette de veau, préemballée	plats composés	113	15,4	3,1	0,3	4	2,03	0,8	295
25033	Boeuf bourguignon, préemballé	plats composés	84,3	10,3	4,17	2	2,61	0,88	1,5	354
25035	Sauté d'agneau au curry, préemballé	plats composés	-	10,5	-	-	13,9	6,7	1	284
25058	Canard en sauce (poivre vert, chasseur, etc.), préemballé	plats composés	145	9,55	10,2	-	7,3	-	traces	-
25063	Lapin à la moutarde, préemballé	plats composés	108	14,9	0,5	0,5	5	2,1	0,8	480
25089	Cordon bleu de volaille, préemballé	plats composés	226	14	14,6	2,2	12,2	3,2	0,78	683
25121	Coq au vin	plats composés	133	13	4	1	7	1	1	300
25125	Paupiette de veau	plats composés	181	14,6	4,67	2,4	11,3	4,58	0,69	367
25126	Paupiette de volaille	plats composés	163	17,4	8,8	-	6,19	2,44	1,17	251
25163	Boulettes au boeuf, cuites	plats composés	217	18,5	5,65	2	13,3	4,8	0,63	452
25172	Viande en sauce (aliment moyen)	plats composés	109	11,7	4,23	1,9	4,7	1,82	1,22	366
25173	Escalope panée, viennoise ou milanaise, veau, cuite	plats composés	271	22,9	12,6	0,49	14,1	2,42	0,94	394
25174	Poulet au curry et au lait de coco, préemballé	plats composés	125	10,6	4,07	1,9	6,9	3,03	1,1	427
25186	Boulettes au porc et au boeuf (à la suédoise), préemballées, crues	plats composés	254	17,4	4,8	1,5	18,2	7,5	0,8	-
25194	Boulettes au boeuf et à l'agneau (type kefta), préemballées, crues	plats composés	220	14,9	9,7	5	13,3	6,8	0,8	-
25200	Palette à la diable, préemballée	plats composés	102	13	1	1	4,5	1,5	2,5	917
25201	Langue de boeuf sauce madère, préemballée	plats composés	180	9,5	4,5	2,5	13,5	6	1	430
25207	Porc au caramel, préemballé	plats composés	136	10	11,4	7,9	5,4	1,58	0,7	536
25211	Boulettes au boeuf, à la sauce tomate, préemballées	plats composés	117	9	5,5	-	6,5	-	traces	-
25213	Paupiette de veau, préemballée, rôtie/cuite au four	plats composés	276	22	0,48	0,3	20,5	8,19	0,9	428
25221	Boulettes au boeuf et à l'agneau (type kefta), préemballées, cuites	plats composés	235	15,7	7,5	1,2	15,7	5,81	0	413
25222	Boulettes au porc et au boeuf (à la suédoise), préemballées, cuites	plats composés	258	14,4	7,7	0,8	18,6	6,99	0	603
25504	Brochette de volaille, crue	plats composés	-	18	0,8	0	-	2	0	114
25505	Brochette de boeuf, crue	plats composés	-	20	0	0	-	2,2	0	50
25506	Brochette mixte de viande	plats composés	208	19,7	1,02	1,01	13,8	2,51	0,33	247
25512	Nuggets ou croquette panée de volaille, préemballé	plats composés	247	13,1	18	0,2	13,2	2,42	1,7	676
25538	Carpaccio de boeuf, avec marinade (huile, herbes, fromage), fait maison	plats composés	271	15,2	0,55	0,5	23	7,38	0,36	437
25541	Brochette d'agneau	plats composés	137	13,2	2,54	1,57	7,93	3,03	1,29	161
25565	Yakitori (brochettes japonaises grillées en sauce)	plats composés	172	26	9,3	6,6	3,3	1,2	0,6	475
25566	Brochette de porc, crue	plats composés	131	15,6	2,1	1,1	6,5	2,4	1	324
25585	Brochette de boeuf, cuite	plats composés	136	21,9	0,33	-	5,2	1,8	< 3	345
25586	Brochette de volaille, cuite	plats composés	134	23,1	1,39	-	4	1,02	< 3	299
36027	Nuggets ou croquette panée de poulet, préemballé	plats composés	250	15,6	19,4	1,3	11,6	2,68	2,4	547
36035	Poulet, manchons marinés, préemballés, rôtis/cuits au four	plats composés	213	22,4	2,1	0,6	12,6	3,16	0,9	674
36036	Escalope panée, viennoise ou milanaise, poulet, cuite	plats composés	339	7,25	21,7	1,9	24	5,28	3,4	504
36318	Escalope panée, viennoise ou milanaise, dinde, cuite	plats composés	211	14,1	13,5	1,07	10,9	1,53	1,3	356
25009	Hachis parmentier à la viande, préemballé	plats composés	138	5,99	9,39	1,47	8,22	4,7	1,43	322
25029	Couscous au mouton	plats composés	149	8,31	12,2	1,38	7,2	-	1,3	322
25043	Couscous à la viande ou au poulet, allégé en matière grasse, préemballé,	plats composés	90,7	5,9	11,5	2,1	1,9	0,4	2	300
25057	Poêlée de pommes de terre préfrites, lardons ou poulet, et autres, sans légumes verts, préemballée	plats composés	171	3,2	17	1,7	9,6	2,9	2,1	260
25127	Couscous royal (avec plusieurs viandes), préemballé	plats composés	132	7,69	14	1,57	4,53	1,54	2,1	345
25138	Couscous au poulet	plats composés	130	7,5	15,6	2,87	3,85	1,17	1,47	307
25152	Couscous à la viande, préemballé	plats composés	128	7,59	12,5	1,97	4,73	1,24	2,53	313
25195	Parmentier de canard, préemballé, à cuire	plats composés	146	6,82	8,51	1,96	9,06	4,5	1,55	310
25587	Parmentier de canard, préemballé, cuit	plats composés	168	7	10,5	1,7	10,2	4,7	1,2	296
25002	Cassoulet, appertisé	plats composés	129	8,06	9,41	1,06	5,77	2,07	3,55	388
25003	Choucroute garnie, préemballée	plats composés	109	5,06	2,8	0,66	8,06	3,22	2,71	552
25010	Petit salé ou saucisse aux lentilles, préemballé	plats composés	118	8,24	8,89	1,51	4,87	1,89	2,83	384
25013	Pot-au-feu, préemballé	plats composés	77,5	10,9	3,2	1,5	2,02	0,82	1,5	130
25065	Boeuf aux carottes, préemballé	plats composés	95	13,2	2,91	-	3,15	1,21	1,1	231
25071	Potée auvergnate (chou et porc)	plats composés	115	7,28	4,85	1,23	6,9	2,46	2,1	293
25098	Cassoulet au porc, appertisé	plats composés	132	8,3	8,6	1,8	6,3	2,2	4	500
25099	Cassoulet au canard ou oie, appertisé	plats composés	161	10,5	10,1	1,09	7,86	2,43	3,86	416
25103	Tomate farcie, préemballée	plats composés	127	6	2,95	1,38	9,67	3,24	2,1	280
25106	Chou farci, préemballé	plats composés	94,9	5,3	2	2	6,6	-	3,13	350
25111	Chili con carne, préemballé	plats composés	118	7,13	13	2,58	3,35	1,13	3,56	371
25123	Moussaka, préemballée	plats composés	147	5,82	5,16	3,01	10,8	3,37	2,84	393
25124	Navarin d'agneau aux légumes	plats composés	135	9,72	3,85	1,29	8,61	4,82	1,53	143
25159	Tajine de mouton, préemballé	plats composés	131	12,8	4,5	2,4	6,83	2,73	< 1	394
25164	Osso buco de veau à la milanaise (jarret de porc , légumes, vin blanc)	plats composés	102	12,5	3,5	1,1	4,06	0,8	0,6	586
25175	Meloukhia, plat à base de boeuf et corète, fait maison	plats composés	189	10,6	1,2	1,2	14,7	-	4,7	373
25190	Poulet basquaise, préemballé	plats composés	107	9,3	2,5	2	6,4	1,7	1,3	355
25204	Tajine de poulet, préemballé	plats composés	127	7,54	14,4	6,8	3,7	0,4	3	466
25205	Chop suey (porc ou poulet, légumes), préemballé	plats composés	78,2	5	7,8	-	3	-	traces	-
25511	Légumes farcis (sauf tomate)	plats composés	91,9	4,71	3,6	2,55	6,22	1,82	1,34	305
10082	Moules marinières (oignons et vin blanc), préemballées	plats composés	91,9	10,3	7,43	1,05	2,24	0,99	0,53	345
10083	Moules farcies (matière grasse, persillade…), préemballées, crues	plats composés	283	9,56	4,2	0,3	24,8	16,6	1,5	430
24998	Poisson blanc en sauce, préemballé (aliment moyen)	plats composés	147	13,2	4,67	1,6	8,1	1,85	1,14	446
25037	Gratin ou cassolette de poisson et / ou fruits de mer, préemballé, cru	plats composés	105	6,13	8,39	2,48	5,1	3,18	0,5	328
25038	Gratin ou cassolette de poisson et / ou fruits de mer, préemballé, cuit	plats composés	117	6,69	5,28	1,6	7,5	4,82	0,7	366
25077	Saumon sauce à l'oseille, préemballé	plats composés	157	9,5	8,23	0,5	9,5	4	0,5	235
25086	Poisson blanc à la bordelaise (chapelure, huile…), préemballé	plats composés	176	14,8	5,3	1,25	10,4	2,3	1	513
25128	Poisson blanc à la provençale ou niçoise (sauce tomate), préemballé	plats composés	73,4	9,31	3,1	2,5	2,3	0,69	1,5	280
25140	Poisson blanc à la florentine (sauce aux épinards), préemballé	plats composés	96	12	2	2	4	2,5	2	232
25141	Poisson blanc à la marinière (sauce aux oignons, vin blanc, moules), préemballé	plats composés	80	11,5	2,2	-	2,8	-	traces	-
25142	Poisson blanc à la sauce moutarde, préemballé	plats composés	90,8	9,2	5,4	-	3,6	-	0	-
25143	Poisson blanc à la parisienne (sauce aux champignons), préemballé	plats composés	81,5	9	3	1,5	3,5	2,02	1	233
25145	Poisson blanc à l'estragon, préemballé	plats composés	77,2	8,8	4,2	-	2,8	-	0	-
25146	Poisson blanc sauce oseille, préemballé	plats composés	111	11,8	3	2	5,5	3,31	1	350
25210	Saumon farci, préemballé	plats composés	227	18,8	0,4	0,4	16,2	3,8	2,4	-
25539	Brochette de poisson	plats composés	127	18	0,86	0,85	5,71	0,98	0,29	223
25540	Brochette de crevettes	plats composés	140	16,4	1,6	0,81	7,38	0,93	0,7	384
26140	Poisson cuit (aliment moyen)	plats composés	142	22,5	0,32	traces	5,62	1,18	0	98,4
26249	Poisson blanc, cuit (aliment moyen)	plats composés	114	22	0,32	traces	2,74	0,58	0	113
25031	Paëlla, préemballée	plats composés	148	7,86	17,1	1,2	4,9	1,28	1,85	343
25107	Couscous au poisson	plats composés	105	7,5	14,2	1,7	1,6	0,2	1,7	337
25154	Gratin de poisson et purée ou brandade aux pommes de terre ou parmentier de poisson, préemballé	plats composés	117	6,39	8,57	1,62	6,15	3,68	1,1	323
25242	Paëlla (poulet fruit de mer, chorizo, colin), fait maison	plats composés	135	6,38	22	1	2,2	0,76	0,8	511
25456	Sushi ou maki aux produits de la mer	plats composés	171	6,69	26,9	4,93	3,7	0,6	0,9	218
8296	Terrine ou mousse de légumes, premballée	plats composés	140	6,67	5,5	1,33	9,56	3,59	2,55	578
8297	Flan de légumes aux oeufs	plats composés	210	5,38	4,13	2,06	18,6	10,8	2,3	354
20194	Haricots blancs à la sauce tomate, appertisés	plats composés	80,5	4,83	11,7	3	0,5	0,16	5	340
20240	Piperade basquaise, préemballée	plats composés	67,8	1,1	5,38	4,9	3,8	2	3,4	300
20262	Poêlée de légumes assaisonnés sans champignon, surgelée, crue	plats composés	50,4	2,6	5	1,5	1,5	0,4	3,6	500
20273	Poêlée de légumes assaisonnés à l'asiatiques ou wok de légumes, surgelée, crue	plats composés	73,5	1,75	4	3,25	5	0,5	2,75	73
20274	Poêlée de légumes assaisonnés grillée, méridionale ou méditerranéenne, surgelée, crue	plats composés	48	1,61	4,33	2,66	1,77	0,15	4,14	167
20498	"Poêlée de légumes assaisonnés aux champignons (""champêtre""), surgelée"	plats composés	31,5	1,5	4	1,5	0,5	0,031	2,5	203
25018	Ratatouille cuisinée, préemballée	plats composés	57,1	1,22	4,97	3,91	3,15	0,47	2,03	369
25026	Épinard à la crème, préemballé	plats composés	57,3	2,5	4,1	1,19	2,9	1,82	1,9	287
25052	Gratin d'aubergine, préemballé	plats composés	105	1,5	5,5	3,5	8	1	2,5	172
25056	Gratin dauphinois, préemballé	plats composés	113	3,38	14,5	2,08	4,2	2,67	1,5	325
25073	Endive au jambon, préemballée	plats composés	109	7,44	4,71	1,98	6,3	3,77	1,5	259
25101	Gratin de chou-fleur, préemballé	plats composés	86,3	3	3,3	0,88	6,5	4	1,3	420
25162	Gratin de légumes, préemballé	plats composés	106	3,44	6,91	3,42	6,7	3,41	1,7	228
25196	Riste d'aubergines (aubergines, tomates, oignons), préemballée	plats composés	145	1,05	10,6	5,2	10,4	2	2,6	470
25199	Palet ou galette de légumes, préfrit, surgelé	plats composés	101	2,33	8,67	3	5,67	1,33	3	303
25208	Palet ou galette de légumes, préfrit, surgelé, cuit	plats composés	105	3,31	8,45	3	5,7	0,64	2,6	301
25220	Choucroute cuisinée aux lardons, sans garniture, égouttée, cuite	plats composés	75,5	1,38	< 0,1	< 0,2	6,6	2,02	4,5	505
25238	Gratin de légumes, fait maison	plats composés	107	3,15	3,59	1,95	8,51	2,49	1,7	199
25524	Tomate à la provençale, fait maison	plats composés	75,7	1,65	6,55	2,71	4,32	0,94	2	188
25556	Beignet de légumes	plats composés	140	4	12,1	4,5	8	0,91	2	214
25571	Falafel ou boulette de pois-chiche et/ou fève, vente à emporter	plats composés	252	8,25	18,7	1,4	14,4	1,5	7,7	640
25588	Gratin de légumes en sauce blanche type béchamel, préemballé, cuit	plats composés	105	3,64	6,74	3,2	6,5	3,48	1	255
25590	Falafel ou boulette de pois-chiche et/ou fève, préemballé	plats composés	211	7,38	17,7	3,57	10,8	1,28	6	347
9082	Blé dur précuit, cuisiné, en sachet micro-ondable	plats composés	188	4,86	29,6	2,21	4,84	1,11	2,58	463
9085	Nouilles asiatiques cuisinées (boeuf, poulet, légumes…) non instantanées	plats composés	140	4,78	18,8	2	4,3	0,5	2,8	470
25019	Ravioli au boeuf, sauce tomate, appertisé	plats composés	95,3	4,22	12,5	2,23	2,83	1,14	1,41	382
25081	Lasagnes ou canellonis à la viande (bolognaise), préemballés	plats composés	134	6,29	13,5	2,84	5,72	2,55	1,91	385
25085	Pâtes à la bolognaise (spaghetti, tagliatelles…), préemballées	plats composés	116	5,32	13,6	2,64	4,07	1,42	1,9	329
25088	Riz cantonais, préemballé	plats composés	164	5,46	23,6	1,28	4,94	0,75	1,74	361
25110	Ravioli chinois à la vapeur à la crevette, cuit	plats composés	172	5,5	23,2	1,1	5,5	1,55	3,6	383
25122	Gratin de pâtes au jambon, préemballé	plats composés	179	7,06	16,4	2,19	9,2	4,85	1	340
25131	Lasagnes ou cannellonis aux légumes, préemballées, cuits	plats composés	120	4,38	10,1	3,68	5,9	1,91	2,25	238
25135	Pâtes à la carbonara (spaghetti, tagliatelles…), préemballées	plats composés	161	5,91	14,2	1,79	8,7	4,34	1,18	347
25139	Lasagnes ou cannellonis au poisson, préemballées	plats composés	148	7,28	13	2,03	7,1	2,5	1,68	403
25149	Pâtes fraîches farcies (ex : raviolis, tortellinis, ravioles du Dauphiné), au fromage, préemballées, cuites	plats composés	226	10	26,8	4,4	8,3	4,64	1,9	317
25150	Couscous de légumes, préemballé	plats composés	108	4,32	16,4	2,54	2,25	0,8	2,24	274
25155	Pâtes fraîches farcies (ex : raviolis, tortellinis), au fromage et aux légumes, préemballées, cuites	plats composés	219	7,94	27,8	3,53	7,5	2,36	3,4	420
25157	Pâtes fraîches farcies (ex : raviolis, tortellinis), au boeuf (ex : bolognaise), préemballées, crues	plats composés	265	11,4	40,3	3,91	5,79	2,45	3,15	512
25158	Pâtes fraîches farcies (ex : raviolis, tortellinis), au boeuf (ex : bolognaise), préemballées, cuites	plats composés	174	6,94	25,1	1	4,65	1,65	2,15	206
25181	Pâtes fraîches farcies (ex : raviolis, tortellinis, ravioles du Dauphiné), au fromage, préemballées, crues	plats composés	268	11,3	37,3	3,83	7,69	4,28	2,23	458
25182	Pâtes fraîches farcies (ex : raviolis, tortellinis), au fromage et aux légumes, préemballées, crues	plats composés	262	9,98	41,4	3,46	5,69	2,74	2,87	422
25183	Nouilles aux crevettes, préemballées, sautées/poêlées	plats composés	104	4,88	12,6	1,7	3,4	1,16	1,6	334
25187	Risotto, aux légumes, préemballé	plats composés	120	2,74	18,4	0,85	3,8	2	< 0,5	304
25188	Risotto, aux fruits de mer, préemballé	plats composés	130	5,47	12,5	2,02	6,07	2,92	1,15	337
25189	Risotto, aux fromages, préemballé	plats composés	195	5,65	30,9	0,58	5,16	2,49	0,7	328
25192	Ravioli aux légumes, à la sauce tomate, appertisés	plats composés	91,1	2,88	13,5	2,83	2,45	0,48	1,7	300
25193	Pâtes fraîches farcies (ex : raviolis, tortellinis), aux légumes, préemballées, cuites	plats composés	156	5,19	20,9	1,9	4,9	1,93	3,7	195
25198	Pâtes en sauce aux fromages (spaghetti, tagliatelles…), préemballées	plats composés	163	7,17	15,9	5,85	7,4	4,35	1,85	310
25203	Pâtes fraîches farcies (ex : raviolis, tortellinis), aux légumes, préemballées, crues	plats composés	255	9,4	41,4	3,14	5,06	1,74	3,02	339
25216	Pâtes fraîches farcies (ex : raviolis, tortellinis), cuites (aliment moyen)	plats composés	198	7,97	25,6	2,78	6,48	2,88	2,49	281
25217	Feuille de vigne farcie au riz ou dolmas, égouttée, préemballée	plats composés	150	2,5	18,6	0,8	6,5	0,85	2,6	534
25219	Lasagnes ou cannellonis aux légumes et au fromage de chèvre, préemballés, cuits	plats composés	179	7	14	2,3	10,2	5,23	1,4	340
25243	Nouilles asiatiques instantanées, aromatisées, cuites	plats composés	164	3,75	21,1	-	6,9	3,16	1	93,6
25635	Lasagnes ou cannellonis au fromage et aux épinards, préemballés	plats composés	133	6,1	11,4	3,5	6,6	3,1	1,87	397
4041	Aligot (purée de pomme de terre à la tomme fraîche), préemballé	plats composés	195	8,06	9,5	0,57	13,3	8,25	1,3	398
19437	Fromage de chèvre pané à dorer, préemballé	plats composés	-	12,9	15	3,5	19,2	9,99	-	507
25020	Soufflé au fromage	plats composés	185	10,9	4,75	2,15	13,4	8,15	1,15	391
25137	Tartiflette (pommes de terre, reblochon, lardons…), préemballée	plats composés	161	6	13,5	1,25	8,9	4,47	0,8	300
25437	Gougère	plats composés	399	16,2	22,7	0,56	26,6	16	1,9	453
25509	Préparation à base de fromage(s) pour fondue savoyarde, préemballée	plats composés	237	14,9	3,4	0,61	17,1	11,8	0,2	575
25546	Fromage pané au jambon, préemballé	plats composés	262	17,4	15,3	1,5	14,6	7,15	< 1	929
20914	Galette ou pavé au soja	plats composés	252	15,5	8,5	2,1	14,7	0,65	8,8	700
25223	Bouchées ou émincé végétal au soja et blé (convient aux véganes ou végétaliens), préemballé	plats composés	157	19,5	6,76	2,57	3,7	0,66	4,86	670
25224	Bouchées ou émincé au soja et blé (ne convient pas aux véganes ou végétaliens), préemballé	plats composés	185	17,6	8,19	2,07	7	0,55	5,24	494
25225	Nuggets ou croquette panée de blé (sans soja), préemballé	plats composés	284	12,6	22,4	1,33	14,9	1,48	2,55	269
25226	Nuggets ou croquette panée de soja et blé (ne convient pas aux véganes ou végétaliens), préemballé	plats composés	253	14,1	18,5	3,17	12,6	1,34	4,18	472
25227	Nuggets ou croquette panée de soja et blé (convient aux véganes ou végétaliens), préemballé	plats composés	251	15,5	19,7	1,75	10,9	1,14	5,38	556
25228	Pané soja et blé (ne convient pas aux véganes ou végétaliens)	plats composés	260	14,4	16,8	1,28	13,9	1,45	4,39	411
25229	Bâtonnet pané soja et blé (convient aux véganes ou végétaliens), préemballée	plats composés	245	16,9	18,8	traces	10	1,1	5,41	452
25230	Pané soja, blé et fromage, type cordon bleu, préemballé	plats composés	247	15,2	15,1	2,05	13,1	3,02	3,28	601
25231	Ravioli au tofu, à la sauce tomate, préemballés	plats composés	91,7	3,13	12,5	3,14	2,7	0,41	2,1	322
25233	Galette de céréales au fromage (sans soja), préemballée	plats composés	241	7	27,8	2,86	10,3	2,56	4,3	398
25234	Galette de céréales aux légumes (sans soja), préemballée	plats composés	211	5,31	28	3,66	7,6	0,89	4,4	411
25589	Boulette végétale au soja et/ou blé, préemballée	plats composés	211	17,6	7,98	3,47	10,6	1,11	5,45	605
25591	Galette ou pavé aux lentilles, soja et légumes, préemballé	plats composés	170	9,71	16,7	2,77	5,6	0,75	4,76	338
25592	Galette ou pavé au blé (seitan) et légumes, préemballé	plats composés	208	12,5	20,8	3,97	7,1	0,73	3,1	398
25593	Galette ou pavé au blé et soja (convient aux véganes ou végétaliens), préemballé	plats composés	215	16	8,15	1,87	11	1,04	6,03	519
25594	Galette ou pavé au blé et soja (ne convient pas aux véganes ou végétaliens), préemballé	plats composés	201	10,2	13,3	2,62	10,2	1,07	5,36	454
25595	Galette ou pavé au soja et fromage, préemballé	plats composés	204	16,8	6,08	0,75	12	4,63	1,8	427
25596	Galette ou pavé au soja et légumes, préemballé	plats composés	175	13,1	8,36	3,45	8,1	1,04	4,97	372
25597	Galette ou pavé au soja, fromage et légumes, préemballé	plats composés	180	15,1	7,72	2,03	9,1	2,36	2,83	389
30181	Haché végétal à base de soja, préemballé	plats composés	143	11,5	7,01	4,19	5,8	0,64	5,23	312
25404	Pizza au fromage ou pizza margherita, préemballée	pizzas, tartes et crêpes salées	224	8,55	29,6	3,43	7,41	3,14	2,27	493
25405	Quiche lorraine, préemballée	pizzas, tartes et crêpes salées	269	8,39	21,5	2	16,4	9,19	1,39	500
25409	Crêpe ou galette béchamel et jambon, préemballée	pizzas, tartes et crêpes salées	199	7,5	24,3	2,5	8	3,04	traces	-
25410	Crêpe ou galette béchamel, jambon et fromage, préemballée	pizzas, tartes et crêpes salées	179	9,83	16,3	1,01	7,9	4,48	1,77	454
25411	Crêpe ou galette béchamel et champignon, préemballée, surgelée	pizzas, tartes et crêpes salées	144	4,5	20	3	5	0,5	0,5	323
25417	Tarte aux légumes, préemballée	pizzas, tartes et crêpes salées	216	5	21,8	3,2	11,7	6	1,7	392
25435	Pizza jambon fromage, préemballée	pizzas, tartes et crêpes salées	228	10,7	26,2	3,7	8,49	3,93	1,95	560
25444	Tarte au fromage, préemballée	pizzas, tartes et crêpes salées	271	9,44	20	1,64	16,7	10,4	1,57	427
25454	Tarte à la provençale, préemballée	pizzas, tartes et crêpes salées	224	5,34	21,8	4	12,5	6,92	1,8	293
25457	Pizza à la viande, type bolognaise, préemballée	pizzas, tartes et crêpes salées	214	9,7	27	3,38	7,03	3,02	2,1	534
25459	Burritos au boeuf	pizzas, tartes et crêpes salées	170	8	14,3	1,9	8,5	4,33	1,9	299
25460	Fajita au poulet, préparé maison avec un kit	pizzas, tartes et crêpes salées	158	12,7	16	2,2	4,5	1,96	1,4	357
25462	Pizza au chorizo ou salami, préemballée	pizzas, tartes et crêpes salées	236	9,88	24,7	3,57	10,4	4,23	2,09	608
25463	Pizza aux fruits de mer, préemballée	pizzas, tartes et crêpes salées	215	9,67	25,2	4,58	8,02	2,98	1,8	500
25464	Pizza au saumon, préemballée	pizzas, tartes et crêpes salées	232	9,28	26	4,2	9,72	4,43	1,86	492
25468	Pizza au chèvre et lardons, préemballée	pizzas, tartes et crêpes salées	253	10,3	26,5	6,2	11,5	6,55	1,35	530
25472	Pizza aux légumes ou pizza 4 saisons, préemballée	pizzas, tartes et crêpes salées	206	7,58	25,1	4	7,78	2,78	2,43	439
25477	Pizza champignons fromage, préemballée	pizzas, tartes et crêpes salées	213	8	24,2	2	8,93	3,3	1,8	450
25478	Pizza aux fromages, préemballée	pizzas, tartes et crêpes salées	269	11,2	30,5	3,63	10,7	5,65	2,06	444
25516	Pizza (aliment moyen)	pizzas, tartes et crêpes salées	234	10	27,4	3,64	8,88	4,06	2,12	494
25528	Pissaladière, préemballée	pizzas, tartes et crêpes salées	265	4,8	26,3	6,8	15,1	5,8	2,5	-
25529	Tarte à l'oignon, préemballée	pizzas, tartes et crêpes salées	280	7	23,5	5,63	17,2	7,5	1,9	367
25548	Pizza jambon fromage champignons ou pizza royale, reine ou regina, préemballée	pizzas, tartes et crêpes salées	208	9,5	25,9	3,44	6,89	2,95	2,23	524
25549	Crêpe ou galette béchamel et fromage, préemballée	pizzas, tartes et crêpes salées	150	6,5	17	3,08	6	2	1	378
25550	Flammenkueche ou tarte flambée aux lardons, préemballée	pizzas, tartes et crêpes salées	300	8,81	31,8	4,15	14,8	6,27	1,7	654
25552	Crêpe ou galette béchamel, jambon et fromage et champignon, préemballée	pizzas, tartes et crêpes salées	144	6,56	14,7	2,23	6,3	1,91	1,11	260
25553	Tarte ou tourte aux poireaux, préemballée	pizzas, tartes et crêpes salées	229	5,29	20,9	2,27	13,3	7,96	2,12	381
25555	Tarte au saumon, préemballée	pizzas, tartes et crêpes salées	251	8,41	24,2	2,81	13,2	7,51	0,9	333
25560	Tourte au riesling (porc, riesling, champignons), préemballée	pizzas, tartes et crêpes salées	251	10,2	23,7	2,25	12,6	6,2	1,2	-
25561	Tarte à la tomate, préemballée	pizzas, tartes et crêpes salées	225	6	23,4	4,75	11,6	6,7	1,65	318
25562	Crêpe ou galette complète (oeuf, jambon, fromage), préemballée	pizzas, tartes et crêpes salées	219	15,3	15,2	1,1	9,8	6,29	4,5	445
25564	Tarte aux noix de Saint-Jacques, préemballée	pizzas, tartes et crêpes salées	222	7,2	21,7	2,33	11,5	5,93	1,35	449
25568	Pastilla au poulet, préemballée	pizzas, tartes et crêpes salées	218	12,3	14,1	3,85	12,2	1,75	1,5	595
25570	Pizza aux lardons, oignons et fromage, préemballée	pizzas, tartes et crêpes salées	236	8,16	28,3	3,66	9,59	4,47	1,93	570
25572	Crêpe ou galette aux noix de Saint-Jacques, préemballée	pizzas, tartes et crêpes salées	144	6,1	15,5	2,3	6,2	3,3	1	-
25573	Tarte ou quiche salée (aliment moyen)	pizzas, tartes et crêpes salées	268	8,04	24,3	3,05	15,1	7,87	1,55	501
25581	Crêpe ou galette béchamel et champignon, préemballée, cuite	pizzas, tartes et crêpes salées	172	5,5	18,5	3,16	7,7	2,48	3,4	304
25623	Tarte au maroilles ou flamiche au maroilles, préemballée	pizzas, tartes et crêpes salées	318	14	23	2,8	18,3	12,8	2,5	-
25625	Crêpe ou galette au poisson et / ou fruits de mer, préemballée	pizzas, tartes et crêpes salées	190	7	15	3	11	7,5	1,5	472
25649	Crêpe ou galette chèvre, lardon, préemballée	pizzas, tartes et crêpes salées	196	8,08	16,3	1,13	10,6	5,68	1,63	-
25671	Pizza au chèvre, préemballée	pizzas, tartes et crêpes salées	241	9,95	27,1	4,63	9,86	5,2	2,2	-
26256	Ficelle picarde, préemballée	pizzas, tartes et crêpes salées	151	8,6	11,9	2,7	7,5	2,8	0,6	-
26267	Tarte épinard chèvre, préemballée	pizzas, tartes et crêpes salées	233	6,69	21,3	2,54	13,1	8,44	1,48	393
26268	Tielle sétoise, préemballée	pizzas, tartes et crêpes salées	285	8,5	29,4	5,6	14,4	1,5	1,8	610
26270	Pizza au thon, préemballée	pizzas, tartes et crêpes salées	235	10,2	23,7	3,57	10,6	2,88	2,15	397
26271	Pizza kebab, préemballée	pizzas, tartes et crêpes salées	211	9,4	26,6	3,04	7,01	3,5	1,85	549
26272	Pizza au poulet, préemballée	pizzas, tartes et crêpes salées	211	9,88	28,2	4,12	6,09	2,36	2,07	462
26273	Pizza type raclette ou tartiflette, préemballée	pizzas, tartes et crêpes salées	246	9,66	27,3	3,16	10,4	5,39	1,9	603
26274	Pizza au speck ou jambon cru, préemballée	pizzas, tartes et crêpes salées	234	10,9	27,4	3,3	8,53	4,07	2,17	767
7811	Focaccia, garnie	sandwichs	233	8	29,5	4,25	8,75	1,75	2,25	585
7812	Fougasse, garnie	sandwichs	320	9,53	42,1	1,6	11,8	2,74	3,2	711
25400	Croque-monsieur, jambon, fromage et beurre, fait maison	sandwichs	-	14,3	-	-	18,4	-	-	686
25403	Hot-dog, préemballé	sandwichs	278	10,9	26,3	5,2	13,8	5,18	1,6	676
25413	Hamburger, de restauration rapide	sandwichs	251	13,3	29,5	5,95	8,44	2,82	1,8	492
25414	Cheeseburger, de restauration rapide	sandwichs	290	13,7	22,3	3,94	15,8	4,88	1,4	491
25415	Double cheeseburger, de restauration rapide	sandwichs	290	15,5	19,4	1,28	16,7	6,32	< 1	461
25416	Burger au poisson, de restauration rapide	sandwichs	263	12,2	26,7	3,9	11,5	4,92	1,5	440
25428	Sandwich grec ou kebab, pita, crudités	sandwichs	232	15,2	17	1,1	10,9	4,29	2,3	492
25429	Sandwich grec ou kebab, baguette, crudités	sandwichs	272	15	29,9	3,3	9,8	4,26	2	469
25431	Sandwich baguette, thon crudités mayonnaise, fait maison	sandwichs	275	10,3	32,1	1,4	11,3	2,54	1,78	514
25434	Sandwich panini, jambon cru mozzarella, tomates	sandwichs	237	14,2	25,7	-	8,35	-	1,4	493
25475	Sandwich baguette, jambon, oeuf, crudités, beurre	sandwichs	225	10,1	31,7	2,61	5,98	3,01	1,88	569
25476	Sandwich baguette, poulet crudités mayonnaise, fait maison	sandwichs	263	10,4	34,9	2,67	8,54	1,93	2,21	513
25485	Sandwich baguette, jambon emmental, préemballé	sandwichs	284	12,7	27,9	2	12,9	7,1	3	635
25488	Sandwich baguette, saumon fumé beurre	sandwichs	268	11,5	41,7	2,71	5,6	2,49	2,4	742
25490	Sandwich baguette, thon maïs crudités, préemballé	sandwichs	193	8,87	23,9	2,83	6,03	1,02	3,93	410
25501	Sandwich panini, trois fromages	sandwichs	294	17	25	0,6	14	8,9	-	-
25502	Burger au poulet, de restauration rapide	sandwichs	249	12,7	23,8	2,9	11	1,88	1,2	463
25513	Pan bagnat	sandwichs	205	7,95	27,8	3,2	6,48	0,98	1,98	428
25517	Sandwich baguette, jambon beurre, fait maison	sandwichs	285	11,6	35,1	2,38	10,5	6,16	1,92	723
25518	Sandwich baguette, camembert beurre, fait maison	sandwichs	341	11,9	34,8	2,21	16,7	10,4	1,92	670
25519	Sandwich baguette, pâté cornichons	sandwichs	304	10,1	33,5	2,52	13,9	6,12	1,99	712
25520	Sandwich baguette, saucisson beurre, fait maison	sandwichs	374	13,7	35,2	2,21	19,4	9,41	1,92	1060
25521	Sandwich baguette, jambon emmental beurre	sandwichs	298	13,4	30,2	2,32	13,2	7,62	2,5	628
25522	Sandwich (aliment moyen)	sandwichs	280	12,4	30,3	2,03	11,7	5,34	2,08	619
25523	Toasts ou canapés salés, garnitures diverses, préemballés	sandwichs	251	9,09	22,4	5,6	13,3	7,11	2,8	445
25530	Sandwich baguette, crudités diverses mayonnaise	sandwichs	224	6,54	30,6	2,72	7,9	1,69	2,18	426
25531	Sandwich baguette, dinde crudités mayonnaise	sandwichs	257	12,4	31,2	2,27	8,82	1,94	1,86	446
25532	Sandwich baguette, oeuf crudités mayonnaise	sandwichs	249	8,52	31,6	2,43	9,47	2,18	1,89	457
25533	Sandwich baguette, porc crudités mayonnaise	sandwichs	272	12	31,2	2,38	10,6	2,61	1,86	449
25535	Sandwich baguette, merguez ketchup moutarde	sandwichs	289	13,1	32,7	2,98	11,4	5,2	1,81	851
25536	Sandwich baguette, salami beurre	sandwichs	381	12,5	33,9	2,04	21,4	9,65	1,82	1070
25542	Croque-madame, fait maison	sandwichs	261	13,7	16,1	1,37	15,5	7,42	1,13	515
25543	Sandwich baguette (aliment moyen)	sandwichs	293	11,7	33,2	2,21	12,1	5,55	2,08	653
25547	Croque-monsieur, préemballé	sandwichs	253	10,6	26,1	2,84	11,4	5,48	1,98	595
25575	Sandwich pain de mie complet, thon crudités, préemballé	sandwichs	207	9,48	24,3	2,8	7,28	0,98	3,2	432
25576	Sandwich pain de mie complet, jambon fromage, préemballé	sandwichs	240	11,2	23,8	2,95	10,5	3,03	2,7	687
25577	Sandwich pain de mie complet, poulet crudités, préemballé	sandwichs	199	8,75	23	3,11	7,4	0,88	3,1	460
25599	Sandwich pain de mie complet, jambon, préemballé	sandwichs	246	10,1	26,3	3,56	10,5	4,43	2,7	706
25632	Sandwich baguette, thon crudités mayonnaise, vente à emporter	sandwichs	232	9,31	28,8	2,27	8,5	0,85	1,8	474
25633	Sandwich baguette, jambon beurre, vente à emporter	sandwichs	254	10,4	38,8	2,07	6	2,69	1,4	599
25634	Sandwich baguette, jambon emmental, vente à emporter	sandwichs	263	12	34,5	2,42	8,2	4,46	1,2	570
25638	Sandwich baguette, poulet crudités mayonnaise, vente à emporter	sandwichs	223	10,3	29,7	2,8	6,7	1,17	1,3	464
25639	Sandwich baguette, saucisson beurre, vente à emporter	sandwichs	293	10,4	36,9	1,93	11,3	5,11	1,2	802
25640	Sandwich baguette, camembert beurre, vente à emporter	sandwichs	303	11,4	32,9	1,26	13,7	7,62	1,4	539
25641	Sandwich pain de mie complet, saucisson ou rosette, préemballé	sandwichs	336	11,9	26,3	2,73	19,5	9,22	3,46	777
25643	Burger au poulet, préemballé	sandwichs	230	12,4	25,2	3,33	8,43	3,57	1,98	-
25644	Cheeseburger, préemballé	sandwichs	265	13,6	22,7	4,55	13	5,24	1,47	380
25645	Sandwich pain de mie complet, bacon crudités, préemballé	sandwichs	257	9,28	25,8	3,16	12,4	2,22	2,58	-
25646	Wrap végétarien fromage crudités	sandwichs	246	9,28	19,5	3,18	13,8	4,68	3,67	-
25647	Wrap poulet crudités	sandwichs	222	9,57	23,6	2,19	9,22	1,68	2,87	-
25648	Wrap jambon crudités	sandwichs	234	8,55	25,2	2,25	10,4	2,38	3,07	-
25650	Sandwich pain de mie complet, thon oeuf crudités, préemballé	sandwichs	196	9,78	23,1	2,68	6,65	1,03	2,64	-
25651	Sandwich pain de mie complet, saumon fumé, préemballé	sandwichs	206	8,63	24,1	2,93	7,69	1,47	2,68	-
25652	Sandwich pain de mie complet, jambon oeuf crudités, préemballé	sandwichs	213	8,97	25,6	2,85	7,65	1,28	3,2	-
25653	Sandwich pain de mie complet, jambon fromage crudités, préemballé	sandwichs	227	9,81	22,9	3,27	9,92	2,87	3,38	550
25654	Sandwich pain de mie complet, jambon crudités, préemballé	sandwichs	197	8,51	22,4	3,38	7,58	1,36	2,66	-
25655	Sandwich pain viennois, jambon oeuf crudités, préemballé	sandwichs	236	9,16	26,6	4,59	9,77	1,37	2,2	-
25656	Sandwich pain viennois, thon oeuf crudités, préemballé	sandwichs	229	9,74	26,6	3,88	8,73	0,96	2,5	-
25657	Sandwich pain viennois, poulet oeuf crudités, préemballé	sandwichs	218	9,94	27	3,92	7,32	0,86	2,33	-
25658	Sandwich pain viennois, poulet crudités, préemballé	sandwichs	234	10,1	26,4	4,16	9,28	1,04	2,2	-
25659	Sandwich pain polaire, poulet crudités, préemballé	sandwichs	218	9,81	28,1	5,14	7,01	0,91	1,9	-
25660	Sandwich pain polaire, saumon, préemballé	sandwichs	238	10,7	27,2	4,65	9,05	2,7	2,25	-
25661	Sandwich pain polaire, jambon fromage, préemballé	sandwichs	266	10,5	27,2	5,31	12,3	6,12	2,27	-
25662	Sandwich pain de mie complet, poulet, préemballé	sandwichs	229	11,2	25,3	3,07	8,5	1,02	3,43	-
25663	Sandwich baguette, poulet crudités, préemballé	sandwichs	216	9	28,2	2,8	7	0,76	2,17	-
7814	Cake salé (garniture : fromage, légumes, viande, poisson, volaille, etc.), préemballé	feuilletées et autres entrées	321	11,6	25,6	2,68	18,4	4,68	2,3	657
25108	Samossa ou samoussa ou brick garni, préemballé, cuit	feuilletées et autres entrées	230	9,33	16,5	2,45	13,7	2,78	1,8	493
25151	Feuilleté ou friand au poisson et/ou fruits de mer, préemballé, à cuire	feuilletées et autres entrées	260	6,55	27,9	4,3	13	9,7	2,9	406
25169	Spécialité chinoise type bouchée à la vapeur, préemballée, cuite	feuilletées et autres entrées	149	5,9	28	3,9	1,4	0,31	0,21	540
25396	Feuilleté ou friand jambon fromage, préemballé	feuilletées et autres entrées	278	8,46	22,7	3,65	16,7	10,8	1,9	512
25398	Feuilleté ou friand au fromage, préemballé, à cuire	feuilletées et autres entrées	283	6,08	26,2	2,92	16,9	9,06	1,18	412
25399	Feuilleté ou friand aux escargots, préemballé	feuilletées et autres entrées	321	6,69	23,1	1,09	22,1	13,2	1,74	491
25401	Feuilleté ou friand au fromage, préemballé, cuit	feuilletées et autres entrées	302	8,25	28,1	3,86	17,1	10,2	1,3	632
25402	Feuilleté ou friand à la viande, préemballé	feuilletées et autres entrées	354	9,59	27,3	1,23	22,6	10,6	1,63	610
25412	Bouchée à la reine, à la viande/volaille/quenelle	feuilletées et autres entrées	296	6,12	24,5	2,6	18,9	9,66	1,65	498
25418	Croissant au jambon fromage, fait maison	feuilletées et autres entrées	264	7,9	24,8	2,6	14,6	8,5	1	500
25419	Rouleau de printemps	feuilletées et autres entrées	103	4,57	16,6	3,6	1,82	0,66	1,2	116
25438	Samoussa ou samossa ou brick garni, fait maison, cuit	feuilletées et autres entrées	187	12,2	8,48	0,72	11,5	2,77	0,59	565
25503	Bouchée à la reine, au poisson et fruits de mer, faite maison	feuilletées et autres entrées	208	6,72	13,7	2,44	13,8	7,41	1,05	451
25508	Feuilleté ou friand jambon fromage, fait maison	feuilletées et autres entrées	338	8,76	29,4	2,94	20,3	10,4	1,37	498
25551	Beignet de viande, volaille ou poisson, fait maison, cuit	feuilletées et autres entrées	238	18,7	10	0,92	13,5	2,88	0,41	285
25557	Brick à l'oeuf, fait maison, cuit	feuilletées et autres entrées	255	10,4	12,3	1,6	18,1	-	0,5	538
25558	Samossa ou samoussa ou brick au boeuf, fait maison, cuit	feuilletées et autres entrées	342	10,4	33,5	3,2	17	-	6,8	1510
25559	Brick à la pomme de terre, fait maison, cuit	feuilletées et autres entrées	215	3,25	19,6	1,5	13,4	-	1,7	400
25578	Feuilleté ou friand salé (aliment moyen)	feuilletées et autres entrées	311	8,43	27,5	2,86	18,2	10,1	1,63	566
25580	Bouchée à la reine, garnie (aliment moyen)	feuilletées et autres entrées	252	6,42	19,1	2,52	16,3	8,53	1,35	475
25582	Nem ou pâté impérial, au poulet, préemballé, cuit	feuilletées et autres entrées	197	8,06	20,9	1,9	8,1	1,25	3,3	477
25583	Nem ou pâté impérial, au porc, préemballé, cuit	feuilletées et autres entrées	237	6,88	22,6	1,9	12,7	3,07	2,4	457
25584	Nem ou pâté impérial, aux crevettes et/ou au crabe, préemballé, cuit	feuilletées et autres entrées	213	7,44	23,7	2,4	9,2	1,13	2,7	480
25674	Nem ou pâté impérial, préemballé, cuit (aliment moyen)	feuilletées et autres entrées	216	7,45	22,4	2,07	10	1,83	2,8	471
26266	Croissant au jambon fromage, préemballé	feuilletées et autres entrées	258	8,92	22	2,77	14,5	8,77	2	510
13004	Avocat, chair sans peau, sans noyau, cru	légumes	203	1,56	traces	0,4	20,6	4,51	3,6	6
13128	Chayote ou christophine ou chouchou, crue	légumes	19,1	0,82	2,8	1,66	0,13	0,028	1,7	2
15029	Graine germée de luzerne, crue	légumes	29,2	3,38	0,81	0,2	0,69	0,069	1,9	6
15030	Graine germée de radis, fraîche, crue	légumes	-	3,23	-	-	2,53	0,77	-	6
20004	Bette ou blette, côte (sans feuille), crue	légumes	12,8	1	1,63	1,2	< 0,5	< 0,01	1,8	-
20009	Carotte, crue	légumes	30,2	0,78	5,16	4,85	< 0,5	< 0,15	2,9	49
20010	Champignon, tout type, cru	légumes	24,3	2,42	2,25	1,74	0,34	0,05	1,63	4,76
20012	Salade ou chicorée frisée, crue	légumes	26	1,7	2,13	0,7	0,3	0,073	4	45
20014	Chou rouge, cru	légumes	26,4	1,13	4,33	3,9	< 0,5	< 0,01	2,8	14
20016	Chou-fleur, cru	légumes	24,9	1,81	2,13	1,7	0,7	0,24	2,2	6
20019	Concombre, chair et peau, cru	légumes	16,8	0,65	2,87	1,67	0,11	0,037	0,5	4,8
20020	Courgette, chair et peau, crue	légumes	16,7	1,21	1,75	1,74	0,32	0,084	1	8
20022	Cresson de fontaine, cru	légumes	15,5	2,3	1,11	0,2	0,1	0,027	0,5	41
20023	Céleri branche, cru	légumes	15,4	0,63	2,41	1,3	< 0,5	< 0,01	2,2	79
20026	Endive, crue	légumes	16,6	1,19	2,83	2,4	< 0,5	< 0,01	1,1	< 5
20028	Fenouil, cru	légumes	18,2	1	2,63	2,2	< 0,5	< 0,01	2,6	22
20031	Laitue, crue	légumes	14,7	1,35	1,22	0,73	0,2	0,022	1,1	8,47
20034	Oignon, cru	légumes	39	1,1	6,25	4,8	0,62	0,2	1,7	39
20038	Pissenlit, cru	légumes	48,5	2,7	6,1	0,71	0,7	0,17	3,5	87,8
20039	Poireau, cru	légumes	30,4	1,5	4,55	3,9	0,3	0,04	1,8	20
20041	Poivron, vert, jaune ou rouge, cru	légumes	22,6	0,8	3,5	1,5	0,27	0,071	1,5	8,4
20044	Potiron, cru	légumes	20,1	1,05	3,5	1,93	0,1	0,051	0,5	1
20045	Radis rouge, cru	légumes	11	0,94	1,53	1,1	< 0,5	< 0,01	1,4	16
20052	Artichaut, cru	légumes	45,4	3,27	4,84	0,99	0,15	0,036	5,4	94
20053	Aubergine, crue	légumes	22,9	0,98	2,7	2,7	0,18	0,034	3	2
20054	Cardon, cru	légumes	13,7	0,7	1,7	1,5	0,1	0,011	1,6	170
20055	Céleri-rave, cru	légumes	26,3	1,38	3,98	1,6	< 0,5	< 0,01	4,5	34
20056	Champignon de Paris ou champignon de couche, cru	légumes	21	2,11	1,83	1,55	0,36	0,067	1	39
20057	Brocoli, cru	légumes	31,9	2,9	2,15	1,7	0,36	0,047	2,6	30
20058	Chou de Bruxelles, cru	légumes	43,9	3,38	4,59	2,2	0,3	0,062	3,8	25
20059	Épinard, cru	légumes	33,3	2,68	3,06	0,46	0,39	0,063	2,6	79,5
20061	Haricot vert, cru	légumes	31,9	1,83	4,14	3,26	0,22	0,05	2,7	6
20064	Navet, pelé, cru	légumes	25,6	0,9	4,39	3,71	0,1	0,011	1,8	67
20065	Chou-rave, cru	légumes	25,1	1,7	2,44	2,44	0,1	0,013	3,6	20
20069	Chou vert, cru	légumes	24,4	1,43	2,74	2,74	0,14	0,023	2,55	20,5
20070	Haricot vert, surgelé, cru	légumes	33,1	1,79	4,76	2,21	0,21	0,047	2,6	3
20072	Petits pois, crus	légumes	81,2	5,42	11,4	5,67	0,4	0,071	5,1	5
20082	Chou-fleur, surgelé, cru	légumes	25,1	2,01	2,5	2,22	0,27	0,041	2,3	24
20083	Epinard, haché ou purée ou en branches, surgelé, cru	légumes	28	3,32	1	0,83	0,54	0,041	2,95	65
20084	Petits pois, surgelés, crus	légumes	77,9	5,86	9,5	3,75	0,4	0,066	6,45	35
20085	Poivron vert, cru	légumes	22,5	0,81	3,43	3	< 0,5	< 0,01	3,2	< 5
20087	Poivron rouge, cru	légumes	33,6	1,06	5,98	4,8	< 0,5	< 0,01	3,2	< 5
20089	Radis noir, cru	légumes	28,2	0,94	5,52	4,3	< 0,3	< 0,01	1,2	23
20090	Scarole, crue	légumes	20,5	1,44	2	0,7	0,23	0,049	2,3	13,7
20091	Betterave rouge, crue	légumes	40,2	1,61	6,34	6,34	0,17	0,027	2,8	78
20097	Échalote, crue	légumes	61,7	1,81	12,2	3,3	< 0,5	< 0,01	2,6	5
20099	Mâche, crue	légumes	15	2	0,5	traces	< 0,5	< 0,01	2,3	< 5
20101	Légumes, mélange surgelé, crus	légumes	65,1	2,26	5,71	2,18	2,65	0,84	4,7	47
20103	Champignon, chanterelle ou girolle, crue	légumes	24,7	1,49	1,77	1,16	0,53	0,5	3,8	9
20105	Champignon, morille, crue	légumes	23,5	3,12	0,1	0,057	0,57	0,065	2,8	21
20106	Champignon, truffe noire, crue	légumes	-	5,77	-	0,7	0,51	0,11	8,5	66
20108	Maïs doux, en épis, surgelé, cru	légumes	97,4	3,36	17	2,74	1,19	0,19	2,65	4
20111	Oseille, crue	légumes	23,4	1,89	1,6	1,54	0,65	0,1	1,8	4
20114	Champignon, pleurote, crue	légumes	26,8	3,31	1,5	1,07	0,41	0,062	2,3	18
20116	Chou blanc, cru	légumes	35,2	1,38	4,63	4,2	0,6	0,27	3,5	13
20119	Tomate verte, crue	légumes	24,8	1,2	4	4	0,2	0,028	1,1	13
20123	Batavia, crue	légumes	14,9	1,25	1,78	1,1	< 0,5	< 0,01	2,1	6
20127	Pourpier, feuille, cru	légumes	-	2,03	-	-	0,36	-	-	45
20128	Courge musquée, chair sans peau, crue	légumes	23,5	0,55	4,6	-	0,1	-	1	-
20132	Potimarron, chair sans peau, cru	légumes	22,1	0,95	3,1	1,69	0,28	0,027	1,7	29,7
20134	Courge hokkaïdo, chair sans peau, crue	légumes	56,1	1,4	9,98	-	0,6	-	2,6	-
20136	Courge melonnette, chair sans peau, crue	légumes	30,8	0,75	5,98	-	0,13	-	1,35	-
20138	Courge butternut (doubeurre), chair sans peau, crue	légumes	30,5	1	5,4	2,2	0,1	0,021	2	4
20139	Courge, crue	légumes	14,4	0,95	1,6	1,6	0,13	0,027	1,5	4
20145	Courge spaghetti, chair sans peau, crue	légumes	32,3	0,64	5,41	2,76	0,57	0,12	1,5	17
20151	Piment, cru	légumes	37,4	1,87	5,75	4,01	0,44	0,042	1,5	9
20159	Champignon, oronge vraie, crue	légumes	-	2	-	1	0,3	0,07	1,7	5
20160	Champignon, cèpe, cru	légumes	28,8	3,23	2	1,28	0,49	0,12	2,12	21
20161	Champignon, rosé des prés, cru	légumes	-	2,3	-	1	0,4	0,1	1,7	5
20162	Chicorée rouge, crue	légumes	18,9	1,4	1,6	1,6	0,1	0,02	3	7
20163	Chicorée verte, crue	légumes	16,1	1,9	0,5	0,5	0,5	0,12	1	16,5
20166	Citrouille, chair sans peau, crue	légumes	29,7	1	5,79	2,76	0,1	0,052	0,5	1
20167	Chou chinois pé-tsaï, cru	légumes	16,4	1,25	2,1	0,82	0,2	0,042	0,73	9
20168	Poivron jaune, cru	légumes	29,4	0,94	4,73	4,3	0,3	0,11	1,2	< 5
20171	Laitue romaine, crue	légumes	17,2	1,23	1,35	1,19	0,3	0,039	2,1	8
20172	Tomate cerise, crue	légumes	31,8	1,31	5,62	4,8	< 0,5	< 0,01	1,2	< 5
20173	Pois mange-tout ou pois gourmand, cru	légumes	43	2,8	6,2	4	0,2	0,039	2,6	4
20181	Panais, cru	légumes	67,9	1,2	12,6	4,8	0,3	0,05	4,9	10
20183	"Graine germée de haricot mungo ou pousse de ""soja"", crue"	légumes	28,3	2,57	3,4	3,4	< 0,5	< 0,0002	1,7	17,1
20192	Tomate côtelée ou coeur de boeuf, crue	légumes	17,4	0,5	3,4	2,98	< 0,5	< 0,01	0,9	< 5
20195	Haricot beurre, cru	légumes	37,6	1,82	5,6	-	0,12	0,026	3,4	6
20197	Salsifis noir, ou scorsonère d'Espagne, cru	légumes	83	3,13	15,3	-	0,3	< 0,1	3,3	4,5
20198	Bambou, pousse, crue	légumes	29,1	2,6	2,57	2,57	0,3	0,069	2,2	4
20199	Cresson alénois, cru	légumes	23,8	2,6	1,22	1,22	0,7	0,023	1,1	14
20200	Laitue iceberg, crue	légumes	17,3	0,95	2,5	1,24	0,14	0,018	1,1	6,5
20201	Rutabaga, cru	légumes	33,2	1,08	5,7	4,46	0,16	0,027	2,3	12
20203	Haricot beurre, surgelé, cru	légumes	33,1	1,8	4,59	2,5	0,21	0,047	2,8	3
20204	Brocoli, surgelé, cru	légumes	26,4	2,78	1,5	1,24	0,42	0,076	2,75	18,5
20206	Chou de Bruxelles, surgelé, cru	légumes	45,2	3,78	4,69	2,35	0,41	0,084	3,8	10
20208	Carotte, surgelée, crue	légumes	33,6	0,78	4,95	4,69	0,46	0,047	3,3	68
20210	Concombre, chair sans peau, cru	légumes	11,1	0,56	2,23	1,8	< 0,5	< 0,01	0,8	< 5
20214	Petits pois et carottes, surgelés, crus	légumes	53	3,4	7,1	3,43	0,47	0,084	3,4	79
20217	Roquette, crue	légumes	27,9	2,58	2,1	2,05	0,66	0,086	1,6	27
20218	Chou frisé, cru	légumes	49,5	4,28	4,2	2,26	0,93	0,091	3,6	38
20228	Champignon de Paris ou champignon de couche, surgelé, cru	légumes	16,1	1,87	0,93	0,25	0,2	0,1	1,97	5
20230	Courgette, chair et peau, surgelée, crue	légumes	16,5	1,08	2	1,11	0,13	0,027	1,48	11
20231	Crosne, surgelé, cru	légumes	51,8	7,38	5,51	0,5	0,03	0	0	1
20232	Artichaut, fond, surgelé, cru	légumes	54,5	1,89	7,02	1,89	0,42	0,1	7,54	45
20233	Maïs doux, surgelé, cru	légumes	105	3,28	19,8	3,78	0,78	0,12	2,8	5
20234	Navet, surgelé, cru	légumes	20,4	1,04	2,8	1,9	0,16	0,017	1,8	25
20235	Oignon, surgelé, cru	légumes	30,3	0,89	5,22	3,81	0,06	0,011	2,65	10
20236	Poireau, surgelé, cru	légumes	26,6	1,48	3,37	2,95	0,26	0,25	2,55	6,75
20237	Salsifis, surgelé, cru	légumes	41,1	2,34	4,68	2,5	0,16	0	5,8	16
20238	Oignon rouge, cru	légumes	35	1,31	5,63	5,2	0,4	0,14	2,5	< 5
20239	Oignon jaune, cru	légumes	35,9	1,19	6,39	0,2	< 0,5	< 0,01	2,6	< 5
20263	Légumes pour potages, surgelés, crus	légumes	33,9	1,33	5,83	3,17	0	0	2,67	15
20265	Julienne ou brunoise de légumes, surgelée, crue	légumes	27,9	1,19	4,08	3,13	0,25	0,1	2,28	54,5
20266	Légumes pour ratatouille, surgelés	légumes	21	1,01	3,23	2,88	0,089	0	1,67	34
20267	Printanière ou jardinière de légumes, surgelée, crue (petits pois, pommes de terre, haricots verts, carottes, oignon)	légumes	51,3	2,4	8,48	2,62	0,078	0	3,62	16,7
20269	Haricot plat, cru	légumes	32,4	1,93	4,47	1,3	0,12	0	2,97	2
20270	Épinard, jeunes pousses pour salades, cru	légumes	17	2,06	traces	traces	0,4	0,09	2,4	25
20272	Mesclun ou salade, mélange de jeunes pousses	légumes	22	2	2,5	0	0	0	2	19
20276	Tomate ronde, crue	légumes	17,5	0,5	3,42	3	< 0,5	< 0,01	1	< 5
20279	Asperge, verte, crue	légumes	24,7	2,46	2,03	1,5	0,27	0,069	2,15	3,85
20280	Chou romanesco ou brocoli à pomme, cru	légumes	29,7	2,95	2,2	2,2	0,3	0,047	3,2	23
20282	Asperge, blanche ou violette, pelée, crue	légumes	21	2,2	1,62	1,62	0,12	0,04	2,1	2
20283	Salicorne (Salicornia sp.), crue	légumes	13,1	1,02	0,98	0,021	0,17	-	1,79	1180
20288	Salade sucrine, crue	légumes	16,6	1,13	2,58	1,78	< 0,3	< 0,01	0,8	< 5
20295	Salade feuille de chêne, crue	légumes	10,7	1,13	1,03	0,6	< 0,5	< 0,01	1,8	9
20340	Chou chinois pak choï ou pak choy (feuilles vertes ressemblant à des blettes), cru	légumes	14,6	1,5	1,2	1,18	0,2	0,027	1	65
20343	Tomate marmande, crue	légumes	-	-	2,81	2,81	traces	-	-	-
20344	Tomate noire de Crimée, crue	légumes	-	-	3,08	3,08	traces	-	-	-
20345	Tomate allongée, crue	légumes	18,8	-	3,29	3,29	traces	-	2,1	-
20346	Chou kale, cru	légumes	34,6	2,92	0,32	0,32	1,49	0,18	4,1	53
20347	Moringa, gousse, cru	légumes	-	2,1	5,33	-	0,2	0,033	3,2	42
20348	Moringa, feuille, cru	légumes	-	9,4	6,28	-	1,4	-	2	9
20385	Tomate sans précision, crue (aliment moyen)	légumes	19,2	0,6	3,69	3,22	< 0,5	< 0,01	1,02	< 5
20496	Légumes pour couscous, surgelés, crus	légumes	44,3	1,93	6,47	3,05	0,63	0,1	2,53	39
20521	Graine germée de lentille, fraîche, crue	légumes	123	8,96	19	-	0,55	0,057	3,1	11
20584	Tomate grappe, crue	légumes	19,8	0,5	3,67	3,25	< 0,5	< 0,01	1,5	< 5
25604	Salade verte, crue, sans assaisonnement	légumes	13,5	1,01	1,5	0,83	0,1	0,028	1,3	18,3
25616	Crudité, sans assaisonnement (aliment moyen)	légumes	27,7	0,91	3,06	2,49	1,15	0,23	1,55	13,2
53100	Banane plantain, crue	légumes	132	1,3	29,6	-	0,37	0,14	2,3	4
58100	Gombo, fruit, cru	légumes	31	1,93	3,8	1,48	0,19	0,026	3,2	7
13177	Chayote ou christophine ou chouchou, bouillie/cuite à l'eau	légumes	21,6	0,62	2,29	-	0,48	0,086	2,8	1
19999	Poivron, vert, jaune ou rouge, cuit (aliment moyen)	légumes	33	1,11	5,42	5,1	0,33	0,088	1,99	-
20000	Artichaut, cuit	légumes	33,2	2,53	0,99	0,99	0,28	0,069	8,3	60
20002	Aubergine, cuite	légumes	27,1	0,83	4,17	3,2	0,23	0,044	2,5	1
20003	Betterave rouge, cuite	légumes	41,5	1,44	7,13	6,7	0,4	0,15	2,5	90
20005	Bette ou blette, côte (sans feuille), cuite	légumes	11,2	0,7	1,23	0,8	< 0,5	< 0,01	2,5	99,6
20007	Carotte, appertisée, égouttée	légumes	21,8	0,7	3,29	2,49	0,19	0,068	1,88	229
20011	Champignon, tout type, appertisé, égoutté	légumes	24,9	1,87	2,56	2,19	0,29	0,038	2,4	425
20015	Chou vert, cuit	légumes	24,1	1,03	3,04	2,79	0,45	0,14	2,4	39
20017	Chou-fleur, bouilli/cuit à l'eau	légumes	20,9	1,6	1,6	traces	0,46	0,097	2	< 39
20018	Coeur de palmier, appertisé, égoutté	légumes	41,5	2,51	5,5	1,5	0,56	0,13	2,2	324
20021	Courgette, chair et peau, cuite	légumes	15,5	0,93	1,4	traces	0,36	0,1	1,5	39
20025	Céleri-rave, cuit	légumes	36,5	1,3	4,6	2,8	0,86	-	2,6	58,2
20027	Épinard, cuit	légumes	19,6	3,2	0,25	traces	0,14	0,054	2,7	27,6
20029	"Graine germée de haricot mungo ou pousse de ""soja"", appertisée, égouttée"	légumes	22,4	1,48	2,57	2,09	0,15	0,03	1,8	200
20030	Haricot vert, cuit	légumes	29,4	2	3	0	0,17	0,048	4	5,8
20033	Navet, cuit	légumes	25	0,9	3,8	2,9	0,2	0,008	2,2	29
20035	Oignon, cuit	légumes	34,6	1,3	6,2	4	0,2	0,024	1,4	8,4
20036	Petits pois, appertisés, égouttés	légumes	92,5	4,87	13,7	3,59	0,8	0,15	5,75	260
20037	Petits pois, cuits	légumes	61,4	5,8	4,7	1,7	0,87	0,21	5,8	7,1
20040	Poireau, cuit	légumes	-	0,81	-	-	traces	-	-	-
20046	Salsifis, cuit	légumes	67,7	2,73	12,3	2,9	0,17	0,041	3,1	16
20048	Tomate, pelée, appertisée, égouttée	légumes	16,4	0,9	1,61	1,6	0,28	0,034	1,27	130
20049	Maïs doux, en épis, cuit	légumes	106	3,41	18,6	4,54	1,5	0,2	2,4	1
20051	Macédoine de légumes, appertisée, égouttée	légumes	40,4	2,32	5,59	1,73	0,28	0,076	3,16	243
20060	Épinard, appertisé, égoutté	légumes	24,5	2,81	0,93	0,4	0,5	0,081	2,4	322
20062	Haricot vert, appertisé, égoutté	légumes	23,2	1,34	2,07	0,77	0,32	0,083	3,36	258
20063	Haricot beurre, appertisé, égoutté	légumes	23,2	1,2	3,25	0,86	0,2	0,022	1,78	268
20066	Maïs doux, appertisé, égoutté	légumes	105	2,66	18,3	2,37	1,68	0,26	3,1	236
20067	Artichaut, appertisé, égoutté	légumes	39,8	1,5	6,5	1,5	0,2	0	3	320
20068	Tomate, concentré, appertisé	légumes	99,2	4,4	17,1	13,3	0,53	0,1	4,2	108
20071	Haricot vert, surgelé, cuit	légumes	33,7	1,49	5,1	1,23	0,17	0,042	3	1
20074	Artichaut, cuit à la vapeur sous pression	légumes	46,4	2,63	3,24	1,9	< 0,3	< 0,01	10,9	27
20076	Asperge, appertisée, égouttée	légumes	20,3	1,57	1,2	1,03	0,65	0,15	1,55	287
20077	Chou de Bruxelles, appertisé, égoutté	légumes	37,8	2,5	4,1	2,5	0,53	0,097	3,3	222
20078	Céleri branche, appertisé, égoutté	légumes	13,1	0,63	1,38	0,8	0,15	0,1	2	213
20079	Champignon de Paris ou champignon de couche, appertisé, égoutté	légumes	18,3	2	0,64	0	0,37	0,065	2,5	251
20081	Salsifis, appertisé, égoutté	légumes	29,2	1,33	4,33	1	0,17	0,07	2,5	243
20086	Poivron vert, cuit	légumes	17,3	0,92	2,36	2,36	0,2	0,029	1,2	2
20088	Poivron rouge, cuit	légumes	37,9	1,17	6,41	6	0,35	0,1	2,2	-
20093	Petits pois et carottes, appertisés, égouttés	légumes	53,8	2,52	8,58	3,32	0,37	0,074	3,08	249
20094	Chou-rave, bouilli/cuit à l'eau	légumes	28	1,8	4,4	2,8	0,11	0,014	1,1	21
20095	Chou rouge, bouilli/cuit à l'eau	légumes	25,3	1,51	3,32	3,32	0,09	0,011	2,6	28
20096	Potiron, cuit	légumes	26,1	0,81	4,47	3,1	0,07	0,037	2	< 5
20102	Champignon de Paris ou champignon de couche, bouilli/cuit à l'eau	légumes	28,7	2,17	3	2,34	0,47	0,061	2,2	2
20118	Fenouil, bouilli/cuit à l'eau	légumes	11,7	1,13	0,8	0,5	< 0,1	< 0,039	2	58,1
20124	Petits pois, surgelés, cuits	légumes	65,8	5,15	7,95	4,65	0,27	0,049	5,5	72
20125	Champignon de Paris ou champignon de couche, sauté/poêlé, sans matière grasse	légumes	38,4	4,44	4,53	traces	0,6	0,18	0,9	11
20135	Fondue de poireau, préemballée	légumes	58,4	1,1	-	-	5,2	3,6	3,6	200
20137	Tomate, pelée, appertisée, au jus, non égouttée	légumes	21,8	0,79	3,15	2,55	0,25	0,034	1,9	10
20141	Courge butternut (doubeurre), chair sans peau, bouillie/cuite à l'eau	légumes	28,2	0,69	4,56	4,51	0,2	0,052	2,4	4
20143	Courge spaghetti, chair sans peau, cuite	légumes	28	0,66	5,06	2,53	0,26	0,062	1,4	18
20155	Artichaut, coeur, appertisé, égoutté	légumes	24,2	1,8	2,31	1,2	< 0,5	< 0,01	3,2	310
20156	Artichaut, fond, appertisé, égoutté	légumes	23,4	1,2	3,02	0,8	< 0,5	< 0,01	2,6	293
20158	Tétragone cornue, cuite	légumes	13,5	1,3	1	0,25	0,17	0,027	1,4	107
20165	Rutabaga, cuit	légumes	26	0,93	4,26	3,95	0,18	0,029	1,8	5
20169	Tomate, chair, appertisée	légumes	22,6	1,2	3,63	3,2	< 0,5	< 0,01	1,8	27,1
20170	Tomate, purée, appertisée	légumes	47,6	1,5	8,42	3,3	0,2	0,052	1,6	168
20188	Bambou, pousses, appertisées, égouttées	légumes	19,3	1,63	1,9	1,89	0,31	0,072	1,2	74,1
20212	Champignon, lentin comestible ou shiitaké, cuit	légumes	60,9	1,56	12,3	3,84	0,22	0,05	2,1	4
20216	Pois mange-tout ou pois gourmand, bouilli/cuit à l'eau	légumes	30,9	2,25	3,39	2,3	0,3	0,08	2,8	5
20219	Chou frisé, cuit	légumes	29,7	1,9	3,63	1,25	0,4	0,052	2	23
20221	Chou chinois pé-tsaï, sauté/poêlé	légumes	18,9	1,06	2,77	2,72	< 0,5	< 0,15	1,6	17
20241	Cardon, cuit	légumes	22	0,76	3,63	-	0,11	0,012	1,7	176
20242	Tomate, chair et peau, bouillie/cuite à l'eau	légumes	17,4	0,95	2,8	2,49	0,11	0,015	0,7	11
20243	Pois mange-tout ou pois gourmands, cuits	légumes	47,3	3,5	5,92	4,82	0,38	0,073	3,1	5
20255	Échalote, cuite	légumes	69,3	2,13	13,5	6,3	< 0,5	< 0,0002	3,4	12,5
20257	Haricots verts, purée	légumes	56,3	1,7	4,2	1,5	2,9	1,9	3,3	-
20258	Légumes (3-4 sortes en mélange), purée	légumes	61,2	1,94	4,25	2,4	3,4	2,17	3,3	252
20259	Brocoli, purée	légumes	29	2,5	2,75	1,65	0,38	-	2,39	7,93
20260	Tomate, coulis, appertisé (purée de tomates mi-réduite à 11%)	légumes	45,5	2,05	7,57	5,5	0,2	0,08	2,6	350
20261	Carotte, purée	légumes	30,1	0,88	5,06	4,8	< 0,3	< 0,01	3,1	52
20264	Courgette, purée	légumes	57,3	2,8	6,5	2,3	1,9	1,3	1,5	220
20268	Tomate, double concentré, appertisé	légumes	99,5	3,75	19,3	19,3	0,47	0	1,5	329
20271	Macédoine de légumes, précuite, à finir de cuire, surgelée	légumes	62,4	4	7,5	3,5	0,5	0	6	18
20275	Poivron rouge, appertisé, égoutté	légumes	26,3	0,96	4,5	3,2	0,2	0,029	1,35	69
20277	Asperge blanche, bouillie/cuite à l'eau	légumes	17,3	1,44	1,63	1,2	0,3	0,1	1,3	5
20278	Céleri-rave, purée	légumes	26,2	1,37	2,83	2,11	0,18	0	4,01	54,5
20284	Petits pois, purée	légumes	86	4,8	8	3	2,8	1,7	4,8	-
20289	Tomate, chair et peau, rôtie/cuite au four	légumes	24	1	3,53	3,1	0,4	0,11	1,9	< 5
20290	Chou romanesco ou brocoli à pomme, cuit	légumes	34,5	3	2,03	1,6	0,8	0,27	4,3	< 5
20291	Potimarron, chair sans peau, cuit à l'étouffée	légumes	44,2	1,31	7,05	4,5	0,5	0,14	3,3	< 5
20292	Courge butternut (doubeurre), chair sans peau, cuite	légumes	28,9	1,06	5,24	4	< 0,5	< 0,01	1,8	< 5
20298	Carotte, purée cuisinée à la crème, préemballée	légumes	43,7	1,44	4,57	4,39	1,6	0,99	3	212
20299	Asperge verte, bouillie/cuite à l'eau	légumes	25,3	2,69	1,73	1,3	0,3	0,07	2,2	< 5
20300	Aubergine, chair et peau, rôtie/cuite au four	légumes	31,1	1,31	3,83	3,4	< 0,3	< 0,01	1,9	< 5
20301	Bette ou blette, côte et feuille, bouillie/cuite à l'eau	légumes	15,6	0,88	1,43	1	0,3	0,1	2,5	77
20302	Brocoli, bouilli/cuit à l'eau, croquant	légumes	22,2	2,5	1,23	0,8	0,4	0,1	2,6	17
20303	Brocoli, bouilli/cuit à l'eau, fondant	légumes	21,8	2,19	1,03	0,6	0,5	0,14	3	13
20304	Brocoli, cuit à la vapeur	légumes	38	4,13	2,53	1,5	0,7	0,25	2,2	16
20305	Carotte, bouillie/cuite à l'eau, croquante	légumes	33,1	0,75	6,33	5,9	< 0,3	< 0,01	3,2	45
20306	Carotte, bouillie/cuite à l'eau, fondante	légumes	29,6	0,25	5,73	5,1	< 0,3	< 0,01	3,3	46
20307	Carotte, cuite à la vapeur	légumes	40,3	0,63	7,33	6,9	0,3	0,07	3,7	45
20308	Chou blanc, bouilli/cuit à l'eau	légumes	20,8	1	3,23	2,8	< 0,3	< 0,01	2,7	7
20309	Chou de Bruxelles, bouilli/cuit à l'eau	légumes	44,4	3,19	5,4	4,1	< 0,3	< 0,01	4,8	9
20310	Chou rouge, cuit à l'étouffée	légumes	33,9	1,19	5,7	4,5	< 0,3	< 0,01	3	13
20311	Chou vert, bouilli/cuit à l'eau	légumes	19	1,63	1,83	1,4	< 0,3	< 0,01	3,3	5
20312	Chou-fleur, cuit à la vapeur	légumes	30,5	2,56	3,41	2,4	0,3	0,09	1,8	5
20313	Courgette, chair et peau, rôtie/cuite au four	légumes	20,3	1,5	3,13	2,7	< 0,3	< 0,01	1,7	< 5
20314	Céleri branche, cuit à l'étouffée	légumes	14,7	0,75	2,48	1,7	< 0,3	< 0,01	1,5	138
20315	Céleri rave, bouilli/cuit à l'eau	légumes	26,2	0,94	4,32	1,2	0,3	0,09	2,6	37
20316	Endive, rôtie/cuite au four	légumes	22	1,13	4,38	3,2	< 0,3	< 0,01	< 0,5	< 5
20317	Fenouil, cuit à l'étouffée	légumes	11,8	0,25	1,94	1,3	< 0,3	< 0,01	1,8	11
20318	Haricot beurre, bouilli/cuit à l'eau	légumes	35	2,19	4,45	2,2	0,3	0,09	2,7	< 5
20320	Haricot vert, bouilli/cuit à l'eau	légumes	27	1,75	3,39	2,5	< 0,3	< 0,01	3,2	< 5
20321	Navet, bouilli/cuit à l'eau	légumes	18,4	0,75	3,23	2,8	< 0,3	< 0,01	2,1	10
20322	Oignon blanc ou jaune, sauté/poêlé sans matière grasse	légumes	39,2	1,56	6,73	5	< 0,3	< 0,01	2,8	< 5
20323	Oignon nouveau ou oignon frais ou cébette, sauté/poêlé sans matière grasse	légumes	28	1,13	3,56	2,8	0,3	0,09	3,1	< 5
20324	Oignon rouge, sauté/poêlé	légumes	41,5	1,69	7,55	6,7	< 0,3	< 0,01	2,1	< 5
20325	Panais, cuit à l'étouffée	légumes	91,2	1,94	16,6	6,2	0,5	0,13	5,6	7
20326	Petits pois, bouillis/cuits à l'eau	légumes	80,7	6,38	9,93	1,6	0,6	0,15	4,8	9
20327	Poireau, bouilli/cuit à l'eau	légumes	24,7	2,56	2,23	1,8	< 0,3	< 0,01	3,4	< 5
20328	Poivron jaune, sauté/poêlé	légumes	34,5	1	5,33	4,9	0,6	0,19	2,2	< 5
20329	Poivron rouge, sauté/poêlé	légumes	33	0,94	6,53	6,1	< 0,3	< 0,01	2	< 5
20330	Poivron vert, sauté/poêlé	légumes	27,3	1,25	3,53	3,1	0,3	0,1	3	< 5
20331	Potimarron, chair sans peau, bouilli/cuit à l'eau	légumes	38,6	1,06	6,88	3,5	0,3	0,08	1,8	< 5
20332	Potiron, rôti/cuit au four	légumes	28,2	0,25	5,66	4,8	< 0,3	< 0,01	2	< 5
20333	Salsifis, bouilli/cuit à l'eau	légumes	56,9	2,63	9,29	2,3	< 0,3	< 0,01	4,5	8
20335	Échalote, sautée/poêlée sans matière grasse	légumes	67,3	2	12,3	3,8	0,4	0,12	2,9	< 5
20336	Épinard, bouilli/cuit à l'eau	légumes	26,8	3,38	traces	traces	0,7	0,13	3,5	12
20339	Chou chinois pak choï ou pak choy (feuilles vertes ressemblant à des blettes), cuit	légumes	12,8	1,56	0,78	0,78	0,16	0,021	1	34
20349	Asperge, bouillie/cuite à l'eau (aliment moyen)	légumes	20,7	1,97	1,67	1,24	0,3	0,087	1,69	3,93
20350	Brocoli, bouilli/cuit à l'eau (aliment moyen)	légumes	21,8	2,19	1,03	0,6	0,5	0,14	3	13
20351	Brocoli, cuit (aliment moyen)	légumes	30	3,17	1,79	1,06	0,6	0,2	2,59	14,5
20352	Carotte, bouillie/cuite à l'eau (aliment moyen)	légumes	29,6	0,25	5,73	5,1	< 0,3	< 0,01	3,3	46
20353	Carotte, cuite (aliment moyen)	légumes	33	0,37	6,24	5,67	0,2	0,026	3,43	45,7
20354	Céleri branche, cuit (aliment moyen)	légumes	13,1	0,63	1,38	0,8	0,15	0,1	2	213
20355	Chou rouge, cuit (aliment moyen)	légumes	31,8	1,26	5,13	4,22	0,14	0,0064	2,9	16,6
20356	Fenouil, cuit (aliment moyen)	légumes	11,8	0,36	1,8	1,2	< 0,27	< 0,014	1,83	17,1
20357	Potimarron, chair sans peau, cuit (aliment moyen)	légumes	38,6	1,06	6,88	3,5	0,3	0,08	1,8	< 5
20358	Tomate, chair et peau, cuite (aliment moyen)	légumes	19,8	0,97	3,06	2,71	0,21	0,049	1,13	7,95
20497	Légumes pour couscous, cuits	légumes	29,6	1,58	3,87	2,09	0,42	0,049	2,33	45
20499	Légume cuit (aliment moyen)	légumes	28,7	1,68	3,67	2,03	0,3	0,09	2,6	22,9
20590	Crosne, cuit	légumes	49	2,13	9,11	0,2	< 0,5	< 0,01	1,9	5
58103	Gombo, fruit, cuit	légumes	22,4	1,87	2,01	2,01	0,21	0,045	2,5	6
20092	Carotte, déshydratée	légumes	317	8,1	56	38,8	1,49	0,26	23,6	275
20180	Oignon, séché	légumes	355	8,95	74,1	37,4	0,46	0,078	9,2	170
20189	Tomate, séchée	légumes	-	14,1	43,5	37,6	2,97	0,43	12,3	247
20202	Champignon noir, séché	légumes	-	7,5	-	0	0,075	0	-	35
20211	Champignon, lentin comestible ou shiitaké, séché	légumes	316	9,58	63,9	2,21	0,99	0,23	11,5	13
20256	Tomate, séchée, à l'huile	légumes	-	5,06	7,98	6,5	13,2	1,89	5,8	266
20800	Banane jaune, chair sans peau, cuite à la vapeur, prélevée à la Martinique	légumes	-	1,06	-	-	0,057	-	-	-
20801	Chips de chair de giraumon (variété locale), prélevé à la Martinique	légumes	-	-	12,3	0,44	-	-	8,4	-
20802	Chips de chair de giraumon (variété phoenix), prélevé à la Martinique	légumes	-	-	13,9	0,2	-	-	8,7	-
20803	Chou dur ou chou caraïbe ou macabo, pulpe, cuit à la vapeur, prélevé à la Martinique	légumes	-	3,25	-	-	0,0033	-	-	-
20804	Chayote ou christophine ou chouchou à peau blanche, chair sans peau, sans noyau, cuite à la vapeur, prélevée à la Martinique	légumes	-	1,21	5,93	-	0,033	-	1,9	-
20805	Chayote ou christophine ou chouchou à peau verte, chair sans peau, sans noyau, cuite à la vapeur, prélevée à la Martinique	légumes	-	1,23	4,6	-	0,023	-	3	-
20806	Chayote ou christophine ou chouchou à peau blanche, chaire sans peau, sans noyau, appertisée, non égouttée, prélevée à la Martinique	légumes	-	-	-	-	-	-	1	-
20807	Chayote ou christophine ou chouchou, chair et peau, sans noyau, cuite à la vapeur, surgelée, prélevée à la Martinique	légumes	-	-	-	-	-	-	1,6	-
20808	Concombre, chair sans peau, avec pépins, cru, prélevé à la Martinique	légumes	-	0,73	-	-	0,58	-	-	-
20809	Concombre, chair et peau, cru, prélevé à la Martinique	légumes	-	0,42	-	-	0,27	-	-	-
20810	Cresson, feuille, cru, prélevé à la Martinique	légumes	-	2,25	traces	-	0,1	-	2,1	-
20811	Dachine, pulpe, cuit à la vapeur, prélevé à la Martinique	légumes	-	1,15	-	-	0,3	-	-	-
20812	Farine de pulpe de patate douce, prélevée à la Martinique	légumes	223	-	50,1	0,018	-	-	11,3	-
20813	Fruit à pain, chair sans peau, cuit à la vapeur, prélevé à la Martinique	légumes	-	1,29	21	-	0,11	-	-	-
20814	Giraumon (variété locale), chair sans peau, cuit à la vapeur, prélevé à la Martinique	légumes	-	1,1	4,51	1,91	0,097	-	2	-
20815	Giraumon (variété locale), chair sans peau, cuit à la vapeur, surgelé, prélevé à la Martinique	légumes	-	-	3,75	1,35	-	-	2,4	-
20816	Giraumon (variété locale), chair sans peau, râpé, cru, prélevé à la Martinique	légumes	-	-	2,42	0,82	-	-	2,9	-
20817	Giraumon (variété phoenix), chair sans peau, cuit à la vapeur, prélevé à la Martinique	légumes	-	1,03	5,62	1,56	0,05	-	2	-
20818	Giraumon (variété phoenix), chair sans peau, râpé, cru, prélevé à la Martinique	légumes	-	-	3,51	1,44	-	-	1,6	-
20819	Giraumon (variété phoenix), chair sans peau, surgelé, cuit à la vapeur, prélevé à la Martinique	légumes	-	-	4,37	1,47	-	-	2,4	-
20820	Gombo, entier, appertisé, non égoutté, prélevé à la Martinique	légumes	-	-	-	-	-	-	2,8	-
20821	Gombo, entier, cuit à la vapeur, prélevé à la Martinique	légumes	-	1,8	4,69	-	0,3	-	4,8	-
20822	Gombo, sans pédoncule, blanchi, surgelé, prélevé à la Martinique	légumes	-	0,24	5,28	-	0,1	-	5,17	-
20823	Igname cousse-couche, pulpe, cuit à la vapeur, prélevé à la Martinique	légumes	88,9	1,65	17,9	-	0,3	-	3,9	-
20824	Igname jaune, pulpe, cuit à la vapeur, prélevé à la Martinique	légumes	127	2,04	27,6	-	0,37	-	2,67	-
20825	Igname saint martin, pulpe, cuit à la vapeur, prélevé à la Martinique	légumes	93,3	2,25	18,4	-	0,3	-	3,9	-
20826	Topinambour, pulpe, cuit à la vapeur, prélevé à la Martinique	légumes	-	1,23	-	-	0,18	-	-	-
20827	Kamanioc, pulpe, cuit à la vapeur, prélevé à la Martinique	légumes	-	0,6	-	-	0	-	-	-
20828	Massissi, chair, cru, prélevé à la Martinique	légumes	-	2,58	-	-	0,8	-	-	-
20829	Papaye verte, chair sans peau, crue, prélevée à la Martinique	légumes	-	0,67	-	-	0,0033	-	-	-
20830	Papaye verte, chair sans peau, cuite à la vapeur, prélevée à la Martinique	légumes	-	0,63	-	-	0	-	-	-
20831	Patate douce, pulpe, blanchie, surgelée, prélevée à la Martinique	légumes	-	-	-	-	-	-	4,9	-
20832	Patate douce, pulpe, cuite à la vapeur, prélevée à la Martinique	légumes	126	1,48	25,2	-	0,067	-	9,2	-
20833	Pois d'Angole, entier, cuit à la vapeur, prélevé à la Martinique	légumes	-	16,3	11,1	-	0,74	-	-	-
20834	Ti nain, chair sans peau, cuit à la vapeur, prélevé à la Martinique	légumes	-	1,13	-	-	0,05	-	-	-
20835	Tomate, entière, crue, prélevée à la Martinique	légumes	-	1,06	-	-	0,06	-	-	-
54500	Fruit à pain, cru	légumes	-	1,07	22,2	11	0,23	0,048	4,9	2
20296	Brèdes chou de Chine ou bok choy ou pak choï, tiges et feuilles, cuites à la vapeur, prélevées à La Réunion (Brassica rapa subsp. Chinensis)	légumes	16,4	1,69	1,7	0,4	< 0,3	< 0,01	1,3	15
20297	Chayote ou christophine ou chouchou, chair sans peau, sans noyau, cuite à la vapeur, prélevée à La Réunion (Sechium edule)	légumes	20,9	0,63	3,5	2,8	< 0,3	< 0,01	1,4	7
4000	Tapioca ou perles du Japon, cru	pommes de terre et autres tubercules	354	0,19	87,8	3,35	0,02	0,005	0,9	1
4002	Pomme de terre, sans peau, rôtie/cuite au four	pommes de terre et autres tubercules	91,9	1,96	20,1	1,7	0,1	0,026	1,5	1,43
4003	Pomme de terre, bouillie/cuite à l'eau	pommes de terre et autres tubercules	81	1,8	16,8	0,86	0,34	0,094	1,8	20,6
4004	Chips de pommes de terre nature ou aromatisées	pommes de terre et autres tubercules	532	6	51	1,49	32,7	2,92	4,7	652
4007	Pomme de terre nouvelle ou primeur, bouillie/cuite à l'eau	pommes de terre et autres tubercules	71,6	1,44	15	1	0,3	-	1,6	10
4008	Pomme de terre, sans peau, crue	pommes de terre et autres tubercules	80	2,02	16,2	0,78	0,09	0,026	2,2	< 0,44
4011	Pomme de terre, appertisée, égouttée	pommes de terre et autres tubercules	57,2	1,58	10,7	0,65	0,41	0,054	2,15	60,6
4013	Pomme de terre noisette, surgelée, à cuire	pommes de terre et autres tubercules	179	2,44	25,3	0,56	7,02	1,07	2,42	373
4014	Pomme de terre vapeur, sous vide	pommes de terre et autres tubercules	76	1,84	15,8	0,5	0,25	0,039	2,02	96,2
4015	Pomme de terre poêlée, avec matière grasse	pommes de terre et autres tubercules	137	2,5	17,3	2,2	5,7	1,16	2,6	204
4016	Flocons de pomme de terre, au lait ou à la crème, déshydratés	pommes de terre et autres tubercules	376	10,1	71	6	3,97	3,39	8	71
4017	Purée de pomme de terre, à base de flocons, reconstituée avec lait entier et matière grasse	pommes de terre et autres tubercules	107	1,92	12,6	1,68	5,18	1,87	1,47	223
4018	Purée de pomme de terre, avec lait et beurre, sans sel ajouté	pommes de terre et autres tubercules	94,8	1,89	15,7	1,46	2,4	1,46	1,5	44,9
4019	Purée de pomme de terre, à base de flocons, reconstituée avec lait demi-écrémé et eau, non salée	pommes de terre et autres tubercules	68,5	2,63	12,4	1,75	0,53	0,35	1,8	91,5
4020	Pomme de terre dauphine, surgelée, à cuire	pommes de terre et autres tubercules	242	4,25	19,7	3,19	15,7	2,01	2,27	468
4021	Pomme de terre dauphine, surgelée, cuite	pommes de terre et autres tubercules	302	4,5	30,2	3,5	17,7	3,39	2	527
4022	Flocons de pomme de terre, nature, déshydratés	pommes de terre et autres tubercules	346	8	73,5	2,35	0,41	0,17	8,05	220
4023	Pomme de terre nouvelle ou primeur, crue	pommes de terre et autres tubercules	76,4	1,94	15,8	0,2	0,3	0,058	1,35	23
4025	Potatoes ou wedges ou quartiers de pommes de terre épicés, surgelées, cuites	pommes de terre et autres tubercules	175	3,25	25,3	traces	5,8	0,64	3,4	302
4026	Pomme de terre, rôtie/cuite au four	pommes de terre et autres tubercules	91,4	2,5	19	1,18	0,13	0,035	2,2	10
4027	Pomme de terre sautée/poêlée/rissolée, préfrite, surgelée, cuite	pommes de terre et autres tubercules	156	2,81	23	traces	4,8	0,61	4	77
4028	Pomme de terre de conservation, sans peau, bouillie/cuite à l'eau	pommes de terre et autres tubercules	72,6	1,81	15,4	< 0,2	< 0,5	-	1,9	< 5
4029	Pomme de terre nouvelle ou primeur, bouillie/cuite à l'eau, sans peau	pommes de terre et autres tubercules	71,1	1,84	14,9	-	< 0,1	-	2,13	-
4030	Frites de pommes de terre, surgelées, rôties/cuites au four	pommes de terre et autres tubercules	213	3,75	32,6	0,2	6,6	0,75	4,2	156
4032	Frites de pommes de terre, surgelées, cuites en friteuse	pommes de terre et autres tubercules	258	3,28	32,7	0,61	11,9	2,86	3,9	29
4034	Pomme de terre duchesse, surgelée, cuite	pommes de terre et autres tubercules	218	3,44	29,6	< 0,4	8,5	0,96	4,8	395
4035	Pomme de terre noisette, surgelée, cuite	pommes de terre et autres tubercules	191	2,81	28,4	0,2	6,6	0,94	3,4	347
4036	Pomme de terre sautée/poêlée/rissolée à la graisse de canard	pommes de terre et autres tubercules	200	2,44	20,8	1,51	11,4	3,24	2,33	266
4037	Chips de pommes de terre nature ou aromatisées, à l'ancienne	pommes de terre et autres tubercules	551	5,62	46,7	1,02	36,9	3,25	4,7	702
4038	Chips de pommes de terre nature ou aromatisées, allégées en matière grasse (et assimilés )	pommes de terre et autres tubercules	481	6,57	61,4	1,41	22,1	1,98	4,78	487
4039	Rostis ou galette de pomme de terre	pommes de terre et autres tubercules	182	2,38	22,5	0,2	8,3	1,06	3,3	328
4040	Purée de pomme de terre, avec lait et beurre, salée	pommes de terre et autres tubercules	117	1,98	11,3	1,28	6,7	3,7	1,79	200
4042	Pomme de terre duchesse, surgelée, à cuire	pommes de terre et autres tubercules	157	2,41	21,4	0,4	6,26	0,82	2,54	368
4043	Pomme de terre sautée/poêlée/rissolée, préfrite, surgelée, à cuire	pommes de terre et autres tubercules	137	2,35	20,4	0,57	4,5	0,68	2,54	66
4044	Frites de pommes de terre, surgelées, préfrites, pour cuisson au four	pommes de terre et autres tubercules	142	2,38	21	0,38	4,73	0,65	2,77	109
4045	Frites de pommes de terre, surgelées, préfrites, pour cuisson micro-onde	pommes de terre et autres tubercules	223	3,26	27,2	0,42	10,2	1,09	4,39	160
4046	Frites de pommes de terre, surgelées, préfrites, pour cuisson en friteuse	pommes de terre et autres tubercules	244	3,12	29,1	0,48	12,1	4,09	3,39	57,9
4047	Purée de pomme de terre (aliment moyen)	pommes de terre et autres tubercules	96,8	2,1	13	1,54	3,7	1,84	1,64	140
4048	Pomme de terre, cuite (aliment moyen)	pommes de terre et autres tubercules	94,9	2,05	17,2	0,83	1,58	0,44	2,15	49,4
4049	Croquette de pomme de terre, surgelée, à cuire	pommes de terre et autres tubercules	164	2,52	22,4	0,59	6,59	0,87	2,43	-
4050	Chips de pommes de terre nature ou aromatisées, sans sel ajouté	pommes de terre et autres tubercules	503	6,2	47,6	0,83	30,8	2,87	5,05	-
4051	Poêlée de pommes de terre à la sarladaise (graisse de canard, ail et persil), surgelée, à cuire	pommes de terre et autres tubercules	203	2,27	20,9	1,22	11,6	3,54	2,84	-
4052	Potatoes ou wedges ou quartiers de pommes de terre épicés, surgelées, à cuire	pommes de terre et autres tubercules	141	2,48	20,3	0,52	5	0,59	2,64	-
4053	Pomme de terre grenaille, préfrite, surgelée, à cuire	pommes de terre et autres tubercules	133	2,4	17,9	2,23	5,3	1,02	2,16	-
4101	Patate douce, crue	pommes de terre et autres tubercules	81,2	1,57	17,1	4,18	0,05	0,018	3	55
4102	Patate douce, cuite	pommes de terre et autres tubercules	79,1	1,69	16,3	6,11	0,15	0,042	2,9	31,5
4103	Patate douce, purée, cuisinée à la crème	pommes de terre et autres tubercules	79,8	1,1	12,1	7,5	2	1,4	4,5	225
20050	Topinambour, cuit	pommes de terre et autres tubercules	69,3	1,8	14,4	1,7	0,01	0	2,2	35,9
20196	Topinambour, cru	pommes de terre et autres tubercules	74,7	2	15,8	9,6	0,01	0	1,6	4
53101	Banane plantain, cuite	pommes de terre et autres tubercules	125	0,79	28,9	14	0,18	0,069	2,3	5
53200	Taro, tubercule, cru	pommes de terre et autres tubercules	105	1,5	22,4	0,4	0,2	0,041	4,1	11
53201	Taro, tubercule, cuit	pommes de terre et autres tubercules	131	0,52	29,5	0,49	0,11	0,023	5,1	15
53502	Igname, pelée, crue	pommes de terre et autres tubercules	111	1,53	23,7	0,5	0,17	0,037	4,1	9
53503	Igname, épluchée, bouillie/cuite à l'eau	pommes de terre et autres tubercules	109	1,49	23,6	0,49	0,14	0,029	3,9	8
53672	Igname, crue	pommes de terre et autres tubercules	111	1,25	23,9	-	0,2	0,038	4,1	9
54031	Manioc, racine crue	pommes de terre et autres tubercules	157	1,36	36,3	1,7	0,28	0,074	1,8	14
54034	Manioc, racine cuite	pommes de terre et autres tubercules	135	0,69	32,8	-	0,043	-	0,4	-
20293	Haricot coco, bouilli/cuit à l'eau	légumineuses	130	9,63	13,7	1,1	0,5	0,11	15,8	9
20360	Lentille, bouillie/cuite à l'eau (aliment moyen)	légumineuses	125	10,1	16,2	0,2	0,57	0,092	8,45	5,76
20500	Fève, bouillie/cuite à l'eau	légumineuses	83,3	8,06	9,35	0,4	0,8	0,16	3,1	10
20502	Haricot blanc, bouilli/cuit à l'eau	légumineuses	112	6,75	12	0,3	1,1	0,25	13,8	9,3
20503	Haricot rouge, bouilli/cuit à l'eau	légumineuses	116	9,63	12,3	0,5	0,6	0,19	11,6	8,4
20506	Pois cassé, bouilli/cuit à l'eau	légumineuses	129	8,6	16,3	3,85	1,49	0,16	7,95	4,5
20507	Pois chiche, bouilli/cuit à l'eau	légumineuses	148	8,31	17,7	0,3	3	0,46	8,2	10,9
20508	Haricot flageolet, appertisé, égoutté	légumineuses	92,9	6,1	12,2	traces	0,79	0,11	6,3	293
20510	Lentille, cuisinée, appertisée, égouttée	légumineuses	90,4	6,83	12,3	0,67	0,64	0,1	4	239
20511	Haricot blanc, appertisé, égoutté	légumineuses	85,5	5,88	10,9	0,75	0,5	0,15	7	270
20513	Haricot flageolet, bouilli/cuit à l'eau	légumineuses	112	6,75	12	0,3	1,1	0,25	13,8	9,3
20524	Haricot rouge, appertisé, égoutté	légumineuses	108	8,31	13	1	0,97	0,41	7	269
20531	Haricot mungo, frais, bouilli/cuit à l'eau	légumineuses	95,7	7,54	11,9	2,01	0,55	0,038	6,4	7
20532	Pois chiche, appertisé, égoutté	légumineuses	122	6,74	15	0,5	2,68	0,3	5,45	216
20540	Haricot flageolet, vert, bouilli/cuit à l'eau	légumineuses	115	8,5	13	0,71	0,91	0,18	10,2	15
20542	Fève, pelée, fraîche, surgelée, bouillie/cuite à l'eau	légumineuses	71,9	6,4	9	< 0,2	0,5	0,11	2,9	7,2
20543	Fève, fraîche, surgelée, bouillie/cuite à l'eau	légumineuses	63,6	5,6	7,4	1	< 0,5	< 0,01	5,8	8
20587	Lentille verte, bouillie/cuite à l'eau	légumineuses	125	10,1	16,2	0,2	0,58	0,093	8,45	5,8
20588	Lentille blonde, bouillie/cuite à l'eau	légumineuses	122	9,7	16,3	0,4	0,7	0,13	6	< 5
20589	Lentille corail, bouillie/cuite à l'eau	légumineuses	123	10,6	15	0,26	0,5	0,09	8,2	< 5
20700	Légume sec, cuit (aliment moyen)	légumineuses	113	8,22	13,8	0,24	0,78	0,15	9,52	62,7
20517	Fève à écosser, fraîche, crue	légumineuses	61,5	6,76	4,2	0,37	0,67	0,13	5,85	37,5
20527	Pois d'Angole vert, frais, cru	légumineuses	129	7,2	18,8	3	1,64	0,35	5,1	5
20529	Haricot de Lima ou pois savon ou pois du Cap ou pois souche, cru	légumineuses	105	6,84	15,3	1,48	0,86	0,2	4,9	8
20537	Haricot flageolet, frais, surgelé, cru	légumineuses	153	9,32	25,6	0,4	0,52	0,1	4,4	-
20541	Fève, pelée, fraîche, surgelée, crue	légumineuses	99,3	9,55	12,2	2,08	0,26	0,1	5,05	15
20359	Lentille, sèche (aliment moyen)	légumineuses	327	25,1	44,5	1,1	1,8	0,24	16,3	< 5
20501	Haricot blanc, sec	légumineuses	307	23,4	43,9	-	0,85	0,22	15,2	16
20515	Pois cassé, sec	légumineuses	347	23,8	47,5	2,56	1,16	0,16	25,5	15
20516	Pois chiche, sec	légumineuses	350	20,5	47,5	2,3	6,04	0,6	12,2	24
20518	Fève, sèche	légumineuses	301	26,1	33,3	5,7	1,53	0,25	25	13
20525	Haricot rouge, sec	légumineuses	314	22,5	46,1	2,1	1,06	0,15	15,2	12
20530	Haricot mungo, sec	légumineuses	343	25,2	47,6	-	1,64	0,11	18,3	38
20534	Lupin, graine, sec	légumineuses	356	36,2	21,5	-	9,74	1,16	18,9	15
20535	Lentille corail, sèche	légumineuses	328	27,7	44,9	1,29	0,8	0,14	15,4	< 5
20539	Haricot flageolet, vert, sec	légumineuses	315	19,1	42,1	-	2,6	0,35	23,4	7,9
20585	Lentille verte, sèche	légumineuses	327	25,1	44,5	1,1	1,8	0,24	16,4	< 5
20586	Lentille blonde, sèche	légumineuses	339	26,1	48,3	1,4	1,9	0,32	12,1	< 5
13000	Abricot, dénoyauté, cru	fruits	44,1	0,81	9,01	6,7	< 0,5	< 0,01	1,7	< 5
13002	Ananas, chair sans peau, cru	fruits	51,6	0,25	11,7	10,5	< 0,5	< 0,01	1,2	< 5
13005	Banane, chair sans peau, crue	fruits	87,6	1,06	19,7	15,6	< 0,5	< 0,01	2,7	< 5
13007	Cassis, cru	fruits	70,2	1,4	9,68	9,68	0,41	0,034	7,13	2
13008	Ceriser, chair et peau, sans noyau, crue	fruits	53,7	0,81	13	10	< 0,3	< 0,01	1,6	< 5
13009	Citron, chair sans peau, sans pépins, cru	fruits	24,3	0,25	1,56	0,8	< 0,5	< 0,01	< 0,5	< 5
13010	Coing, cru	fruits	59	0,4	12,5	6,3	0,1	0,01	1,9	4
13012	Figue, crue	fruits	67,6	1,19	13,5	12,2	< 0,5	< 0,01	4,1	5
13014	Fraise, crue	fruits	35,1	0,63	6,03	5,6	< 0,5	< 0,01	3,8	< 5
13015	Framboise, crue	fruits	47,9	1,19	5,83	5,4	0,8	0,13	4,3	< 5
13016	Fruit de la passion ou maracudja, chair sans peau, avec pépins, cru	fruits	102	2,13	10,9	8,5	3	0,54	6,8	< 5
13018	Grenade, chair sans peau, avec pépins, crue	fruits	81	1,44	14,3	13,3	1,2	0,07	2,3	< 5
13019	Groseille, crue	fruits	67,2	1,56	7,06	6,63	0,7	0,21	4,6	< 5
13020	Groseille à maquereau, crue	fruits	39,4	0,88	4,45	-	0,58	0,038	4,3	1
13021	Kiwi, chair sans peau, avec pépins, cru	fruits	60,9	0,88	11	8,9	0,6	0,13	2,4	< 5
13023	Litchi, chair sans peau, sans noyau, cru	fruits	77,5	1,13	16,1	15,7	< 0,5	< 0,01	2	< 5
13024	Clémentine ou mandarine, chair sans peau, sans pépins, crue	fruits	45,5	0,81	9,17	8,6	< 0,5	< 0,01	1,7	< 5
13025	Mangue, chair sans peau, sans noyau, crue	fruits	71,1	0,63	14,3	12,9	< 0,5	< 0,01	1,6	< 5
13026	Melon cantaloup (par ex.: Charentais), chair sans peau, sans pépins, cru	fruits	59,8	1,13	14,8	10,6	< 0,5	< 0,01	1,3	24
13027	Prune mirabelle, sans noyau, crue	fruits	74,6	0,63	18	13,3	< 0,5	< 0,01	2,2	< 5
13028	Myrtille, crue	fruits	57,7	0,87	10,6	9,96	0,33	0,028	2,4	1
13029	Mûre (de ronce), crue	fruits	46	1,13	6,53	6,1	0,7	0,07	5,2	< 5
13034	Orange, chair sans peau, sans pépins, crue	fruits	42	0,75	8,03	7,6	< 0,5	< 0,01	2,7	< 5
13035	Papaye, chair sans peau, crue	fruits	39,6	0,75	8,53	8,1	< 0,3	< 0,01	1,8	< 5
13036	Pastèque, chair sans peau, sans pépins, crue	fruits	35,4	0,69	8,33	7,9	< 0,5	< 0,01	0,5	< 5
13037	Poire, chair et peau, crue	fruits	56,6	0,36	12,3	9,75	0,27	0,067	2,9	1,8
13039	Pomme, chair et peau, crue	fruits	54	0,25	11,6	10,6	0,25	0,052	1,4	1,5
13040	Pomelo (dit Pamplemousse), chair sans peau, sans pépins, cru	fruits	33,5	0,84	5,92	5,87	< 0,5	< 0,15	1,1	< 2
13041	Prune Reine-Claude, sans noyau, crue	fruits	69	0,94	16,4	10,4	< 0,5	< 0,01	1,7	< 5
13043	Pêche, chair et peau, sans noyau, crue	fruits	37,9	0,91	7,55	6,83	0,25	0,019	1,5	< 1,11
13044	Raisin blanc, à gros grain (type Italia ou Dattier), cru	fruits	71,6	0,75	16,6	15,5	< 0,5	< 0,01	1	< 5
13045	Raisin noir, cru	fruits	69,5	0,57	15,6	15,3	0,25	0,08	1,43	< 0,39
13047	Rhubarbe, tige, crue	fruits	18,1	0,73	1,12	1,1	0,16	0,041	1,8	3
13054	Carambole, chair et peau, crue	fruits	28,4	1,04	3,83	3,83	0,33	0,019	2,8	2
13055	Cerise acérola, chair et peau, sans noyau, crue	fruits	-	0,4	6,59	-	0,3	0,068	1,1	7
13056	Anone ou chérimole, chair sans peau, crue	fruits	80	1,57	15,4	12,9	0,68	0,23	3	7
13061	Feijoa, chair sans peau, crue	fruits	-	0,71	8,2	8,2	0,42	0,1	6,4	3
13063	Figue de Barbarie, chair et peau, avec pépins, crue	fruits	51,5	0,12	9,79	1,02	0,11	0,01	5,3	4
13066	Kaki, chair et peau, cru	fruits	66	0,88	14,3	13,9	< 0,3	< 0,01	3,4	< 5
13067	Citron vert ou lime, chair sans peau, sans pépins, cru	fruits	39,3	1,13	3,14	2,1	< 0,3	< 0,01	4,3	6
13071	Mûre noire (du mûrier), crue	fruits	-	1,44	8,1	8,1	0,39	0,027	1,7	10
13077	Ramboutan ou rambutan, chair sans peau, sans noyau, crue	fruits	-	0,65	20	-	0,21	-	0,9	11
13080	Tamarin, fruit mûr, chair sans peau, avec pépins, cru	fruits	-	2,8	57,4	38,8	0,6	0,27	5,1	28
13083	Goyave, chair sans peau, crue	fruits	68,3	2,55	9,02	8,92	0,95	0,27	5,4	2
13085	Pomme Canada, chair sans peau, crue	fruits	51,1	0,4	11,6	11	0,1	-	1,6	3,69
13086	Pomme Golden, chair sans peau, crue	fruits	50,4	0,25	11,7	11,3	< 0,5	< 0,01	2,5	< 5
13100	Prune, sans noyau, crue	fruits	51,6	0,7	9,92	9,92	0,28	0,017	1,4	0
13101	Raisin Chasselas, cru	fruits	77,8	0,75	16,9	16,5	0,5	0,12	2	< 5
13110	Griotte, crue	fruits	-	1	10,6	8,49	0,3	0,068	1,6	3
13113	Canneberge ou cranberry, crue	fruits	-	0,88	7,6	4,04	0,17	0,011	5,65	14
13121	Pomme Granny Smith, chair sans peau, crue	fruits	51	0,25	11,4	10,6	< 0,5	< 0,01	2,6	< 5
13122	Pomme Granny Smith, chair et peau, crue	fruits	48,6	0,25	10,7	10,1	< 0,5	< 0,01	2,8	< 5
13125	Citron, zeste, cru	fruits	-	1,5	5,4	4,17	0,3	0,039	10,6	6
13126	Sureau, baie, crue	fruits	-	0,66	11,4	6,52	0,5	0,023	7	6
13132	Myrtille, surgelée, crue	fruits	-	0,42	8,9	8,45	0,64	0,032	2,7	1
13134	Salade de fruits, crue	fruits	79,3	0,61	18	14,2	0,24	0,031	1,36	0,81
13136	Framboise, surgelée, crue	fruits	-	1	7	7	0,5	0,048	6,5	3
13148	Nectarine ou brugnon, jaune, chair et peau, sans noyau, crue	fruits	49,5	0,69	11,3	8,8	< 0,5	< 0,01	0,6	< 5
13149	Nectarine ou brugnon, blanche, chair et peau, sans noyau, crue	fruits	49,5	0,81	11,4	8,9	< 0,5	< 0,01	< 0,5	< 5
13150	Mûre (de ronce), surgelée, crue	fruits	-	1,18	10,7	-	0,43	0,015	5	1
13179	Pomelo (dit Pamplemousse) jaune, chair sans peau, sans pépins, cru	fruits	-	0,69	7,31	7,31	0,1	0,014	1,1	0
13180	Pomelo (dit Pamplemousse) rose, chair sans peau, sans pépins, cru	fruits	-	0,77	6,2	6,2	0,14	0,021	1,6	0
13188	Poire Conférence, chair sans peau, crue	fruits	49,1	0,25	11,4	9,4	< 0,5	< 0,01	3,1	< 5
13189	Poire Williams, chair sans peau, crue	fruits	50,2	0,25	11,5	9,4	< 0,5	< 0,01	3,1	< 5
13190	Pomme Chantecler, chair sans peau, crue	fruits	47,2	0,25	11,2	10,8	< 0,5	< 0,01	1,9	< 5
13191	Pomme Gala, chair sans peau, crue	fruits	51,6	0,25	11,9	11,1	< 0,5	< 0,01	1,9	< 5
13192	Pomme Pink lady, chair sans peau, crue	fruits	57,3	0,25	12,8	12,3	< 0,5	< 0,01	2,9	< 5
13193	Pêche blanche, chair et peau, sans noyau, crue	fruits	44,3	0,69	9,48	8,7	< 0,5	< 0,01	2,1	< 5
13194	Pêche blanche, chair sans peau, sans noyau, crue	fruits	44,3	0,63	9,63	7,8	< 0,5	< 0,01	1,1	< 5
13195	Pêche jaune, chair sans peau, sans noyau, crue	fruits	44,5	0,69	9,8	7,6	< 0,5	< 0,01	1	< 5
13395	Raisin cru (aliment moyen)	fruits	71	0,7	16,3	15,4	0,25	0,025	1,11	< 3,77
13396	Pomme, chair sans peau, crue (aliment moyen)	fruits	51,3	0,26	11,9	11,4	0,24	< 0,01	2,39	2,56
13397	Poire, chair, crue (aliment moyen)	fruits	49,7	0,25	11,4	9,4	< 0,5	< 0,01	3,1	< 5
13398	Pêche, chair sans peau, sans noyau, crue (aliment moyen)	fruits	44,4	0,67	9,74	7,66	< 0,5	< 0,01	1,03	< 5
13399	Nectarine ou brugnon, chair et peau, sans noyau, crue (aliment moyen)	fruits	49,5	0,74	11,3	8,84	< 0,5	< 0,01	0,47	< 5
13499	Fruit du jacquier ou jacque, chair sans peau, cru	fruits	-	1,72	20,6	19,1	0,64	0,2	1,5	2
13523	Datte du désert, chair et peau, sans noyau, crue	fruits	-	1,5	31,3	31,3	0,1	0,04	3,6	7
13529	Dourian ou durian, chair sans peau, sans noyau, cru	fruits	-	1,47	23,3	-	5,33	-	3,8	2
13547	Kaki de brousse, fruit, cru	fruits	-	0,58	17,1	12,5	0,19	0,02	3,6	1
13549	Kumquat, chair et peau, sans pépin, cru	fruits	-	1,88	9,6	9,36	0,86	0,1	6,5	10
13552	Longan, chair sans peau, sans noyau, cru	fruits	-	1,31	14	-	0,1	-	1,1	0
13564	Nèfle du Japon, chair et peau, sans noyau, crue	fruits	48,1	0,43	9,9	6,1	0,2	0,04	1,7	1
13583	Prune violette, sans noyau, crue	fruits	46,4	0,8	9,6	9,6	0,1	-	1,94	-
13614	Pamplemousse chinois, chair sans peau, sans pépins, cru	fruits	38,4	0,76	7,14	-	0,04	-	1	1
13620	Pomme Golden, chair et peau, crue	fruits	54,1	0,25	12,8	11,5	< 0,5	< 0,01	1,4	< 5
13621	Raisin noir Muscat, cru	fruits	86,6	0,69	20	19,6	< 0,5	< 0,01	2,7	< 5
13742	Melon miel ou melon honeydew, chair sans peau, sans pépins, cru	fruits	22,2	0,54	4,3	4,25	0,14	0,038	0,8	18
13997	Fruits rouges, crus (framboises, fraises, groseilles, cassis)	fruits	-	1	7	6,99	0,5	0	4,5	4
13999	Fruit cru (aliment moyen)	fruits	56,6	0,69	12,1	10,4	0,26	0,02	1,98	3,47
13038	Compote de pomme, préemballée	fruits	107	0,25	25,8	22,6	0,23	0,000025	1,54	traces
13119	Pruneau, sans noyau, cuit	fruits	-	1,23	-	-	0,24	0,02	-	2
13129	Compote, tout type de fruits, allégée en sucres, préemballée, rayon frais	fruits	63,8	0,17	14,7	14,1	0,073	0	1,89	4,38
13151	Compote de pomme, allégée en sucres, rayon ambiant	fruits	64,3	0,25	15,1	14,3	0,13	0,078	1,3	< 5
13152	Dessert de fruits, tout type de fruits (en taux de sucres : compotes allégées en sucres < desserts de fruits < compotes), préemballé, rayon ambiant	fruits	89,3	0,33	20,6	17,4	0,21	0,041	1,95	2,53
13153	"Purée de fruits, tout type de fruits, type ""compote sans sucres ajoutés"", rayon ambiant"	fruits	56,4	0,25	13,3	11,3	< 0,3	< 0,01	1,7	< 5
13154	Spécialité de fruits, tout type de fruits, sucrée (mélange chairs et/ou purées de fruits, mais toujours avec autre ingrédient), préemballée, rayon ambiant	fruits	72,7	0,28	16,5	15,1	0,41	0,18	1,71	3,9
13174	Spécialité de fruits, tout type de fruits, sans sucres ajoutés (mélange chairs et/ou purées de fruits, mais toujours avec autre ingrédient), préemballée, rayon ambiant	fruits	58,3	0,32	12,7	11,5	0,37	0,14	1,91	2,36
13175	Pomme, chair sans peau, rôtie/cuite au four	fruits	52,7	0,16	12,9	12,6	< 0,5	< 0,15	< 1	< 2
13176	Pomme, chair sans peau, bouillie/cuite à l'eau	fruits	54	0,26	11,2	11	0,36	0,058	2,4	1
13185	Compote ou assimilé, tout type de fruits, sans précision sur la teneur en sucres (allégée en sucres ou non, sans sucres ajoutés…) ni sur le rayon (aliment moyen)	fruits	80,2	0,26	19,1	17,2	0,16	0,02	1,65	1,85
13187	"Purée de pommes, type ""compote sans sucres ajoutés"", rayon ambiant"	fruits	56,4	1,13	11,6	11,6	0,28	0,082	1,7	< 5
13199	Compote, tout type de fruits autres que pomme seule, allégée en sucres, préemballée, rayon ambiant	fruits	65,7	0,25	15,4	14,6	0,2	0,071	1,6	< 5
13203	Rhubarbe, tige, cuite	fruits	18,8	0,94	1,35	1,3	< 0,5	< 0,15	2,3	< 2
13204	Compote de pêche, préemballée	fruits	106	0,63	24,9	24,3	0,1	0,000033	1,65	2,33
13205	Compote d'abricot, préemballée	fruits	103	0,72	24,1	23,3	0,1	0,04	1,47	2
13206	Compote de rhubarbe, préemballée	fruits	111	0,57	25,8	24,4	0,067	0,000033	2,38	2,33
13207	Dessert de fruits, tout type de fruits (en taux de sucres : compotes allégées en sucres < desserts de fruits < compotes), préemballé, rayon frais	fruits	77,3	0,35	17,7	17,1	0,22	0,049	1,78	1,13
13208	Spécialité de fruits divers, sucrée (mélange chairs et/ou purées de fruits, mais toujours avec autre ingrédient), préemballée, rayon frais	fruits	79,2	0,36	18,2	17,1	0,22	0,061	1,87	1,87
13209	Spécialité de fruits, tout type de fruits, sans sucres ajoutés (mélange chairs et/ou purées de fruits, mais toujours avec autre ingrédient), préemballée, rayon frais	fruits	55,6	0,38	12,2	11,2	0,3	0,1	1,8	2,36
13210	"Purée de fruits, tout type de fruits, type ""compote sans sucres ajoutés"", préemballée, rayon frais"	fruits	58,7	0,43	12,7	11,5	0,29	0,064	2,02	1,84
13211	Compote, autres fruits, préemballée	fruits	101	0,25	23,9	23,1	0,072	0,028	2	< 5
13212	Compote de pomme, sans précision sur la teneur en sucres ni sur le rayon (aliment moyen)	fruits	93,5	0,25	22,4	20	0,2	0,025	1,46	< 1,58
13213	Dessert de fruits, tout type de fruits (en taux de sucres : compotes allégées en sucres < desserts de fruits < compotes), préemballé, sans précision sur le rayon (aliment moyen)	fruits	84,4	0,34	19,4	17,3	0,22	0,044	1,88	1,96
13214	"Purée de fruits, tout type de fruits, type ""compote sans sucres ajoutés"", sans précision sur le rayon (aliment moyen)"	fruits	56,4	0,25	13,3	11,3	0,15	0,005	1,7	2,5
13215	Spécialité de fruits, tout type de fruits, (mélange chairs et/ou purées de fruits, mais toujours avec autre ingrédient), sans précision sur la teneur en sucres ni sur le rayon (aliment moyen)	fruits	72,7	0,28	16,5	15,1	0,41	0,18	1,71	3,9
13704	Abricot au sirop (sans précision sur léger ou classique), appertisé, égoutté (aliment moyen)	fruits	67,9	0,59	15,5	14,9	< 0,5	-	1,4	11,6
13705	Macédoine ou cocktail ou salade de fruits, au sirop (sans précision sur léger ou classique), appertisé, égouttée (aliment moyen)	fruits	64,9	0,25	15,2	13	< 0,5	-	2	< 5
13706	Macédoine ou cocktail ou salade de fruits, au sirop, appertisé, égoutté	fruits	71,3	0,25	16,8	13,8	< 0,5	-	2,1	< 5
13707	Macédoine ou cocktail ou salade de fruits, au sirop, appertisé, non égoutté	fruits	74,8	0,25	17,8	14,3	< 0,5	-	1,26	1,2
13708	Macédoine ou cocktail ou salade de fruits, au sirop léger, appertisé, égoutté	fruits	59,1	0,25	13,7	12,2	< 0,5	-	1,9	< 5
13709	Macédoine ou cocktail ou salade de fruits, au sirop léger, appertisé, non égoutté	fruits	59,7	0,25	14	12,3	0,061	0,009	1,18	1,02
13712	Abricot au sirop léger, appertisé, égoutté	fruits	61,1	0,94	13,5	13,1	< 0,5	-	1,4	9,7
13713	Abricot au sirop léger, appertisé, non égoutté	fruits	62,5	0,81	14	14	0,043	0,003	0,83	9,86
13714	Abricot au sirop, appertisé, égoutté	fruits	69,6	0,5	16	15,3	< 0,5	-	1,4	12
13715	Abricot au sirop, appertisé, non égoutté	fruits	69,7	0,29	16,3	15,1	< 0,5	-	0,81	12
13716	Ananas au jus d'ananas, appertisé, égoutté	fruits	56	0,25	12,9	12,8	< 0,5	-	1,4	< 1
13717	Ananas au jus d'ananas, appertisé, non égoutté	fruits	55	0,25	12,9	12,6	< 0,5	-	0,92	0,2
13718	Ananas au sirop léger, appertisé, égoutté	fruits	65,8	0,25	15,3	15,3	< 0,5	-	1,6	1,9
13719	Ananas au sirop léger, appertisé, non égoutté	fruits	66,5	0,25	15,6	15,6	0,078	0,009	1,01	1,86
13724	Litchi, chair sans peau, sans noyau, au sirop léger, appertisé, égoutté	fruits	62,8	0,63	14,3	14	0,19	0,055	1,1	< 2
13730	Pêche, sans noyau, au sirop léger, appertisée, égouttée	fruits	59	0,5	13,5	13,1	< 0,5	-	1,5	< 5
13731	Pêche, sans noyau, au sirop léger, appertisée, non égouttée	fruits	60	0,31	14	12,9	0,038	0,003	0,92	0,9
13734	Poire au sirop léger, appertisée, égouttée	fruits	63,9	0,25	13,9	11,5	0,4	-	2,6	< 5
13735	Poire au sirop léger, appertisée, non égouttée	fruits	62,6	0,3	14,5	12,8	0,12	0,002	1,23	5
13001	Abricot, dénoyauté, sec	fruits	239	2,88	59,1	34,3	0,5	0,19	8,3	< 5
13011	Datte, chair et peau, sans noyau, sèche	fruits	287	1,81	64,7	64,7	0,25	0,075	7,3	39
13013	Figue, sèche	fruits	261	2,9	55	48,4	1,22	0,57	8,15	86,3
13042	Pruneau, sans noyau, sec	fruits	229	1,63	55,4	38,1	0,4	0,16	5,1	< 5
13046	Raisin sec	fruits	322	3	73,2	70,3	0,9	0,31	4,2	5
13051	Mélange apéritif de fruits exotiques, sec	fruits	389	2,19	69,5	59,4	10,5	9,16	3,4	88
13089	Banane, chair sans peau, sèche	fruits	365	3,89	78,4	47,3	1,81	0,7	9,9	3
13111	Pomme, sèche	fruits	247	0,93	55	52,5	0,32	0,052	8,7	87
13118	Pêche, chair et peau, sans noyau, sèche	fruits	329	5	65,4	51,1	1	0,092	14,3	79
13178	Canneberge ou cranberry, séchée, sucrée	fruits	332	0,25	76,4	72,8	1	0,2	5,7	< 5
13183	Baie de goji, séchée	fruits	300	12,1	49	48,4	2,9	0,75	11,8	362
13623	Abricot, dénoyauté, sec, moelleux (réhydraté à 35-45%)	fruits	200	2,31	51,1	29,9	0,4	0,16	3,5	< 5
13996	Fruit séché (aliment moyen)	fruits	267	2,13	61,3	52,1	0,56	0,21	6,43	27
13400	Abricot pays, chair et peau, sans noyau, au sirop, appertisé, non égoutté, prélevé à la Martinique	fruits	-	0,28	13,3	7,3	0,1	-	1,8	-
13401	Abricot pays, chair et peau, sans noyau, cru, prélevé à la Martinique	fruits	-	0,48	10,8	3,7	0,05	-	3,1	-
13402	Ananas, chair sans peau, cru , prélevé à la Martinique	fruits	-	0,56	-	-	0	-	-	-
13403	Caïmite (ou pomme étoile ou pomme de lait), chair sans peau, cru, prélevé à la Martinique	fruits	-	0,31	-	-	2,87	-	-	-
13404	Cerise acérola, chair et peau, sans noyau, crue, prélevée à la Martinique	fruits	-	0,56	-	-	0,097	-	-	-
13405	Chadèque, chair sans peau, sans pépins, cru, prélevé à la Martinique	fruits	-	0,48	-	-	0,3	-	-	-
13406	Chips d'abricot pays, prélevé à la Martinique	fruits	-	0,96	68,7	33,3	18,7	-	6,2	-
13407	Goyave, chair sans peau, purée, prélevée à la Martinique	fruits	-	0,83	-	-	0,0067	-	-	-
13408	Jus de carambole, prélevé à la Martinique, jus filtré	fruits	-	-	-	-	0,15	-	-	-
13409	Jus de carambole, prélevée à la Martinique, jus non filtré	fruits	-	0,063	-	-	0,03	-	-	-
13410	Jus de citron punch (variété petit calibre), pur jus, prélevé à la Martinique	fruits	-	0,48	-	-	0,14	-	-	-
13411	Jus de citron vert (variété gros calibre), pur jus, prélevé à la Martinique	fruits	-	0,69	-	-	0,46	-	-	-
13412	Jus de corossol, prélevé à la Martinique	fruits	-	0,65	-	-	0,43	-	-	-
13413	Jus de fruit de la passion ou maracudja, prélevé à la Martinique, pur jus	fruits	-	1,08	-	-	0,37	-	-	-
13414	Jus de grenade, prélevée à la Martinique	fruits	-	0,69	-	-	0	-	-	-
13415	Jus de lime, pur jus, prélevé à la Martinique	fruits	-	0,35	-	-	0,57	-	-	-
13416	Jus de mandarine commune, pur jus filtré pasteurisé, prélevée à la Martinique	fruits	37,6	-	9,4	9,4	0	-	< 0,5	-
13417	Jus de mandarine commune, pur jus filtré, prélevée à la Martinique	fruits	42,1	0,61	8,63	8,63	0,57	-	< 0,5	-
13418	Jus de mandarine macaque, pur jus filtré, prélevée à la Martinique	fruits	45,5	0,6	10,8	3,87	0	-	< 0,5	-
13419	Jus de moubin, pur jus, prélevé à la Martinique	fruits	-	0,88	-	-	0,19	-	-	-
13420	Jus de pamplemousse (variété locale), pur jus, prélevé à la Martinique	fruits	-	0,42	-	-	0,19	-	-	-
13421	"Jus de prune de cythère verte ""géante"" (variété locale), fruit mûr, pur jus filtré, prélevée à la Martinique"	fruits	33,4	0,29	7,13	4,34	0,19	-	1	-
13422	"Jus de prune de cythère verte ""géante"" (variété locale), fruit vert, pur jus filtré, prélevée à la Martinique"	fruits	32	0,44	6,55	0,03	0,28	-	0,8	-
13423	"Jus de prune de cythère verte ""naine"" (variété hybride), fruit mûr, pur jus filtré, prélevée à la Martinique"	fruits	46,4	0,69	9,97	6,14	0,21	-	0,9	-
13424	"Jus de prune de cythère verte ""naine"" (variété hybride), fruit vert, pur jus filtré, prélevée à la Martinique"	fruits	31,9	0,67	6,34	0,19	0,26	-	0,8	-
13425	Mandarine commune, chair sans peau, sans pépins, au sirop, appertisée, non égouttée, prélevée à la Martinique	fruits	-	-	17,4	17,4	-	-	0,7	-
13426	Mango bassignac, chair sans peau, sans noyau, cru, prélevé à la Martinique	fruits	-	0,32	18,5	-	traces	-	3,2	-
13427	Mangue moussache, chair sans peau, sans noyau, crue, prélevé à la Martinique	fruits	-	1,28	20,9	-	traces	-	2	-
13428	Mangue julie, chair sans peau, sans noyau, crue, prélevée à la Martinique	fruits	-	0,71	18,3	-	traces	-	2,8	-
13429	Mangue verte, chair sans peau, sans noyau, crue, prélevée à la Martinique	fruits	-	1,31	12,2	-	traces	-	3,4	-
13430	Melon, chair sans peau, sans pépins, cru, prélevé à la Martinique	fruits	-	1,08	-	-	0,047	-	-	-
13431	Orange (variété locale), chair sans peau, sans pépins, prélevée à la Martinique	fruits	-	0,6	-	-	0,67	-	-	-
13432	Orange amère, chair sans peau, sans pépins, crue, prélevée à la Martinique	fruits	-	0,73	-	-	0,43	-	-	-
13433	Pastèque, chair sans peau, sans pépins, crue, prélevée à la Martinique	fruits	-	0,77	-	-	0,26	-	-	-
13434	Pomme cajou, chair et peau, crue, prélevée à la Martinique	fruits	-	0,79	-	-	0,11	-	-	-
13435	Pomme cannelle, chair sans peau, sans pépins, crue, prélevée à la Martinique	fruits	-	1,48	-	-	0,57	-	-	-
13436	Pomme d'eau ou pomme malaca, chair sans peau, sans noyau, crue, prélevée à la Martinique	fruits	-	0,44	-	-	0,023	-	-	-
13437	Pomme liane, chair sans peau, avec pépins, crue, prélevée à la Martinique	fruits	-	0,88	-	-	0,22	-	-	-
13438	Prune de cythère, chair et peau, avec pépins, mûre, crue, prélevée à la Martinique	fruits	-	0,54	-	-	0,03	-	-	-
13439	Prune de cythère, chair et peau, avec pépins, verte ou immature, crue, prélevée à la Martinique	fruits	-	0,6	-	-	0,07	-	-	-
13440	Fruit du jacquier ou jacque, chair sans peau, cru, prélevé à la Martinique	fruits	-	1,98	-	-	0,21	-	-	-
13200	Mangue José, chair sans peau, sans noyau, crue, prélevée à La Réunion (Mangifera indica L.)	fruits	88,8	0,75	19,3	18,4	0,5	0,18	1,8	< 5
13201	Ananas Victoria ou Queen Victoria, chair sans peau, crue, prélevé à La Réunion	fruits	69,8	0,94	15,1	14,9	< 0,3	< 0,01	2,4	< 5
13202	Papaye Colombo (fruit mûr), chair sans peau, sans pépins, crue, prélevée à La Réunion (Carica papaya L.)	fruits	38	0,56	7,88	7,7	< 0,3	< 0,01	2,2	< 5
15000	Amande, avec peau, sans sel ajouté	fruits à coque et graines oléagineuses	615	18,8	9,51	4,2	51,3	4,11	12,5	< 5
15001	Cacahuète, sans sel ajouté	fruits à coque et graines oléagineuses	623	22,8	14,8	5,9	49,1	8,4	8,6	8,6
15002	Cacahuète, grillée, salée	fruits à coque et graines oléagineuses	635	22,9	14,2	4,25	50,8	8,63	8,08	501
15004	Noisette, sans sel ajouté	fruits à coque et graines oléagineuses	632	14,4	7,16	4,9	56,9	4,75	11,6	< 5
15005	Noix, cerneau, séchée	fruits à coque et graines oléagineuses	709	13,3	6,88	3	67,3	6,45	6,7	< 5
15006	Noix de coco, chair, fraîche	fruits à coque et graines oléagineuses	369	3,47	4,69	4,69	34,7	30,3	10,6	18,5
15007	Noix de coco, chair, sèche	fruits à coque et graines oléagineuses	692	6,83	7,81	6,93	66,8	60,6	13,7	30,5
15008	Noix du Brésil ou noix d'Amazonie, sans sel ajouté	fruits à coque et graines oléagineuses	701	14,3	4,23	2,33	67,1	16,1	7,5	3
15009	Pistache, grillée, salée	fruits à coque et graines oléagineuses	617	18,9	15,9	7,57	49,5	6,58	9,32	664
15010	Sésame, graine	fruits à coque et graines oléagineuses	606	17,7	12,8	0,3	49,7	6,96	11,8	2,31
15011	Tournesol, graine	fruits à coque et graines oléagineuses	653	21,3	10,1	2,62	55,5	6,23	6,4	9
15014	Noix de coco, amande immature, fraîche	fruits à coque et graines oléagineuses	360	3,33	6,22	6,22	33,5	29,7	9	20
15015	Purée de marrons, appertisée	fruits à coque et graines oléagineuses	102	2,28	22,8	-	-	-	-	1,03
15017	Mélange apéritif de graines salées et fruits séchés	fruits à coque et graines oléagineuses	583	16,9	23,7	23,7	44,1	4,18	5,86	857
15018	Mélange apéritif de graines salées et raisins secs	fruits à coque et graines oléagineuses	561	16,6	27,1	21,6	39,6	4,98	8,4	169
15019	Noix de cajou, grillée, salée	fruits à coque et graines oléagineuses	632	15,2	26,7	8,01	49,5	10,5	3,85	455
15020	Châtaigne, bouillie/cuite à l'eau	fruits à coque et graines oléagineuses	123	2	23	traces	1,38	0,26	4,5	27
15021	Châtaigne, grillée	fruits à coque et graines oléagineuses	211	3,34	41,1	11,3	1,7	0,27	7,1	< 2
15024	Châtaigne, crue	fruits à coque et graines oléagineuses	189	2,02	36,8	7,92	1,76	0,33	8,1	2,5
15025	Pignon de pin	fruits à coque et graines oléagineuses	712	13,7	2,93	1,83	68,4	4,9	10	9
15026	Noix de pécan, sans sel ajouté	fruits à coque et graines oléagineuses	727	9,17	4,25	3,81	72	6,18	9,6	0
15027	Noix de macadamia, sans sel ajouté	fruits à coque et graines oléagineuses	757	7,91	5,22	4,24	75,8	12,1	8,6	5
15032	Luzerne, graine	fruits à coque et graines oléagineuses	426	29,7	39,3	-	12,6	-	7,9	-
15033	Noisette grillée, sans sel ajouté	fruits à coque et graines oléagineuses	684	14,4	8,81	4,89	62,4	4,51	9,4	-
15034	Lin, graine	fruits à coque et graines oléagineuses	528	19	6,49	1,64	40,3	4,26	24,4	40
15035	Sésame, graine décortiquée	fruits à coque et graines oléagineuses	620	20,4	10,3	0,48	51	7,9	11,6	47
15037	Cacahuète, grillée à sec, salée	fruits à coque et graines oléagineuses	615	21,6	17,9	3,7	47,7	7	7,4	700
15038	Sésame, grillé, graine décortiquée	fruits à coque et graines oléagineuses	582	17	9,14	0,48	48	6,72	16,9	39
15039	Châtaigne ou marron, appertisé	fruits à coque et graines oléagineuses	145	1,96	28,8	3,9	1,4	0,4	4	52,1
15041	Amande, émondée, sans sel ajouté	fruits à coque et graines oléagineuses	631	21,4	8,76	4,63	52,5	3,95	9,9	19
15042	Amande, grillée, salée	fruits à coque et graines oléagineuses	647	20	12,2	3,94	53,9	5,68	8,46	380
15043	Noix de macadamia, grillée, salée	fruits à coque et graines oléagineuses	724	7,04	9,95	4,4	70,2	11	9,5	360
15044	Pistache, grillée, sans sel ajouté	fruits à coque et graines oléagineuses	631	18,4	14,9	7,75	51,6	6,45	10,2	7,7
15045	Tournesol, graine, grillé, salé	fruits à coque et graines oléagineuses	626	21,2	12,7	3,3	51	2,2	8,3	2000
15046	Noix de pécan, salées	fruits à coque et graines oléagineuses	731	10,2	5	4,9	73	7,1	3	400
15047	Chia, graine, séchée	fruits à coque et graines oléagineuses	454	16,5	7,72	-	30,7	3,33	34,4	16
15048	Mélange apéritif de graines et fruits séchés, sans sel ajouté	fruits à coque et graines oléagineuses	493	8,29	51	7	26,3	5,07	6,36	117
15049	Mélange apéritif de graines et raisins secs, sans sel ajouté	fruits à coque et graines oléagineuses	541	12,5	31,8	29,4	37,2	4,96	9,6	7
15050	Noisette grillée, salée	fruits à coque et graines oléagineuses	664	13,4	7,67	2,91	61,2	6,43	9,43	333
15052	Lin, brun, graine	fruits à coque et graines oléagineuses	533	18	3,56	1,4	42,2	4,61	26,9	38
15053	Cacahuète, grillée, sans sel ajouté	fruits à coque et graines oléagineuses	644	23,5	14,4	6,01	51,9	6,01	5,7	< 2
15054	Noix de cajou, grillée, sans sel ajouté	fruits à coque et graines oléagineuses	618	17,4	21,3	6,64	48,1	8,24	8,4	6
15055	Noix de cajou, grillée à sec, sans sel ajouté	fruits à coque et graines oléagineuses	630	17,4	23,5	6,63	49	8,87	5,7	8
15057	Cacahuète, grillée, aromatisée	fruits à coque et graines oléagineuses	598	22,8	14,6	3,62	46,6	8,73	7,8	769
15059	Mélange apéritif de graines grillées, salées	fruits à coque et graines oléagineuses	637	18,6	9,69	4,55	54,7	8,91	10,5	376
15062	Amande, grillée, salée, goût fumé	fruits à coque et graines oléagineuses	629	18,6	9,01	4,56	54	4,31	8,25	480
15063	Chanvre ou chènevis, graine décortiquée	fruits à coque et graines oléagineuses	617	30,8	5,38	1,5	48,8	4,6	4	5
15064	Courge, graine, séchée	fruits à coque et graines oléagineuses	618	29,5	5,39	1,4	49,1	8,66	6	7
15065	Fruits à coques et cacahuète, salé (aliment moyen)	fruits à coque et graines oléagineuses	630	20,4	17,6	5,15	50,1	8,28	7,13	537
15066	Fruits à coques et cacahuète, sans sel ajouté (aliment moyen)	fruits à coque et graines oléagineuses	632	15,5	10,5	5,55	55	5,89	10,7	3,88
15202	Beurre de cacahuète ou pâte d'arachide	fruits à coque et graines oléagineuses	643	22,2	17,3	10,5	51,4	10,1	5	426
15203	Tahin ou purée de sésame	fruits à coque et graines oléagineuses	631	17,7	13,8	0,49	53,4	7,48	7	75
20901	Soja, graine entière	fruits à coque et graines oléagineuses	441	36,5	20,9	7,33	19,9	2,88	9,3	2
9081	Blé dur (grains entiers), précuit, cuit, sans sel ajouté	pâtes, riz et céréales	153	5,36	28,2	0,18	1,1	0,19	3,5	17
9103	Riz complet, cuit, sans sel ajouté	pâtes, riz et céréales	187	3,87	37,6	0,13	1,8	0,43	2,1	14
9104	Riz blanc, cuit, sans sel ajouté	pâtes, riz et céréales	155	3,15	33,2	traces	0,7	0,17	1,4	18
9105	Riz blanc étuvé, cuit, sans sel ajouté	pâtes, riz et céréales	146	2,95	31,7	0,11	0,56	0,074	1,1	2,35
9107	Riz blanc, précuit, cuit, sans sel ajouté	pâtes, riz et céréales	-	-	28,1	traces	1,3	-	1	1
9110	Riz rouge, cuit, sans sel ajouté	pâtes, riz et céréales	141	3,45	28,2	traces	0,69	-	4	3,5
9111	Riz sauvage, cuit, sans sel ajouté	pâtes, riz et céréales	102	3,8	19,7	0,73	0,34	0,049	1,8	3
9113	Riz semi-complet, cuit, sans sel ajouté	pâtes, riz et céréales	165	3,63	34,4	traces	1	0,22	1,7	25
9124	Riz thaï, cuit, sans sel ajouté	pâtes, riz et céréales	143	2,38	31,4	traces	0,8	0,14	< 0,5	16
9125	Riz basmati, cuit, sans sel ajouté	pâtes, riz et céréales	148	3,03	32,9	traces	0,4	0,14	< 0,5	18
9313	Flocons d'avoine bouillis/cuits à l'eau	pâtes, riz et céréales	69,1	2,54	10,3	0,23	1,52	0,31	1,7	4
9322	Orge perlée, bouilli/cuite à l'eau, sans sel ajouté	pâtes, riz et céréales	119	2,26	24,4	0,28	0,44	0,093	3,8	3
9331	Mil, cuit, sans sel ajouté	pâtes, riz et céréales	116	3,51	22,4	0,13	1	0,17	1,3	2
9341	Quinoa, bouilli/cuit à l'eau, sans sel ajouté	pâtes, riz et céréales	149	4,66	27,9	0,87	1,1	0,14	3,8	6
9615	Polenta ou semoule de maïs, cuite, sans sel ajouté	pâtes, riz et céréales	76,1	1,38	16,9	0,1	< 0,3	< 0,01	1,6	< 5
9683	Semoule ou graine de couscous, cuite, sans sel ajouté	pâtes, riz et céréales	164	5,81	31	3,36	0,9	0,21	2,8	15
9685	Semoule ou graine de couscous complète, cuite, sans sel ajouté	pâtes, riz et céréales	142	4,28	26,8	1,38	1	0,21	3,7	16
9686	Semoule ou graine de couscous semi-complète, cuite, sans sel ajouté	pâtes, riz et céréales	170	5,59	32,4	1,15	1	0,22	3,2	8
9691	Boulgour de blé, cuit, sans sel ajouté	pâtes, riz et céréales	131	4,31	24,1	traces	1	0,16	3,7	13
9811	Pâtes sèches, standard, cuites, sans sel ajouté	pâtes, riz et céréales	167	6,1	31,4	0,87	1,1	0,2	2,2	19
9816	Pâtes fraîches, aux oeufs, cuites, sans sel ajouté	pâtes, riz et céréales	168	5,76	32	traces	1,3	-	1,5	16,8
9822	Pâtes sèches, aux oeufs, cuites, sans sel ajouté	pâtes, riz et céréales	134	4,57	23	0,8	2	0,42	2	< 5
9824	Pâtes sèches, sans gluten, cuites, sans sel ajouté	pâtes, riz et céréales	163	3,09	34,4	0,49	1,1	0,29	1	5,9
9871	Pâtes sèches, au blé complet, cuites, sans sel ajouté	pâtes, riz et céréales	179	7,35	31,3	0,94	1,4	0,27	5,1	22
9875	Pâtes sèches, sans gluten (à base de riz et maïs), cuites, sans sel ajouté	pâtes, riz et céréales	170	3,15	36,6	traces	0,8	0,35	1,3	< 5
9876	Pâtes sèches, sans gluten (à base de lentilles corail), cuites, sans sel ajouté	pâtes, riz et céréales	168	11,7	25,1	1,03	0,8	0,16	4,9	< 5
9877	Pâtes sèches, semi-complètes, cuites, sans sel ajouté	pâtes, riz et céréales	173	5,71	31,8	0,99	1,2	0,22	4,5	15
9901	Vermicelle de riz, cuite, sans sel ajouté	pâtes, riz et céréales	86,6	1,43	20,1	< 0,2	< 0,5	< 0,01	< 0,5	9,5
9903	Vermicelle de soja, cuite, sans sel ajouté	pâtes, riz et céréales	60	0,29	14,4	0	0,1	-	0,8	2,5
25510	Gnocchi à la pomme de terre, cuit	pâtes, riz et céréales	178	5,01	34,1	1,1	2,05	0,26	1,75	402
51511	Frik (blé dur immature concassé), cuit, sans sel ajouté	pâtes, riz et céréales	76	2,04	14	traces	0,48	-	3,5	2
9001	Épeautre, cru	pâtes, riz et céréales	344	14,6	59,5	6,68	2,43	0,41	10,7	8
9003	Blé de Khorasan, cru	pâtes, riz et céréales	342	14,5	59,5	7,74	2,13	0,2	11,1	5
9060	Blé dur complet, cru	pâtes, riz et céréales	342	13,7	59,3	1,8	2,47	0,45	11,8	2
9080	Blé dur complet, précuit, à cuire	pâtes, riz et céréales	359	13,7	67,7	0,83	1,83	0,37	6,67	4
9100	Riz blanc, cru	pâtes, riz et céréales	350	7,02	77,5	0,12	0,79	0,16	1,53	2,33
9101	Riz blanc étuvé, cru	pâtes, riz et céréales	361	7,33	79,4	0,33	1,02	0,25	1,65	4
9102	Riz complet, cru	pâtes, riz et céréales	350	7,02	71,4	0	2,8	0,56	5	4,1
9108	Riz sauvage, cru	pâtes, riz et céréales	344	11,1	69,2	0,9	0,94	0,15	5,9	2,7
9109	Riz rouge, cru	pâtes, riz et céréales	352	7,97	70,6	traces	3	-	4,5	11
9119	Riz thaï ou basmati, cru	pâtes, riz et céréales	351	7,08	78,4	0	0,63	0,18	1,06	14,2
9121	Riz, mélange de variétés (blanc, complet, rouge, sauvage, etc.), cru	pâtes, riz et céréales	355	7,14	78,1	0,5	1	0,2	1,5	10
9310	Avoine, crue	pâtes, riz et céréales	378	16,9	55,7	1,2	6,9	1,22	10,6	2
9320	Orge complète, crue	pâtes, riz et céréales	334	12,5	56,2	0,8	2,3	0,48	17,3	12
9321	Orge perlée, crue	pâtes, riz et céréales	346	9,91	68,6	0,8	1,16	0,24	9,1	9
9330	Mil complet, cru	pâtes, riz et céréales	360	11	64,3	-	4,22	0,72	8,5	5
9340	Quinoa, cru	pâtes, riz et céréales	358	13,2	58,1	-	6,07	0,71	7	5
9345	Amarante, crue	pâtes, riz et céréales	369	13,5	58,6	1,68	7,02	1,46	6,7	4
9360	Sorgho complet, cru	pâtes, riz et céréales	349	10,6	65,4	2,48	3,46	0,61	6,7	2
9380	Sarrasin complet, cru	pâtes, riz et céréales	362	13,3	67,5	-	3,4	0,74	4	1
9390	Seigle complet, cru	pâtes, riz et céréales	332	10,3	60,8	0,98	1,63	0,2	15,1	2
9610	Semoule de blé dur, crue	pâtes, riz et céréales	350	11,8	69,8	1	1,28	0,23	3,7	1
9612	Mélange de céréales et légumes secs, cru	pâtes, riz et céréales	354	13,7	59	4,5	4	0,5	11	397
9614	Polenta ou semoule de maïs, précuite, à cuire	pâtes, riz et céréales	350	7,88	74	traces	1,8	-	3,2	1,7
9681	Graine de couscous (semoule de blé dur précuite), à cuire	pâtes, riz et céréales	366	12,3	72,7	3,5	1,32	0,26	4,5	7
9690	Boulgour de blé, cru	pâtes, riz et céréales	347	11,7	65,8	0,41	1,42	0,23	10,5	17
9810	Pâtes sèches, standard, crues	pâtes, riz et céréales	364	12	72,7	2,58	1,6	0,33	2,91	6,2
9815	Pâtes fraîches, aux oeufs, crues	pâtes, riz et céréales	283	10,1	53,8	2,54	1,87	0,49	3,17	156
9821	Pâtes sèches, aux oeufs, crues	pâtes, riz et céréales	381	14	68	2,19	4,72	1,34	3,15	34
9863	Pâtes ou nouilles asiatiques sèches, au blé et aux oeufs, nature, crues	pâtes, riz et céréales	371	11,9	71	0,5	3	1	4	397
9870	Pâtes sèches, au blé complet, crues	pâtes, riz et céréales	353	11,8	67,6	1,8	2,2	0,36	6,1	6,2
9874	Pâtes sèches, sans gluten, crues	pâtes, riz et céréales	358	6,06	79	0,5	1,5	0,3	1	3
9900	Vermicelles de riz sèches, crues	pâtes, riz et céréales	365	7,44	80,5	traces	1	0,3	1,2	12
9902	Vermicelles de soja sèches, crues	pâtes, riz et céréales	343	0,29	84,7	traces	0,14	0	1,6	15,6
26264	Gnocchi à la pomme de terre, à cuire	pâtes, riz et céréales	176	4,66	35	3,18	1,42	0,3	2,2	468
26265	Gnocchi à la semoule, à cuire	pâtes, riz et céréales	200	6,2	37	9,9	2,6	0,34	1,9	870
51510	Frik (blé dur immature concassé), cru	pâtes, riz et céréales	323	9,62	55,8	traces	2,25	-	19,3	4,2
54035	Gari, semoule de manioc fermentée et séchée	pâtes, riz et céréales	340	1,12	81,6	-	0,73	-	1,4	61,6
7000	Pain (aliment moyen)	pains et assimilés	276	8,18	55	2,38	1,36	0,34	3,86	499
7001	Pain blanc (par ex. : baguette, boule…)	pains et assimilés	287	8,27	58,3	2,3	1,4	0,45	2,7	500
7002	Pain au levain	pains et assimilés	261	7,41	53,1	2,4	1,3	0,17	2,1	500
7007	Pain de tradition française (par ex. : baguette, boule…)	pains et assimilés	279	8,15	56,7	2,1	1	0,27	3,8	509
7009	Pain blanc précuit, à finir de cuire, préemballé	pains et assimilés	265	7,13	53,9	2,67	1,2	0,4	3,5	439
7010	Pain bis (à la farine T80 ou T110)	pains et assimilés	265	8,6	54	2,39	0,33	0,045	4,2	470
7013	Pain sans gluten précuit, à finir de cuire, préemballé	pains et assimilés	234	2,88	39,8	2,65	5,29	1,1	7,22	-
7098	Pain aux céréales et/ou aux graines, préemballé	pains et assimilés	282	8,27	39,7	4,9	7,6	0,76	5,8	460
7099	Pain de campagne, préemballé	pains et assimilés	257	6,68	48,7	2,63	2,81	0,38	3,75	505
7100	Pain de campagne	pains et assimilés	253	7,52	50	2,5	1,3	0,42	4,3	474
7106	Pain complet au seigle, préemballé	pains et assimilés	213	5,7	39,5	4,17	0,9	0,24	8,2	495
7107	Pain aux graines sans gluten, préemballé	pains et assimilés	266	4,74	38,8	3,05	8,55	1,11	6,76	-
7109	Pain de mie complet, sans croûte, préemballé	pains et assimilés	245	7,07	42,8	5,91	3,2	0,5	6,6	447
7110	Pain complet ou intégral (à la farine T150)	pains et assimilés	234	8,66	41,2	2,41	1,7	0,56	7,3	470
7111	Pain de mie complet, préemballé	pains et assimilés	257	7,3	41,8	5,63	4,1	0,57	7,3	425
7113	Pain de mie aux céréales et/ou graines, préemballé	pains et assimilés	290	8,84	43,5	5,6	6,6	1,07	5,9	425
7114	Pain azyme, préemballé	pains et assimilés	372	10,7	74,9	3,14	1,67	0,32	5,41	0,005
7115	Pain au son	pains et assimilés	244	8,3	44,4	2,04	1,94	0,2	6,21	470
7116	Pain de mie blanc sans gluten, préemballé	pains et assimilés	242	3,36	41,2	5,16	5,1	0,98	7,4	394
7117	Pain de mie blanc, sans sucres ajoutés, préemballé	pains et assimilés	290	7,01	48,1	6,13	5,9	0,74	4	454
7125	Pain de seigle et froment	pains et assimilés	260	8,27	51,5	2,4	1	0,32	4,5	450
7130	Pain sans gluten, préemballé	pains et assimilés	249	4,58	37,1	5,9	6,6	0,92	9,9	432
7160	Pain blanc, sans sel ajouté	pains et assimilés	282	8,7	57	4,5	1,17	0,3	2,68	-
7170	Pain panini	pains et assimilés	254	7,48	50,6	2,3	1,1	0,2	4,2	988
7180	Pain pita	pains et assimilés	249	7,48	48,8	2,51	1,5	0,2	3,7	543
7200	Pain de mie blanc, préemballé	pains et assimilés	279	7,06	50,4	6,14	4,37	0,54	2,83	429
7201	Pain de mie blanc, sans croûte, préemballé	pains et assimilés	266	6,93	50,2	7,5	3,23	0,48	2,89	429
7210	Pain de mie brioché, préemballé	pains et assimilés	312	7,78	51,4	10,5	7,26	1,33	3,03	447
7255	Pain aux céréales et/ou graines	pains et assimilés	269	9,58	46,9	2,2	3,2	0,45	5,2	450
7256	Muffin anglais complet, petit pain spécial, préemballé	pains et assimilés	205	10,9	31	7,88	1,7	0,35	8,1	368
7257	Muffin anglais, petit pain spécial, préemballé	pains et assimilés	228	9,06	42,5	6,17	1,1	0,43	3,8	358
7258	Pain bagel	pains et assimilés	301	9,83	53	6,48	4,58	1,08	2,7	410
7259	Pain pour burger ou hot dog (bun), préemballé	pains et assimilés	283	8,21	47,2	6,46	4,9	0,84	3,5	450
7260	Pain blanc, fait maison (avec farine pour machine à pain)	pains et assimilés	256	7,81	52,1	-	0,9	0,17	2,6	578
7261	Pain de campagne, fait maison (avec farine pour machine à pain)	pains et assimilés	240	7,98	46,7	-	0,9	0,18	5,1	537
7262	Pain pour burger ou hot dog (bun) complet, préemballé	pains et assimilés	296	8,56	48,2	6,74	6,16	0,94	5,18	413
7263	Bretzel, pain frais	pains et assimilés	330	9,18	54,6	3,58	7,1	0,95	3,8	1340
7813	Tortilla souple (à garnir), à base de maïs	pains et assimilés	316	6,08	58	2,37	5,57	1,13	3,57	430
7815	Tortilla souple (à garnir), à base de blé	pains et assimilés	320	8,01	53	2,12	7,48	1,39	2,89	650
23805	Blinis	pains et assimilés	270	5,94	34,6	4,57	11,5	1,51	2,23	360
7004	Pain blanc, passé au grille-pain	pains et assimilés	317	9,46	64	1,4	1,3	0,52	3,7	602
7300	Biscotte classique	pains et assimilés	394	10	73,2	6,92	5,43	1,29	4,32	509
7301	Biscotte briochée	pains et assimilés	440	8,61	72,1	9,87	11,3	5,04	5,7	460
7302	Biscotte au germe de blé	pains et assimilés	386	10,1	69,9	5,1	5,4	0,97	6,6	513
7310	Biscotte, sans sel ajouté	pains et assimilés	402	10,6	74,7	6,91	5,1	0,98	5,6	3
7330	Biscotte aux céréales	pains et assimilés	404	11,5	68,1	4,81	7,3	1,02	7,6	716
7340	Biscotte au blé complet	pains et assimilés	389	11,3	66	4,96	5,9	1,14	11	492
7347	Cracker de table aux graines	pains et assimilés	445	14,3	49,9	1,67	17,7	2,51	11,6	-
7348	Cracker de table au fromage et aux graines	pains et assimilés	455	17,9	47,3	2,24	18,5	5,84	10,4	-
7349	Cracker de table au blé complet	pains et assimilés	436	12,6	55,6	4,82	15,4	3,88	10,1	-
7351	Cracker de table au froment	pains et assimilés	442	10,4	68,6	1,63	12,3	5,66	4,1	749
7352	Galette de riz complet soufflé	pains et assimilés	381	8,39	77,9	0,55	3	0,75	3,4	88
7353	Galette de céréales soufflées	pains et assimilés	388	10,1	77,9	0,94	2,9	0,66	3,7	85
7354	Galette de maïs soufflé	pains et assimilés	387	7,02	83,5	0,74	1,9	0,45	3	144
7357	Galette de céréale(s) soufflée(s), aux graines	pains et assimilés	382	8,53	77,7	0,58	3,88	0,77	4,63	-
7359	Tartine croustillante au seigle, source ou riche en fibres	pains et assimilés	342	9,29	57,4	1,96	3	0,42	21,9	395
7399	Toast ou pain grillé brioché aux raisins secs, tranches, préemballé	pains et assimilés	405	10,7	74,3	18,8	5,9	2,45	4,03	231
7400	Pain grillé au froment, tranches, préemballé	pains et assimilés	399	9,75	71,8	3,24	6,2	2,12	6,4	592
7402	Pain grillé au blé complet, tranches, préemballé	pains et assimilés	390	10,3	69,4	3,03	5,6	1,84	8	681
7403	Pain grillé brioché, tranches, préemballé	pains et assimilés	427	10,2	67,6	8,4	11,3	5	4,9	415
7407	Petit pain grillé suédois au froment	pains et assimilés	411	8,66	71,6	9,26	8,4	1,18	5,2	345
7409	Petit pain grillé suédois aux céréales et graines	pains et assimilés	404	10,4	68,6	3,24	8,14	1	5,14	613
7410	Tartine craquante extrudée, classique	pains et assimilés	385	9,01	75,8	7,8	3,6	0,79	4,8	639
7414	Tartine craquante extrudées, source ou riche en fibres	pains et assimilés	376	9,86	71,3	5,06	3,5	0,98	7,2	526
7419	Petit pain grillé suédois au blé complet, sans sucres ajoutés	pains et assimilés	391	10,8	65	3,11	7,2	0,8	9,4	562
7420	Petit pain grillé suédois au blé complet	pains et assimilés	402	9,69	65,8	5,68	8,6	0,93	9,3	509
7421	Petit pain grillé suédois aux fruits	pains et assimilés	386	8,85	73,8	11,5	4,9	0,5	3,8	340
7422	Petit pain grillé suédois brioché	pains et assimilés	421	9,43	69,4	8,84	10,6	2,44	3,31	-
7425	Pain grillé aux céréales, tranches, préemballé	pains et assimilés	417	12,8	70	7	7,33	2,41	7,5	630
7431	Croûton, à tartiner, préemballé	pains et assimilés	374	12,3	70	7,5	2,85	1,45	7	500
7432	Croûton nature, préemballé	pains et assimilés	459	9,21	62,4	3,64	17,9	2,66	3,72	680
7500	Chapelure	pains et assimilés	365	9,41	74,3	4,29	1,6	0,46	5,4	288
7525	Gressin, nature (sans sésame)	pains et assimilés	428	11,4	68,8	1,93	10,5	3,21	4,25	773
38500	Croûton, à l'ail, aux fines herbes ou aux oignons, préemballé	pains et assimilés	484	8,87	59	4,33	22,9	3,04	3,37	976
38501	Croûton, au fromage, préemballé	pains et assimilés	535	8,24	52,3	4	32	5,21	2,67	-
9230	Pop-corn ou maïs éclaté, à l'huile, salé	biscuits apéritifs	477	8,3	50,2	2,02	24,6	11,9	10,6	1100
9231	Pop-corn ou maïs éclaté, sans huile, non salé	biscuits apéritifs	419	11	59,7	0,6	12,3	4,57	12,8	8
9232	Pop-corn ou maïs éclaté, au caramel	biscuits apéritifs	421	6,53	73,2	35,9	9,83	3,8	6,8	18,7
38104	Chips, beignet ou pétale à la crevette	biscuits apéritifs	508	3,1	63,7	7,1	26,6	2,4	1	610
38105	Chips de maïs ou tortilla chips, aromatisé	biscuits apéritifs	499	6,53	59,1	2,79	25,4	10,4	4,16	590
38106	Biscuit ou cracker apéritif, soufflé, goût pomme de terre	biscuits apéritifs	475	4,59	60,6	1,39	23	6,49	3,74	1230
38107	Biscuit ou cracker apéritif, mini bretzel ou sticks	biscuits apéritifs	376	11,2	73,7	2	3,13	1,4	4,32	1770
38109	Biscuit apéritif, mini-chou fourré, préemballé	biscuits apéritifs	651	9,75	28,2	5,54	54,7	41,9	1,44	595
38399	Biscuit ou cracker apéritif (aliment moyen)	biscuits apéritifs	480	10,2	61,2	4,41	20,9	10,6	3,34	1030
38401	Biscuit ou cracker apéritif, à base de blé, au fromage	biscuits apéritifs	519	14,8	47	4,36	29,4	13,8	3,86	750
38402	Biscuit ou cracker apéritif, à base de blé, nature ou aromatisé	biscuits apéritifs	499	10,4	59,1	5,45	23,8	12,2	3,12	923
38403	Biscuit ou cracker apéritif, à base de blé, nature, allégé en matière grasse	biscuits apéritifs	410	6,53	73,1	3,97	9,33	4,67	3,67	1200
38404	Biscuit ou cracker apéritif, soufflé, goût cacahuète	biscuits apéritifs	487	13,3	54,8	3,13	22,9	5,94	3,99	749
38405	Biscuit ou cracker apéritif, tuile, à base de pomme de terre	biscuits apéritifs	521	4,63	59,1	2,86	28,8	9,02	3,31	651
38406	Cacahuète enrobée d'un biscuit salé ou aromatisé, pour apéritif	biscuits apéritifs	518	15,8	45,4	4,51	29,7	7,8	3,18	1120
38407	Biscuit ou cracker apéritif, feuilleté (flûtes, torsades, palmiers…), sans fromage	biscuits apéritifs	476	10,9	59,7	1,74	20,7	13,1	3,68	1020
38408	Biscuit apéritif, crêpe dentelle fourrée, préemballée	biscuits apéritifs	555	9,3	48,8	14,2	35,6	23,3	1,25	692
38410	Biscuit ou cracker apéritif, feuilleté (flûtes, torsades, palmiers…), au fromage	biscuits apéritifs	524	13,1	50,2	2,14	29,6	19,1	2,2	1010
38411	Biscuit ou cracker apéritif, à base de blé, assortiment	biscuits apéritifs	501	8,88	58,2	6,87	25,3	5,76	2,78	751
38413	Biscuit ou cracker apéritif, gaufrette fourrée	biscuits apéritifs	585	10,4	39,6	9,44	42,4	37,4	2,19	738
38414	Gressin, au sésame	biscuits apéritifs	443	12,8	59,3	3,06	15,7	5,24	4,64	678
38415	Gressin, au sésame, allégé en matière grasse	biscuits apéritifs	427	14	56,8	1,9	13,9	3,1	6,77	713
38416	Biscuit ou cracker apéritif, à base de riz et cacahuètes enrobées, mélange japonais	biscuits apéritifs	409	10,8	72	10,1	8,27	1,91	1,94	401
38417	Chips de maïs ou tortilla chips, nature	biscuits apéritifs	488	6,1	62,6	1,1	22,5	7,5	4,33	350
38419	Biscuit ou cracker apéritif, soufflé, goût bacon	biscuits apéritifs	513	6,5	62,2	1,55	25,9	8,55	2,45	880
38420	Biscuit ou cracker apéritif, soufflé, nature	biscuits apéritifs	464	7,17	64	3,74	19,2	7,84	3,53	1070
38421	Biscuit ou cracker apéritif, soufflé, goût fromage	biscuits apéritifs	510	7,29	57,6	3,26	27,3	12,8	2,64	890
38422	Biscuit ou cracker apéritif, soufflé, sans précision (aliment moyen)	biscuits apéritifs	535	10,5	48,8	9,63	32,6	27,3	2,12	642
4090	Fécule de pomme de terre	farines	348	0	86,3	-	0,2	0,039	0,55	3,75
9410	Farine de blé tendre ou froment T110	farines	343	9,61	68,6	1,6	1,5	0,27	6,8	< 5
9415	Farine de blé tendre ou froment T150	farines	342	11,4	64,9	1,77	1,52	0,22	10,2	14
9435	Farine de blé tendre ou froment T65	farines	346	10	71,5	1,5	1	-	3,5	12
9436	Farine de blé tendre ou froment T55 (pour pains)	farines	350	9,03	73,7	1,5	1	0,19	3,2	< 5
9437	Farine de blé tendre ou froment avec levure incorporée	farines	350	9,12	74	2,5	1	0,5	2,5	-
9440	Farine de blé tendre ou froment T45 (pour pâtisserie)	farines	355	8,44	76,5	0,44	0,82	0,13	2,5	39
9445	Farine de blé tendre ou froment T80	farines	355	9,95	73,2	1,77	1,18	0,17	4,2	< 2,72
9480	Farine d'épeautre (grand épeautre)	farines	352	11,4	64	1,3	3	0,5	9,3	< 5
9510	Amidon de maïs ou fécule de maïs	farines	365	0,26	90,4	0	0,05	0,009	0,9	9
9520	Farine de riz	farines	357	7,62	73,9	0,9	2,5	0,46	3,3	< 5
9530	Farine de seigle T170	farines	315	15,9	44,8	2,31	2,22	0,27	23,8	2
9532	Farine de seigle T85	farines	345	9,82	68,7	0,93	1,33	0,15	8	2
9533	Farine de seigle T130	farines	344	7,24	70,9	1,59	1,12	0,22	9,5	3,63
9540	Farine de sarrasin	farines	348	11,5	68,4	0,03	2,19	0,58	4,2	24
9545	Farine de maïs	farines	362	5,59	80,9	0,64	1,39	0,17	1,9	1
9550	Farine d'orge	farines	337	10,5	64,4	0,8	1,6	0,34	10,1	4
9555	Farine de millet	farines	350	10,2	63,2	0,5	4,1	0,76	9,7	< 5
9570	Farine de châtaigne	farines	362	5,69	70,4	-	3,43	0,52	12,6	-
9580	Farine de pois chiche	farines	359	22,4	47	10,9	6,69	0,69	10,8	64
20915	Farine de soja complète	farines	457	34,5	25,7	7,5	20,7	2,99	9,6	13
96781	Amidon de riz	farines	343	0,6	85	-	0	-	traces	-
23399	Pâte brisée, préemballée, cuite (aliment moyen)	pâtes à tarte	473	7,47	46,4	4,9	26,4	4,14	8,5	690
23402	Pâte à pizza fine, préemballée, crue	pâtes à tarte	285	7,57	47,4	2,9	6,6	1,29	1,6	726
23410	Pâte brisée, matière grasse végétale, préemballée, crue	pâtes à tarte	392	5,17	42,7	3	21,7	11,3	1,67	459
23412	Pâte brisée, matière grasse végétale, préemballée, cuite	pâtes à tarte	473	7,47	46,4	4,9	26,4	4,14	8,5	690
23414	Pâte brisée, pur beurre, préemballée, crue	pâtes à tarte	390	5,93	45	2,5	20	13	2	675
23415	Pâte brisée, pur beurre, surgelée, préemballée, crue	pâtes à tarte	387	5,65	43,3	7,55	20,7	11,5	1,6	-
23416	Pâte brisée, pur beurre, préemballée, cuite	pâtes à tarte	497	7,58	61,1	3,22	23,9	16,1	1,7	500
23420	Pâte feuilletée, matière grasse végétale, crue	pâtes à tarte	385	5,75	41	2,3	21,4	10,5	1,5	453
23424	Pâte feuilletée, pur beurre, préemballée, crue	pâtes à tarte	370	5,47	40	3	20	14	3	672
23425	Pâte feuilletée, pur beurre, surgelée, préemballée, crue	pâtes à tarte	398	4,99	35,3	1,33	25,8	17,7	1,4	-
23426	Pâte feuilletée, pur beurre, préemballée, cuite	pâtes à tarte	560	5,73	42	1,05	40,5	28,3	1,2	413
23430	Feuille de brick ou khatfa, préemballée, cuite à sec sans matière grasse	pâtes à tarte	277	6,16	57,1	7	1,76	0,28	3	-
23440	Pâte sablée, préemballée, crue	pâtes à tarte	419	5,31	50	13	21,8	9,94	0,95	101
23442	Pâte sablée, préemballée, cuite	pâtes à tarte	504	5,7	64,3	22,9	24,6	11,8	1,5	107
23444	Pâte sablée, pur beurre, préemballée, crue	pâtes à tarte	383	5,95	53,6	13,4	15,8	10,6	1,65	14,1
23445	Pâte phyllo ou pâte filo, crue	pâtes à tarte	289	7,1	50,7	0,18	6	1,47	1,9	483
23446	Pâte sablée, pur beurre, surgelée, préemballée, crue	pâtes à tarte	423	4,9	60,9	21,3	17,5	12	1,2	-
23448	Pâte sablée, pur beurre, préemballée, cuite	pâtes à tarte	469	6,2	63	20,1	20,9	13,7	1,9	188
37001	Pâte à pizza, préemballée, crue	pâtes à tarte	240	7,05	44,2	1,4	3,45	0,25	2,2	630
51550	Feuille de brick ou khatfa, préemballée	pâtes à tarte	283	7	59	2	1,5	0,1	2,5	1300
96778	Pâte à pizza, préemballée, cuite	pâtes à tarte	321	7,75	54,6	3,3	7,1	1,74	2,5	681
6584	Viande blanche, cuite (aliment moyen)	viandes cuites	177	28	0,1	0,0023	7,12	2,45	0,0019	71,4
6585	Viande rouge, cuite (aliment moyen)	viandes cuites	170	26,3	0,025	0	7,22	2,81	0	89,9
6999	Viande cuite (aliment moyen)	viandes cuites	174	27,2	0,14	0,0075	7,18	2,59	0,0084	80,1
36042	Volaille, viande cuite (aliment moyen)	viandes cuites	152	27,8	0,031	traces	4,36	1,23	0	78,5
36900	Volaille, cuite (aliment moyen)	viandes cuites	167	27,3	0,033	0,0037	6,37	2,07	0,0029	102
6100	Boeuf, entrecôte, partie maigre grillée/poêlée	viandes cuites	198	25,5	0	0	10,7	4,75	0	58
6101	Boeuf braisé	viandes cuites	240	32,1	0	0	12,4	5,72	0	-
6104	Boeuf, gîte à la noix cuit	viandes cuites	102	21	0,2	0	1,9	0,8	0	-
6105	Boeuf, faux-filet rôti/cuit au four	viandes cuites	194	28,8	0	0	8,71	3,62	0	-
6110	Boeuf, faux-filet grillé/poêlé	viandes cuites	182	27,1	0	0	8,17	3,39	0	56
6123	Boeuf, plat de côtes braisé ou bouilli/cuit à l'eau	viandes cuites	269	37,3	0	0	13,3	5,58	0	50
6131	Boeuf, hampe grillée/poêlée	viandes cuites	174	21,6	0	0	9,76	4,36	0	-
6141	Boeuf, joue, braisée ou bouillie/cuite à l'eau	viandes cuites	236	39,2	0	0	8,82	3,19	0	-
6151	Boeuf, jarret bouilli/cuit à l'eau	viandes cuites	161	31	0	0	4,1	1,13	0	-
6161	Boeuf, tende de tranche grillée/poêlée	viandes cuites	141	28,7	0	0	2,92	0,98	0	-
6162	Boeuf, tende de tranche rôtie/cuite au four	viandes cuites	146	29,8	0	0	3,03	1,03	0	-
6200	Boeuf, steak ou bifteck grillé/poêlé	viandes cuites	128	27,6	0	0	1,95	0,98	0	63,9
6205	Boeuf, onglet grillé/poêlé	viandes cuites	171	23	0	0	8,8	-	0	-
6207	Boeuf, rumsteck grillé/poêlé	viandes cuites	138	29	traces	traces	2,1	0,81	0	63
6208	Boeuf, boule de macreuse grillée/poêlée	viandes cuites	144	26,7	0	0	4,11	1,53	0	-
6210	Boeuf, rosbif rôti/cuit au four	viandes cuites	126	24,1	0,3	0	3,16	0,62	0	70,4
6211	Boeuf, bavette d'aloyau grillée/poêlée	viandes cuites	162	25	0	0	6,94	2,73	0	-
6214	Boeuf, boule de macreuse rôtie/cuite au four	viandes cuites	147	27,3	0	0	4,2	1,59	0	-
6230	Boeuf, à bourguignon ou pot-au-feu, cuit	viandes cuites	172	34	0	0	4,05	2,77	0	-
6241	Boeuf, collier braisé	viandes cuites	184	33	0	0	5,8	1,97	0	-
6251	Boeuf, steak haché 5% MG cuit	viandes cuites	155	25,5	0	0	5,85	2,89	0	65
6253	Boeuf, steak haché 10% MG cuit	viandes cuites	210	26,1	0	0	11,8	4,63	0	68
6255	Boeuf, steak haché 15% MG cuit	viandes cuites	239	23,6	0	0	16,1	5,9	0	84,3
6257	Boeuf, steak haché 20% MG cuit	viandes cuites	265	23	0	0	19,2	8,14	0	75
6259	Boeuf, steak haché, cuit (aliment moyen)	viandes cuites	229	23,8	0	0	14,9	5,57	0	81,7
6271	Boeuf, paleron, braisé ou bouilli/cuit à l'eau	viandes cuites	251	36,8	0,2	0	11,4	4,5	0	67
6310	Boeuf, queue bouillie/cuite à l'eau	viandes cuites	196	28	0	0	9,3	3,72	0	-
6511	Veau, côte grillée/poêlée	viandes cuites	156	25,1	0	0	6,24	2,11	0	100
6512	Veau, carré grillé/poêlé	viandes cuites	171	28	0	0	6,6	2,64	0	-
6520	Veau, escalope cuite	viandes cuites	147	31	0	0	2,5	0,82	0	58,9
6523	Veau, noix grillée/poêlée	viandes cuites	147	29,1	0	0	3,44	1,06	0	-
6524	Veau, noix rôtie/cuite au four	viandes cuites	147	29,1	0	0	3,44	1,06	0	-
6531	Veau, filet rôti/cuit au four	viandes cuites	212	24,8	0,5	0	12,3	5,26	0	93
6551	Veau, rôti cuit	viandes cuites	143	28,1	0	0	3,39	1,22	0	68
6562	Veau, épaule grillée/poêlée	viandes cuites	166	27,6	0	0	6,17	2,07	0	-
6563	Veau, épaule braisée ou bouillie	viandes cuites	219	36,4	0	0	8,14	2,91	0	-
6564	Veau, viande, cuite (aliment moyen)	viandes cuites	164	29,1	0,011	0	5,25	1,87	0	74,6
6581	Veau, jarret braisé ou bouilli	viandes cuites	207	37,4	0	0	6,43	1,95	0	-
6582	Veau, tête, bouillie/cuite à l'eau	viandes cuites	187	21	0	0	11,4	4,18	0	-
6591	Veau, collier braisé ou bouilli	viandes cuites	233	34,9	0	0	10,4	3,5	0	-
28010	Porc, épaule cuite	viandes cuites	253	30	0	0	14,8	5,56	0	46,4
28101	Porc, côte grillée/poêlée	viandes cuites	211	29,6	0	0	10,3	4,11	0	57
28103	Porc, rouelle de jambon cuite	viandes cuites	266	36,9	0	0	13,1	-	0	72
28105	Porc, carré cuit	viandes cuites	206	34,1	0,6	0	7,45	3,03	0	38,8
28202	Porc, filet maigre, en rôti, cuit	viandes cuites	198	28,3	0	0	9,39	-	0	61
28203	Porc, filet mignon cuit	viandes cuites	168	26,1	0	0	7,1	2,58	0	50,4
28205	Porc, viande, cuite (aliment moyen)	viandes cuites	207	29,4	0,22	0	9,89	3,69	0	47,2
28301	Porc, rôti cuit	viandes cuites	163	30,5	0,65	0	4,31	1,32	0	32,3
28401	Porc, travers braisé	viandes cuites	332	23,1	0	0	26,6	10,8	0	48,8
28451	Porc, échine rôtie/cuite au four	viandes cuites	295	26,2	0	0	21,2	-	0	58
28461	Porc, escalope de jambon cuite	viandes cuites	200	36	0	0	6,2	1,85	0	76,5
36004	Poulet, cuisse, viande et peau rôtie/cuite au four	viandes cuites	205	25,9	traces	0	11,3	4,44	0	91
36005	Poulet, viande et peau rôties/cuites au four	viandes cuites	204	28,9	0	0	9,88	3,08	0	160
36006	Poulet, cuisse, viande rôtie/cuite au four	viandes cuites	171	24,8	0	0	8,03	2,2	0	104
36018	Poulet, filet sans peau grillé/poêlé	viandes cuites	141	30,1	0	traces	2	0,58	0	56
36030	Poulet, cuisse, viande bouillie/cuite à l'eau	viandes cuites	188	24,8	0,7	0	9,52	-	0	90
36031	Poulet, cuisse, viande et peau bouillie/cuite à l'eau	viandes cuites	187	26,1	< 0,55	< 0,2	9,1	2,64	0	73
36032	Poulet, poitrine, viande et peau rôties/cuites au four	viandes cuites	189	29,8	0	0	7,78	2,19	0	71
36033	Poulet, aile, viande et peau rôties/cuites au four	viandes cuites	247	23,8	0	0	16,9	4,98	0	98
36041	Poulet, filet sans peau grillé/poêlé, bio	viandes cuites	144	31,1	0	traces	1,8	0,62	0	46
36302	Dinde, viande rôtie/cuite au four	viandes cuites	151	29,1	0	0	3,84	1,13	0	101
36306	Dinde, escalope grillée/poêlée	viandes cuites	124	28,5	0	-	1,09	0,51	0	65,2
36308	Dinde, escalope rôtie/cuite au four	viandes cuites	139	30,1	0	0	2,08	0,59	0	99
21007	Mouton, gigot rôti/cuit au four	viandes cuites	-	-	0	0	14	-	0	-
21501	Agneau, côtelette grillée/poêlée	viandes cuites	240	25,7	0	0	15,2	6,65	0	-
21503	Agneau, gigot rôti/cuit au four	viandes cuites	169	26,8	0	0	6,85	2,63	0	75,5
21506	Agneau, épaule rôtie/cuite au four	viandes cuites	252	30,5	0	0	14,5	5,26	0	95,5
21507	Agneau, épaule maigre rôtie/cuite au four	viandes cuites	197	24,9	0	0	10,8	4,08	0	68
21508	Agneau, collier braisé ou bouilli	viandes cuites	365	33,6	0	0	25,6	-	0	-
21509	Agneau, côte filet grillée/poêlée	viandes cuites	157	26,3	0	0	5,78	2,21	0	-
21512	Agneau, côte première grillée/poêlée	viandes cuites	185	26,1	0	0	9,01	3,67	0	73
21513	Agneau, selle, partie maigre rôtie/cuite au four	viandes cuites	153	26,1	0	0	5,45	2,01	0	64
21518	Agneau, gigot grillé/poêlé	viandes cuites	174	27,6	0	0	7,08	2,63	0	-
21519	Agneau, gigot braisé	viandes cuites	222	35,2	0	0	9,03	3,46	0	-
21520	Agneau, selle, partie maigre grillée/poêlée	viandes cuites	153	26,1	0	0	5,45	2,05	0	-
21522	Agneau, côte ou côtelette, cuite (aliment moyen)	viandes cuites	157	26,3	0	0	5,78	2,21	0	-
21523	Agneau, viande, cuite (aliment moyen)	viandes cuites	193	28,5	0	0	8,78	3,14	0	-
21524	Agneau, côte ou côtelette, grillée/poêlée (aliment moyen)	viandes cuites	157	26,3	0	0	5,78	2,21	0	-
14000	Chevreuil, viande rôtie/cuite au four	viandes cuites	174	32,6	0	0	4,8	1,25	0	70
14003	Sanglier, viande rôtie/cuite au four	viandes cuites	153	28,3	0	0	4,38	1,3	0	60
14007	Cerf, viande rôtie/cuite au four	viandes cuites	150	30,2	0	0	3,19	1,25	0	54
14008	Gibier à poil, cuit (aliment moyen)	viandes cuites	160	30,2	0	0	4,36	1,26	0	61,2
36402	Faisan, viande rôtie/cuite au four	viandes cuites	239	32,4	0	0	12,1	3,91	0	43
36603	Gibier à plumes, viande, cuit (aliment moyen)	viandes cuites	203	24,9	0	0	11,5	4,05	0	276
6902	Cheval, viande rôtie/cuite au four	viandes cuites	138	28	0	0	2,85	2,41	0	39,8
6906	Cheval, tende de tranche grillée/poêlée	viandes cuites	135	27,9	0	0	2,58	0,77	0	-
6907	Cheval, faux-filet grillé/poêlé	viandes cuites	163	26,6	0	0	6,27	2,1	0	-
6908	Cheval, entrecôte grillée/poêlée	viandes cuites	169	28,2	0	0	6,24	1,99	0	-
6909	Cheval, faux-filet rôti/cuit au four	viandes cuites	173	28,3	0	0	6,68	2,23	0	-
6910	Cheval, tende de tranche rôtie/cuite au four	viandes cuites	144	29,7	0	0	2,75	0,82	0	-
21801	Chevreau, viande cuite	viandes cuites	136	27,1	0	0	3,03	0,93	0	86
34000	Lapin, viande braisée	viandes cuites	197	30,4	0	0	8,41	2,51	0	37
34002	Lapin, viande cuite	viandes cuites	167	20,5	0,5	0	9,2	3,42	0	63,2
34004	Lapin de garenne, viande cuite	viandes cuites	164	33	0	0	3,51	1,05	0	45
36051	Chapon, viande et peau rôties/cuites au four	viandes cuites	221	29	0	-	11,7	3,26	0	49
36102	Caille, viande et peau cuites	viandes cuites	206	26,8	0	0	10,9	3,51	0	52
36200	Canard, viande et peau rôties/cuites au four	viandes cuites	331	19	0	0	28,4	9,67	0	59
36202	Canard, viande rôtie/cuite au four	viandes cuites	194	23,3	0	0	11,2	3,95	0	154
36205	Canard, magret grillé/poêlé	viandes cuites	188	26,7	0	0	9,05	3,35	0	435
36502	Oie, viande rôtie/cuite au four	viandes cuites	230	29	0	-	12,7	-	0	76
36503	Oie, viande et peau rôties/cuites au four	viandes cuites	298	25,2	0	0	21,9	6,87	0	70
36602	Pigeon, viande rôtie/cuite au four	viandes cuites	213	23,9	0	0	13	3,74	0	57
36801	Autruche, viande cuite	viandes cuites	168	26,2	0	0	7,07	-	0	80
40003	Cervelle, agneau, cuite	viandes cuites	142	12,6	0,19	-	10,2	2,6	0	134
40004	Cervelle, porc, braisée	viandes cuites	174	12,4	< 0,05	-	13,8	3,14	0	131
40007	Cervelle, veau, cuite	viandes cuites	135	11,5	0,6	-	9,63	2,18	0	156
40053	Coeur, boeuf, cuit	viandes cuites	133	23	0	0	4,5	1,81	0	59
40056	Coeur, poulet, cuit	viandes cuites	177	26,4	0,1	-	7,92	2,26	0	48
40057	Coeur, dinde, cuit	viandes cuites	167	24,9	0	0	7,52	1,9	0	140
40059	Coeur, agneau, cuit	viandes cuites	179	25	1,93	-	7,91	3,14	0	63
40103	Foie, agneau, cuit	viandes cuites	162	23	4,37	-	5,8	1,81	0	124
40105	Foie, génisse, cuit	viandes cuites	165	26,3	2,2	0	5,71	1,69	0	77
40107	Foie, veau, cuit	viandes cuites	140	19	9,23	-	3,02	0,98	0	89
40109	Foie, volaille, cuit	viandes cuites	164	25,8	0	-	6,4	2,5	0	99
40113	Foie, porc, cuit	viandes cuites	159	26	3,76	-	4,4	1,41	0	49
40116	Foie, poulet, cuit	viandes cuites	160	24,5	0,86	0	6,51	2,06	0	76
40118	Foie, dinde, cuit	viandes cuites	182	27	0	0	8,18	2,3	0	98
40201	Langue, veau, cuite	viandes cuites	237	21	0	-	17	4,83	0	64
40203	Langue, boeuf, cuite	viandes cuites	236	23,7	0,22	0	15,6	6,05	0	65
40303	Ris, agneau, cuit	viandes cuites	228	22,8	0,25	-	15,1	6,84	0	52
40305	Ris, veau, braisé ou grillé/poêlé	viandes cuites	174	21	9,52	0	5,8	1,65	0	59
40401	Rognon, cuit (aliment moyen)	viandes cuites	165	26,3	0,018	0	6,68	2,08	0	-
40403	Rognon, boeuf, cuit	viandes cuites	171	27	0	0	7	2,2	0	94
40405	Rognon, porc, cuit	viandes cuites	144	25,4	0	-	4,7	1,51	0	80
40406	Rognon, agneau, braisé	viandes cuites	131	23,7	0,99	0	3,62	1,23	0	151
40408	Rognon, veau, braisé ou grillé/poêlé	viandes cuites	167	26	0	0	7	2,14	0	-
40601	Abat, cuit (aliment moyen)	viandes cuites	159	27,4	2,18	< 0,12	4,58	1,54	< 0,45	396
40701	Gésier, canard, confit, appertisé	viandes cuites	148	32,4	0	< 0,2	2,1	0,7	< 1	766
6001	Boeuf, côte crue	viandes crues	251	18,7	0	0	19,6	-	0	65
6002	Boeuf, épaule crue	viandes crues	130	21,4	0	0	4,97	1,96	0	72
6003	Boeuf, basse-côte crue	viandes crues	201	19	1,45	< 0,5	13,2	5,94	0	68
6102	Boeuf, gîte à la noix cru	viandes crues	187	20,7	0	0	11,5	4,54	0	56
6103	Boeuf, entrecôte crue	viandes crues	231	19,4	0	0	17,1	8,07	0	29,8
6106	Boeuf, rond de gîte cru	viandes crues	111	22,9	0,38	< 0,5	2,02	0,73	0	60,2
6111	Boeuf, faux-filet cru	viandes crues	152	22,3	0,6	0	6,74	-	0	32,2
6116	Boeuf, filet cru	viandes crues	132	21,6	0,22	< 0,5	4,95	2,06	0	61,8
6122	Boeuf, plat de côtes cru	viandes crues	287	18,4	0	0	23,7	10,6	0	49
6130	Boeuf, hampe crue	viandes crues	154	19	0	0	8,63	3,91	0	59,3
6140	Boeuf, joue crue	viandes crues	136	22,3	0,4	0	5,02	1,81	0	71
6150	Boeuf, jarret cru	viandes crues	-	-	0	0	4,25	1,22	0	-
6160	Boeuf, tende de tranche crue	viandes crues	116	23,1	0,57	0	2,34	0,8	0	31,1
6201	Boeuf, steak ou bifteck cru	viandes crues	229	18,7	0,06	0	17,2	6,91	0	58,7
6202	Boeuf, boule de macreuse crue	viandes crues	118	21,8	0	0	3,36	1,23	0	37,9
6204	Boeuf, onglet cru	viandes crues	138	19,9	0,62	< 0,5	6,18	2,76	0	70,9
6206	Boeuf, rumsteck cru	viandes crues	118	23,5	0,4	0	2,5	0,78	0	54
6212	Boeuf, bavette d'aloyau crue	viandes crues	133	20,4	0	0	5,67	2,2	0	34,4
6231	Boeuf, à bourguignon ou pot-au-feu, cru	viandes crues	164	24	0	0	7,5	2,7	0	41,8
6240	Boeuf, collier cru	viandes crues	198	20,1	0,78	< 0,5	12,7	5,41	0	67,5
6250	Boeuf, steak haché 5% MG cru	viandes crues	130	21,9	0,3	0	4,59	1,64	0	37,8
6252	Boeuf, steak haché 10% MG cru	viandes crues	170	20	0	0	10	3,93	0	66
6254	Boeuf, steak haché 15% MG cru	viandes crues	215	20,2	0,47	0	14,8	6,86	0	41,7
6256	Boeuf, steak haché 20% MG cru	viandes crues	249	17,2	0	0	20	7,58	0	66
6270	Boeuf, paleron cru	viandes crues	144	21,2	0	0	6,54	2,59	0	49
6311	Boeuf, queue crue	viandes crues	203	21,5	0,23	< 0,5	12,9	4,41	0	111
6510	Veau, côte crue	viandes crues	189	18,3	0	0	12,9	4,84	0	43,4
6513	Veau, carré cru	viandes crues	128	19,3	0,4	0	5,44	2,26	0	83
6521	Veau, escalope crue	viandes crues	114	20,5	0,58	0	3,28	0,83	0	38,7
6522	Veau, noix,crue	viandes crues	111	21,8	0	0	2,58	0,79	0	63
6530	Veau, filet cru	viandes crues	95	20,6	0	0	1,4	0,5	0	95
6535	Veau, steak haché 20% MG cru	viandes crues	243	16,7	0,4	0	19,5	8,5	0	74,5
6536	Veau, steak haché 15% MG cru	viandes crues	208	18,2	0	0	15	6,2	0	-
6540	Veau, poitrine crue	viandes crues	203	17,5	0	0	14,8	3,1	0	71
6550	Veau, rôti cru	viandes crues	145	27,3	0	0	3,96	2,27	0	94
6560	Veau, épaule crue	viandes crues	124	20,7	0	0	4,63	1,55	0	61,1
6580	Veau, pied cru	viandes crues	184	19,1	0	0	12	-	0	48
6583	Veau, jarret cru	viandes crues	118	21,3	0	0	3,66	1,11	0	82,8
6590	Veau, collier cru	viandes crues	133	19,8	0	0	5,92	1,99	0	59,9
28001	Porc, épaule crue	viandes crues	178	18,9	0,38	0	11,2	4,41	0	50
28002	Porc, poitrine crue	viandes crues	253	17	0	traces	20,5	7,89	0	56,1
28009	Porc, palette crue	viandes crues	208	24,8	0	0	12,1	4,57	0	73,2
28100	Porc, côte crue	viandes crues	164	19,8	0,38	0	9,3	3,75	0	49,2
28102	Porc, rouelle de jambon crue	viandes crues	149	20,2	0	0	7,56	-	0	56,3
28104	Porc, carré cru	viandes crues	146	22,7	0,4	0	5,94	2,4	0	37,8
28204	Porc, filet mignon cru	viandes crues	123	21,2	0,4	0	4,09	1,69	0	43,8
28300	Porc, rôti cru	viandes crues	153	22,3	0,5	0	6,86	2,84	0	40,2
28302	Porc, échine crue	viandes crues	238	17,1	0,1	0	18,8	5,4	0	73,3
28400	Porc, travers cru	viandes crues	237	18	0,6	0	18	7,16	0	48,3
28460	Porc, escalope de jambon crue	viandes crues	129	21,5	0	0	4,76	1,97	0	49,2
28470	Porc, bardière découennée crue	viandes crues	744	4,51	0,1	0,1	80,6	28,7	0	41,6
28471	Porc, gorge découennée crue	viandes crues	475	11,6	0,14	0,14	47,5	16	0	69,6
28472	Porc, hachage sans jarret, sans bateau, découenné, dégraissé, désossé, cru	viandes crues	187	18,9	0,23	0,23	12,3	4,14	0	80,9
28473	Porc, jambon sans jarret, sans bateau, découenné, dégraissé, désossé, cru	viandes crues	141	20,9	0,28	0,28	6,3	2,11	0	73
28474	Porc, jambonneau arrière, découenné, dégraisssé, désossé, cru	viandes crues	148	20,2	0,28	0,28	7,31	2,4	0	87,6
28475	Porc, maigre 90/10 cru	viandes crues	212	18,8	0,24	0,24	15,1	5,46	0	68,8
28476	Porc, maigre 80/20 cru	viandes crues	293	17,3	0,26	0,26	24,7	9,16	0	69,4
28477	Porc, palette, découennée, dégraissée, désossée, crue	viandes crues	174	19,9	0,25	0,25	10,4	3,58	0	81
28479	Porc, poitrine cutter, sans mouille, crue	viandes crues	323	15,9	0,22	0,22	28,7	10,2	0	73
28480	Porc, rôti filet avec chaînette, cru	viandes crues	146	22,3	0,37	0,37	6,2	2,21	0	63,7
36000	Poule, viande et peau crues	viandes crues	255	17,6	0,4	0	20,3	5,71	0	71
36001	Poule, viande crue	viandes crues	142	21,3	0	0	6,32	1,57	0	79
36002	Poulet, cuisse, viande et peau crue	viandes crues	192	17,3	0	traces	13,5	3,85	0	86
36003	Poulet, viande crue	viandes crues	109	20,9	0	0	2,89	0,73	0	76
36007	Poulet blanc, viande et peau crues	viandes crues	122	20,8	0	-	4,3	-	0	78,3
36008	Poulet fermier, viande et peau crues	viandes crues	120	22	0	0	3,5	2,3	0	90,7
36014	Poule, cuisse crue	viandes crues	131	19,6	0	0	5,92	1,51	0	108
36016	Poulet, viande et peau crues	viandes crues	173	21,5	0,3	0	9,54	2,46	0	60
36017	Poulet, filet sans peau cru	viandes crues	110	23,4	0	traces	1,5	0,44	0	43
36019	Poulet, haut de cuisse, viande crue	viandes crues	116	19,7	0	0	4,12	1,1	0	95
36020	Poulet éviscéré sans abats, cru	viandes crues	210	18,6	0	-	15,1	-	0	70
36022	Poulet, pilon cru	viandes crues	155	18,1	0	0	9,2	2,46	0	106
36023	Poulet, aile, viande et peau crues	viandes crues	181	20,4	0	0	11	3,04	0	86,1
36024	Poulet, cuisse, viande crue	viandes crues	114	19,3	0	0	4,05	1,03	0	92
36029	Poulet, poitrine, viande et peau crues	viandes crues	167	20,9	0	0	9,25	2,66	0	63
36037	Poulet, cuisse, viande et peau crues bio	viandes crues	193	18,1	0	traces	13,3	3,82	0	77
36038	Poulet, cuisse, viande et peau crues label rouge	viandes crues	173	19,1	0	traces	10,6	3,03	0	84
36039	Poulet, filet sans peau cru, bio	viandes crues	118	24,6	0	traces	1,8	0,54	0	38
36040	Poulet, filet sans peau cru, label rouge	viandes crues	113	25,2	0	traces	1	0,3	0	40
36300	Dinde, viande et peau crues	viandes crues	137	21,6	0	traces	5,64	1,46	0	112
36301	Dinde, viande crue	viandes crues	108	22,6	0	0	1,93	0,46	0	118
36304	Dinde, escalope crue	viandes crues	108	23,7	0	0	1,48	0,29	0	113
36305	Dinde, cuisse, viande et peau crues	viandes crues	149	19,7	0	traces	7,85	2,24	0	93,5
36307	Dinde, cuisse, viande crue	viandes crues	108	21,3	0	0	2,5	0,68	0	124
36310	Dinde, aile crue	viandes crues	192	20,2	0	-	12,3	3,28	0	55
36311	Dinde, haut de cuisse cru	viandes crues	-	-	0	0	3,69	0,78	0	75
21001	Mouton, viande crue	viandes crues	137	20,6	0	0	6,11	-	0	86,4
21003	Mouton, épaule crue	viandes crues	228	17,3	0,1	traces	17,6	8,13	0	85,3
21004	Mouton, pied cru	viandes crues	204	18,1	0	0	14,6	-	0	75
21005	Mouton, tête crue	viandes crues	204	18,1	0	0	14,6	-	0	75
21006	Mouton, gigot cru	viandes crues	225	18	0	0	17	-	0	78
21500	Agneau, côtelette crue	viandes crues	333	15,4	0	traces	30,1	14	0	67,4
21502	Agneau, gigot cru	viandes crues	128	20	0,48	traces	5,13	1,97	0	48,7
21504	Agneau, épaule crue	viandes crues	170	18,3	0,45	< 0,5	10,6	3,87	0	78,8
21505	Agneau, épaule maigre crue	viandes crues	139	19,6	0	0	6,76	2,42	0	70
21514	Agneau, collier cru	viandes crues	195	18	0	0	13,7	5,79	0	80,1
21515	Agneau, selle crue	viandes crues	236	17,5	0	0	18,4	7,95	0	55
21516	Agneau, côte filet crue	viandes crues	232	17,6	0	0	18	7,75	0	69,6
21517	Agneau, côte première crue	viandes crues	276	16,9	0	0	23,1	10	0	81,2
21521	Agneau, côte ou côtelette, crue (aliment moyen)	viandes crues	262	16,6	0,35	< 0,13	21,5	9,37	0	75,1
21525	Agneau, côte découverte crue	viandes crues	205	16,3	1,38	< 0,5	15	5,69	0	82
14002	Sanglier, viande crue	viandes crues	150	21,5	0	traces	7,14	2,62	0	84,7
14004	Lièvre, viande crue	viandes crues	111	21,6	0	0	2,67	0,98	0	60,5
14005	Chevreuil, viande crue	viandes crues	110	23	0	0	2	1	0	21
14006	Cerf, viande crue	viandes crues	114	23	0	0	2,42	0,95	0	51
36401	Faisan, viande crue	viandes crues	126	23,2	0	0	3,73	1,27	0	38,8
36403	Faisan, viande et peau crues	viandes crues	164	23,2	0	0	7,95	3,51	0	36
6900	Cheval, viande crue	viandes crues	132	20,2	0,5	0	5,5	2,04	0	56,1
6901	Cheval, steak ou bifteck cru	viandes crues	129	21,4	0,4	0	4,6	1,44	0	53
6903	Cheval, tende de tranche crue	viandes crues	106	22,7	0	0	1,68	0,48	0	-
6904	Cheval, faux-filet cru	viandes crues	121	22,2	0	0	3,58	1,17	0	-
6905	Cheval, entrecôte crue	viandes crues	118	22,1	0	0	3,34	1,08	0	-
21800	Chevreau, viande crue	viandes crues	103	20,6	0	0	2,31	0,71	0	82
34001	Lapin, viande crue	viandes crues	188	20,4	0,58	0	11,6	4,74	0	54,4
34003	Lapin de garenne, viande crue	viandes crues	108	21,8	0	0	2,32	0,69	0	50
36050	Chapon, viande et peau crues	viandes crues	195	19,9	0	0	12,8	1,5	0	57,5
36100	Caille, viande et peau crues	viandes crues	140	19,6	0	0	6,8	1,91	0	53
36101	Caille, viande crue	viandes crues	128	21,8	0	0	4,53	1,32	0	51
36201	Canard, viande crue	viandes crues	127	18,3	0	0	5,95	2,32	0	74
36203	Canard, cuisse avec peau, sans os, crue	viandes crues	104	18,7	0,3	-	3,1	1,05	0	103
36204	Canard, viande et peau crues	viandes crues	273	17,4	0	0	22,6	7,47	0	56,9
36206	Canard, magret cru	viandes crues	337	17,9	0,1	0,1	29,4	8,95	0	54,4
36500	Oie, viande crue	viandes crues	155	22,8	0	traces	7,13	2,79	0	87
36501	Oie, viande et peau crues	viandes crues	366	15,9	0	traces	33,6	9,78	0	73
36600	Pigeon, viande crue	viandes crues	213	18	0	0	15,7	5,2	0	52,5
36700	Pintade, viande crue	viandes crues	128	22	0	0	4,46	1,21	0	68
36702	Pintade, poitrine crue	viandes crues	107	25,1	0	0	0,7	0,23	0	50
36703	Pintade, cuisse crue	viandes crues	118	22,8	0,2	0,2	2,9	0,94	0	73
36800	Autruche, viande crue	viandes crues	159	20,2	0	0	8,7	-	0	72
40002	Cervelle, agneau, crue	viandes crues	121	10,4	0,49	-	8,58	2,19	0	112
40005	Cervelle, porc, crue	viandes crues	128	10,3	1,02	-	9,21	2,08	0	120
40006	Cervelle, veau, crue	viandes crues	116	10,3	0,33	-	8,21	1,91	0	127
40052	Coeur, boeuf, cru	viandes crues	103	18,5	0,6	0	2,95	0,74	0	81,7
40054	Coeur, poulet, cru	viandes crues	149	15,6	0,71	-	9,33	2,66	0	74
40055	Coeur, dinde, cru	viandes crues	135	16,7	0,4	0	7,44	1,92	0	129
40058	Coeur, agneau, cru	viandes crues	118	16,5	0,21	0,21	5,68	2,25	0	89
40060	Coeur, porc, cru	viandes crues	114	17,3	1,32	0	4,36	1,16	0	56
40062	Coeur, veau, cru	viandes crues	105	17,2	0,08	-	3,98	1,07	0	77
40102	Foie, agneau, cru	viandes crues	137	21,8	0,16	0,16	5,45	1,45	0	57,4
40104	Foie, génisse, cru	viandes crues	136	21	3,33	0	4,3	1,66	0	59,9
40106	Foie, veau, cru	viandes crues	120	15,5	5,64	0	3,4	1,31	0	62,7
40108	Foie, volaille, cru	viandes crues	134	21,5	1,25	0	4,75	1,5	0	86
40110	Foie, lapin, cru	viandes crues	134	19	5,39	3,75	4	1,09	0	69,5
40111	Foie, poulet, cru	viandes crues	114	16,9	0,73	0	4,83	1,56	0	71
40115	Foie, dinde, cru	viandes crues	123	18,3	0	0	5,5	1,66	0	131
40119	Foie, porc, cru	viandes crues	124	20,6	1,06	1,06	4,2	1,66	0	137
40120	Foie, oie, cru	viandes crues	129	16,4	6,32	-	4,28	1,59	0	140
40121	Foie, canard, cru	viandes crues	131	18,7	3,52	-	4,64	1,44	0	140
40202	Langue, boeuf, crue	viandes crues	195	16,8	0,82	0,3	13,8	4,69	0	68,6
40204	Langue, veau, crue	viandes crues	181	16,9	0,83	-	12,2	5,1	0	93
40205	Langue, porc, crue	viandes crues	222	16,3	0,5	0	17,2	5,96	0	110
40207	Langue, agneau, crue	viandes crues	167	15,4	1,75	< 0,5	10,9	3,52	0	102
40302	Ris, agneau, cru	viandes crues	148	14,8	0,17	0	9,82	4,44	0	75
40304	Ris, veau, cru	viandes crues	96,5	17,2	0	0	3,07	0,81	0	67
40402	Rognon, boeuf, cru	viandes crues	95,7	17,1	0,85	0	2,65	0,5	0	169
40404	Rognon, porc, cru	viandes crues	99,5	16,5	1,1	traces	3,25	1,04	0	121
40407	Rognon, agneau, cru	viandes crues	93,9	14,7	1,08	< 0,5	3,43	0,93	0	209
40409	Rognon, veau, cru	viandes crues	94,5	15,8	0,85	-	3,12	0,96	0	178
40502	Tripes, boeuf, crues	viandes crues	81,5	12,1	0	0	3,69	1,29	0	97
40600	Sang, boeuf, cru	viandes crues	82,1	19,5	0,8	0,8	0,12	0,04	0	240
40700	Gésier, poulet, cru	viandes crues	99,1	16,8	0	0	3,53	1,01	0	75,5
30900	Charcuterie (aliment moyen)	charcuteries et alternatives végétales	241	18,6	1,94	0,73	17,5	6,73	0,27	889
8429	Jambon persillé en gelée	charcuteries et alternatives végétales	151	19	0,48	0,3	7,9	2,8	0	669
28700	Jambon de porc à cuire ou jambon à rôtir/cuire au four	charcuteries et alternatives végétales	163	18,8	1,75	1	9	4	< 0,5	870
28727	Filet de bacon	charcuteries et alternatives végétales	118	23,1	0,7	< 0,2	2,6	1,07	0	1270
28803	Jambon cuit, fumé	charcuteries et alternatives végétales	135	20	0,79	0,62	5,8	2,36	0,1	797
28900	Jambon cuit, supérieur	charcuteries et alternatives végétales	113	21	0,76	0,69	2,83	1,1	< 0,19	788
28901	Jambon cuit, supérieur, avec couenne	charcuteries et alternatives végétales	118	20,4	0,91	0,86	3,59	1,2	0,25	778
28902	Jambon cuit, supérieur, découenné	charcuteries et alternatives végétales	117	20,5	0,77	0,76	3,52	1,36	0,05	742
28905	Jambon à l'os braisé	charcuteries et alternatives végétales	198	21,6	0,3	0	12,3	4,68	0	1190
28906	Jambon cuit, supérieur, découenné dégraissé	charcuteries et alternatives végétales	115	20,3	0,14	0,14	3,66	1,24	0,32	722
28907	Jambon cuit, supérieur, dégraissé découenne, à teneur réduite en sel	charcuteries et alternatives végétales	121	20,8	0,74	0,74	3,83	1,5	< 0,42	575
28910	Jambon cuit, choix	charcuteries et alternatives végétales	125	19,5	1,7	1,7	4,5	1,78	0,08	945
28911	Épaule de porc, cuite, choix, découennée dégraissée	charcuteries et alternatives végétales	124	18	2,8	1,35	4,5	1,4	< 0,5	950
28912	Jambon cuit, choix, avec couenne	charcuteries et alternatives végétales	137	19,4	0,55	< 0,2	6,3	-	0	1000
28913	Jambon cuit, choix, découenné dégraissé	charcuteries et alternatives végétales	115	19,6	1,88	1,32	3,24	1,18	0,15	774
28917	Rond de jambon cuit	charcuteries et alternatives végétales	182	20,3	1,4	-	10,6	-	0	-
28922	Dés, allumettes, râpé ou haché de jambon	charcuteries et alternatives végétales	120	17,9	2,08	1,69	4,46	1,81	0,36	811
28924	Épaule de porc, cuite, standard, découennée dégraissée	charcuteries et alternatives végétales	123	13,7	2,89	2,89	5,98	2,23	1,3	1260
28925	Jambon cuit, de Paris, découenné dégraissé	charcuteries et alternatives végétales	115	20	1,08	-	3,42	-	0	-
28929	Dés, allumettes, râpé ou haché de jambon de volaille	charcuteries et alternatives végétales	132	18	1,58	1,25	5,88	2,35	0,5	850
28960	Jambonneau, cuit	charcuteries et alternatives végétales	157	20	5,43	0,65	6	2,25	0,4	785
28963	Jambon de poulet ou blanc de poulet en tranche	charcuteries et alternatives végétales	105	20,7	1,39	1,13	1,79	0,54	0,53	766
28964	Jambon de dinde ou blanc de dinde en tranche	charcuteries et alternatives végétales	99,3	20,9	0,023	0,023	1,67	0,54	0,39	763
28965	Jambon de volaille ou blanc de volaille, à teneur réduite en sel, en tranche	charcuteries et alternatives végétales	108	21,3	1,6	1,23	1,65	0,53	0,71	548
28800	Jambon cru	charcuteries et alternatives végétales	239	25,9	4,27	0,75	13,2	5,09	traces	2250
28801	Jambon cru fumé	charcuteries et alternatives végétales	246	24,2	0,98	0,53	16,1	6,72	0	2050
28804	Jambon cru fumé, allégé en matière grasse	charcuteries et alternatives végétales	142	27,7	0,1	-	3,4	0,71	0	1700
28811	Jambon de Bayonne	charcuteries et alternatives végétales	243	28	4,51	0,5	12,6	4,93	traces	2270
28812	Jambon sec	charcuteries et alternatives végétales	230	28,7	0,48	0,33	12,6	4,99	traces	2250
28844	Jambon sec de Parme	charcuteries et alternatives végétales	248	27,2	0,3	0,3	15,4	5,42	0	2180
28845	Jambon sec Serrano	charcuteries et alternatives végétales	235	30,4	0,76	0,36	12,3	5,2	traces	1990
28850	Coppa	charcuteries et alternatives végétales	284	25	1	0,5	20	6,83	0	1800
28858	Pancetta ou poitrine roulée sèche	charcuteries et alternatives végétales	349	20,2	2,49	0,43	28,8	12,4	0	1650
30300	Saucisson sec	charcuteries et alternatives végétales	418	24,2	5,48	2,55	33,1	11,3	0,73	1900
30301	Saucisson sec pur porc	charcuteries et alternatives végétales	417	28,7	1,79	1,4	32,3	12,2	0	1780
30302	Saucisson sec pur porc, qualité supérieure	charcuteries et alternatives végétales	368	27,7	2,1	1,9	27,6	10,9	< 0,5	1790
30304	Rosette ou fuseau	charcuteries et alternatives végétales	392	24,2	4,86	1,46	30,7	11,8	traces	1790
30308	Saucisson sec de Lyon pur porc	charcuteries et alternatives végétales	255	12,8	0,83	0,83	22	6,5	1	1000
30309	Saucisse sèche	charcuteries et alternatives végétales	460	27,3	4,04	1,21	37,1	14,5	0,59	1900
30311	Saucisson sec aux noix et/ou noisettes	charcuteries et alternatives végétales	477	27,7	1,78	1,04	39,7	14,1	0,75	1660
30314	Saucisson sec allégé en matière grasse	charcuteries et alternatives végétales	286	34,6	1,57	1,57	15,7	5	0,5	2320
30005	Chipolata cuite	charcuteries et alternatives végétales	283	18,8	0,8	0,4	22,4	8,27	0	859
30011	Saucisse de Toulouse cuite	charcuteries et alternatives végétales	279	18,8	1,28	0,6	22,1	8,2	0	686
30050	Chair à saucisse crue	charcuteries et alternatives végétales	323	14,7	0,6	-	29,1	-	0	556
30051	Chair à saucisse, pur porc, crue	charcuteries et alternatives végétales	258	16,9	0	-	21,2	7,87	0	56
30052	Farce porc et boeuf crue	charcuteries et alternatives végétales	309	11,8	4,4	-	26,5	-	2,6	-
30102	Saucisse fumée à cuire	charcuteries et alternatives végétales	336	15,6	-	0	30,4	-	0	755
30104	Saucisse de Morteau	charcuteries et alternatives végétales	398	16	1,17	0,5	36,6	-	0	1040
30105	Saucisse de Montbéliard, à cuire	charcuteries et alternatives végétales	322	17,3	1,72	0,5	27,3	10	0	931
30108	Saucisse de Morteau bouillie/cuite à l'eau	charcuteries et alternatives végétales	323	15,2	0	0	29,1	12,2	0	809
30110	Saucisse de Toulouse crue	charcuteries et alternatives végétales	321	13,3	0,64	0,5	29,5	11,3	0	747
30115	Chipolata crue	charcuteries et alternatives végétales	253	15,8	1	0,32	20,6	7,61	0,4	722
30125	Saucisse alsacienne fumée ou gendarme	charcuteries et alternatives végétales	300	19	-	-	24,9	8,56	0	1100
30130	Saucisse de volaille façon charcutière	charcuteries et alternatives végétales	239	15,6	1,14	0,9	19,1	6,2	0	-
30131	Saucisse de volaille type knack	charcuteries et alternatives végétales	236	14	1,82	1,01	18,9	5,34	0	746
30134	Saucisse de Francfort	charcuteries et alternatives végétales	279	13,7	3,37	1	23,4	9	< 0,5	790
30150	Merguez crue	charcuteries et alternatives végétales	301	13,8	1,15	1,15	26,8	11,2	0	900
30151	Merguez crue (aliment moyen)	charcuteries et alternatives végétales	381	12,8	-	-	36,3	-	0	-
30152	Merguez, pur boeuf, crue	charcuteries et alternatives végétales	436	11	-	-	43,5	-	0	-
30153	Merguez, boeuf et porc, crue	charcuteries et alternatives végétales	415	11,5	-	-	41	-	0	-
30154	Merguez, boeuf, mouton et porc, crue	charcuteries et alternatives végétales	358	14,6	-	-	33,3	-	0	-
30155	Merguez, boeuf et mouton, cuite	charcuteries et alternatives végétales	283	19,8	1,8	1,6	21,8	12	0	930
30156	Merguez, boeuf et mouton, crue	charcuteries et alternatives végétales	315	14	2,8	0	27,6	-	0	630
30176	Saucisse de foie	charcuteries et alternatives végétales	374	11,7	0,9	0,9	35,9	12	0,3	810
30177	Diot cru	charcuteries et alternatives végétales	342	18	-	-	30	-	0	900
30742	Saucisse de Strasbourg ou knack, à cuire	charcuteries et alternatives végétales	291	12,4	1,39	1,06	25,9	10,9	1,37	807
30743	Saucisse de Strasbourg ou knack, à teneur réduite en sel, à cuire	charcuteries et alternatives végétales	284	12	1,5	1,37	25,3	9,83	0,8	590
30746	Saucisse cocktail	charcuteries et alternatives végétales	290	12,7	1,46	1,09	25,9	9,59	0,27	849
30750	Saucisse viennoise crue	charcuteries et alternatives végétales	233	10,3	-	-	21,3	-	0	-
30764	Saucisse de jambon pur porc	charcuteries et alternatives végétales	236	15,7	3,96	0,7	17,5	6,8	0	780
30766	Saucisse de bière	charcuteries et alternatives végétales	319	13	-	-	29,7	-	0	-
30778	Saucisse de langue à la pistache	charcuteries et alternatives végétales	294	15,3	-	-	25,8	-	traces	-
30780	Saucisse (aliment moyen)	charcuteries et alternatives végétales	286	17,4	1,22	0,81	23,4	9,62	0,24	828
8120	Confit de foie de porc	charcuteries et alternatives végétales	320	15,4	1,3	1	28,1	10,4	0,5	605
8125	Confit de foie de volaille	charcuteries et alternatives végétales	361	13,7	6,22	0,4	31	11	1	575
8201	Pâté au poivre vert	charcuteries et alternatives végétales	358	10,1	1,45	-	34,6	-	traces	-
8206	Pâté au jambon	charcuteries et alternatives végétales	302	14,7	1,04	0,43	26,5	11,4	0,39	664
8211	Pâté ou terrine de campagne	charcuteries et alternatives végétales	323	15,5	1,5	0,62	28,2	10,4	0	617
8212	Pâté ou terrine de campagne, à teneur réduite en sel	charcuteries et alternatives végétales	324	13,8	4,2	1,78	27,9	10,7	0,25	445
8214	Pâté breton	charcuteries et alternatives végétales	363	11	2,88	1	34	13	0,5	669
8232	Terrine de canard	charcuteries et alternatives végétales	322	13,2	5,64	0,47	27,1	9,91	0,54	554
8240	Pâté de lapin	charcuteries et alternatives végétales	286	14,7	1,73	0,73	24,5	9,47	0,15	577
8242	Terrine de lapin	charcuteries et alternatives végétales	266	19	6,44	1	18	7	1	670
8245	Pâté de gibier	charcuteries et alternatives végétales	293	14,2	3,28	1,7	24,7	10,5	0,5	610
8250	Pâté ou terrine aux champignons (forestier)	charcuteries et alternatives végétales	328	12,6	5,93	1,95	28,1	10,6	0,58	690
8300	Pâté de foie de porc, supérieur	charcuteries et alternatives végétales	358	13	6,5	1,57	31	14,8	0,3	643
8305	Pâté de foie de porc	charcuteries et alternatives végétales	355	10,8	2,91	1,38	33,3	11,6	0,2	671
8312	Mousse de foie de porc supérieure ou crème de foie	charcuteries et alternatives végétales	324	11,1	10,9	2,18	26,1	10,5	0,72	571
8313	Mousse de foie de porc	charcuteries et alternatives végétales	286	12	3,39	1,89	24,9	9,34	0,75	680
8315	Mousse de canard	charcuteries et alternatives végétales	394	10,1	7,07	2,05	36,1	13,7	0,45	627
8316	Pâté de foie de volaille	charcuteries et alternatives végétales	316	13,7	1,21	0,63	28,3	11,4	0,84	608
8326	Pâté de foie d'oie	charcuteries et alternatives végétales	459	11,4	4,67	-	43,8	14,5	0	697
8332	Pâté (aliment moyen)	charcuteries et alternatives végétales	325	14,6	1,91	0,81	28,7	10,6	0,12	623
8391	Pâté en croûte	charcuteries et alternatives végétales	303	9,96	21,7	1,5	19,3	8,12	1,5	733
8000	Rillettes traditionnelles de porc	charcuteries et alternatives végétales	391	13	3,73	0	36	14	0	340
8001	Rillettes pur porc	charcuteries et alternatives végétales	413	16,7	0,13	< 0,2	38,3	15,2	0,21	389
8002	Rillettes supérieures de porc	charcuteries et alternatives végétales	402	15,5	0,17	0,13	37,7	14,9	0,05	478
8010	Rillettes de Tours (porc)	charcuteries et alternatives végétales	522	18	0,1	-	50	-	0	-
8015	Rillettes du Mans (porc)	charcuteries et alternatives végétales	420	15,6	4,79	0,13	37,6	14,8	0,21	504
8025	Rillettes pur oie	charcuteries et alternatives végétales	417	14,7	0,1	-	39,8	-	0	-
8026	Rillettes de canard	charcuteries et alternatives végétales	377	15,3	1,03	traces	34,6	11,2	traces	500
8030	Rillettes d'oie	charcuteries et alternatives végétales	364	14,9	0,99	-	33,4	9,82	0	516
8040	Rillettes de poulet	charcuteries et alternatives végétales	340	16,4	0,49	0,36	30,3	10,7	0,25	470
8903	Quenelle de veau en sauce, appertisée	charcuteries et alternatives végétales	169	3,52	14,8	0,94	10,3	4,56	1,39	457
8910	Quenelle de volaille, à cuire	charcuteries et alternatives végétales	189	9,37	14,7	1,2	10,1	1,5	1,1	295
8912	Quenelle de volaille en sauce, appertisée	charcuteries et alternatives végétales	138	3,55	10,3	1,92	8,92	4,95	1,2	432
8932	Quenelle de poisson en sauce, appertisée	charcuteries et alternatives végétales	135	3,79	10,5	0,97	8,51	3,95	0,72	433
8933	Quenelle de poisson, à cuire	charcuteries et alternatives végétales	245	8,1	23,6	1,9	12,7	8,2	2,15	370
8937	Quenelle nature, à cuire	charcuteries et alternatives végétales	226	6,88	14,7	0,66	15,1	3,95	1,1	353
8109	Confit de canard, viande (cuisse), sans peau, appertisé, réchauffé	charcuteries et alternatives végétales	195	32	traces	-	7,4	2,31	0	757
8110	Confit de canard, appertisé	charcuteries et alternatives végétales	273	25,7	0,15	0,14	18,8	7,26	0,4	568
8111	Canard, magret fumé	charcuteries et alternatives végétales	362	18	0,5	0,5	32	12	0	1100
8321	Foie gras, canard, entier, cuit	charcuteries et alternatives végétales	526	8,41	0,026	0,026	54,6	23	0,35	440
8323	Foie gras, canard, bloc, sans morceaux	charcuteries et alternatives végétales	478	5,75	1,09	1,09	50	19,7	0,35	457
8324	Foie gras, canard, bloc, 30% de morceaux	charcuteries et alternatives végétales	488	6,88	2,19	1,41	50,1	21,6	0	514
8325	Foie gras, canard, bloc, 50% de morceaux	charcuteries et alternatives végétales	488	6,39	4,28	1,2	49,5	21,2	0	516
8328	Foie gras, canard, cru	charcuteries et alternatives végétales	600	5,94	1,41	1,14	63,4	28,1	0	385
8331	Foie gras, canard, bloc (aliment moyen)	charcuteries et alternatives végétales	488	6,88	2,19	1,41	50,1	21,6	0	514
8350	Galantine	charcuteries et alternatives végétales	109	22	1,28	0,97	1,73	0,55	0,44	806
8373	Roulade de porc pistachée	charcuteries et alternatives végétales	287	15,3	3	0,7	23,5	7,8	1,2	-
8380	Oeuf au jambon en gelée	charcuteries et alternatives végétales	-	11,5	-	-	4,7	-	traces	541
8395	Jambon en croûte	charcuteries et alternatives végétales	236	14,4	17,8	1,82	11,8	5,71	0,77	727
8400	Fromage de tête	charcuteries et alternatives végétales	184	13,8	3,15	0	12,9	4,37	0	941
8450	Museau de boeuf	charcuteries et alternatives végétales	151	26,2	0	-	5,17	-	0	-
8500	Andouille	charcuteries et alternatives végétales	211	18,4	0,3	-	15,1	-	0	820
8501	Andouille de Guéméné	charcuteries et alternatives végétales	234	18	traces	-	18	-	0	-
8504	Andouille, réchauffée à la poêle	charcuteries et alternatives végétales	270	22,5	0	< 0,2	20	9,29	< 1	1130
8512	Andouille de Vire	charcuteries et alternatives végétales	238	19	traces	-	18	-	0	-
8550	Andouillette, à cuire	charcuteries et alternatives végétales	225	18,8	0,5	< 0,5	16,3	6,94	0,71	584
8551	Andouillette, grillée/poêlée	charcuteries et alternatives végétales	301	24,5	0,54	< 0,2	22,3	11,1	< 1	1090
8552	Andouillette de Troyes, à cuire	charcuteries et alternatives végétales	256	19,7	1	< 0,5	19	7,91	0,9	830
8703	Boudin noir, à cuire	charcuteries et alternatives végétales	297	12,2	0,29	0,2	27,1	9,57	1,42	574
8704	Boudin noir, grillé/poêlé	charcuteries et alternatives végétales	246	11,9	3,78	2,86	20,3	7,46	0	525
8705	Boudin, grillé/poêlé (aliment moyen)	charcuteries et alternatives végétales	238	11,3	4,59	2,61	19,4	7,19	traces	563
8742	Boudin antillais, à cuire	charcuteries et alternatives végétales	231	11,5	9,2	5,1	16,5	6,9	traces	544
8800	Boudin blanc, grillé/poêlé	charcuteries et alternatives végétales	220	9,89	6,6	2	17,1	6,52	traces	655
8801	Boudin blanc, à cuire	charcuteries et alternatives végétales	244	10	3,64	3,64	21	7,89	traces	523
8803	Boudin blanc truffé, à cuire	charcuteries et alternatives végétales	247	10,6	9,01	1,7	18,4	7,4	1,4	711
28501	Lardon nature, cru	charcuteries et alternatives végétales	269	16,6	1,01	0,78	22,1	7,91	0,38	1130
28502	Poitrine de porc en salaison, fumée, crue	charcuteries et alternatives végétales	303	15,6	0,79	0,75	26,1	9,39	1	956
28503	Bresaola	charcuteries et alternatives végétales	172	32,8	0,49	0	4,3	2,05	0	2060
28504	Lardon nature, cuit	charcuteries et alternatives végétales	324	23,8	2	-	24,5	12,6	0	1650
28505	Corned-beef, appertisé	charcuteries et alternatives végétales	191	23,2	< 0,1	0	10,9	4,47	0	1120
28507	Poitrine de porc en salaison, nature, crue	charcuteries et alternatives végétales	288	15,7	0,76	0,71	24,7	9,69	0,29	811
28530	Oreille de porc demi-sel	charcuteries et alternatives végétales	228	22,5	0,6	-	15,1	5,39	0	191
28540	Pied de porc demi-sel	charcuteries et alternatives végétales	137	11,6	0,01	0	10	2,95	0	946
28550	Poitrine de porc demi-sel	charcuteries et alternatives végétales	270	16,8	1,3	0,6	22	8,3	0	790
28720	Lardon fumé, cru	charcuteries et alternatives végétales	272	16,7	0,35	0,35	22,6	8	0,34	1100
28723	Lardon, cru, à teneur réduite en sel	charcuteries et alternatives végétales	246	17,9	0,78	0,59	19	7,28	0,13	743
28725	Lardon fumé, cuit	charcuteries et alternatives végétales	277	14,7	4,8	0,9	22,1	8,25	0	1040
28860	Viande des Grisons	charcuteries et alternatives végétales	207	38,9	0,56	0,56	5,47	2,52	0	1530
28927	Haché de volaille	charcuteries et alternatives végétales	137	17,7	3,5	1,4	5,68	1,88	0,63	550
28976	Rôti de volaille en salaison, cuit	charcuteries et alternatives végétales	109	22	1,28	0,97	1,73	0,55	0,44	806
30312	Pavé au poivre (charcuterie)	charcuteries et alternatives végétales	374	23,5	1,51	1,05	30,3	11,9	0,83	1690
30315	Chorizo	charcuteries et alternatives végétales	425	23,5	1,24	1,24	36,1	14,3	0,93	1690
30316	Chorizo supérieur, doux ou fort, type saucisse sèche	charcuteries et alternatives végétales	474	20,9	1,87	1,87	41,9	16	0,53	1560
30317	Chorizo supérieur, doux ou fort, type charcuterie en tranches	charcuteries et alternatives végétales	320	22,6	1,47	1,47	23,9	8,8	0,3	1720
30350	Salami	charcuteries et alternatives végétales	457	17,7	2,59	< 0,2	41,8	16,2	traces	1620
30351	Salami pur porc	charcuteries et alternatives végétales	446	17	0,75	0,5	41,5	16,6	0,5	1600
30366	Salami type danois	charcuteries et alternatives végétales	455	14,5	2,42	0,5	43	17	0	1600
30700	Saucisson à l'ail	charcuteries et alternatives végétales	276	15	0,56	0,56	23,6	9,92	0,63	783
30701	Saucisson pur porc cuit	charcuteries et alternatives végétales	322	13,8	1,3	-	29	-	traces	-
30707	Saucisson brioché, cuit	charcuteries et alternatives végétales	303	14,7	20,9	3,8	17,4	8,6	2	550
30730	Cervelas	charcuteries et alternatives végétales	278	11,9	1,56	0,63	24,8	9,37	0,4	763
30731	Cervelas obernois	charcuteries et alternatives végétales	305	13	1	0,6	27,5	11,5	0,6	800
30732	Cervelas à l'ail, pur porc	charcuteries et alternatives végétales	297	12,5	0,2	-	27,4	-	traces	-
30789	Mortadelle	charcuteries et alternatives végétales	310	15,2	0,69	0,67	27,4	10,2	0,000017	967
30790	Mortadelle, pur porc	charcuteries et alternatives végétales	310	14,8	4,46	1	25,8	9,85	0	850
30791	Mortadelle, porc et boeuf	charcuteries et alternatives végétales	304	16,4	2,53	0	25,4	9,51	0	1250
30797	Mortadelle pistachée pur porc	charcuteries et alternatives végétales	317	14,4	0,42	0,41	28,2	11,4	1,97	822
30801	Saucisson de cheval type cervelas	charcuteries et alternatives végétales	244	14,2	1,4	1,4	20	7,1	0	985
1030	Fines tranches végétales, préemballées	charcuteries et alternatives végétales	242	29,7	4,13	0,93	11,1	0,89	3,2	646
1031	Spécialité végétale type pâté, préemballée	charcuteries et alternatives végétales	197	3,56	9,45	1,49	15,4	4,13	2,96	509
20337	Saucisse végétale au tofu (convient aux véganes ou végétaliens), préemballée	charcuteries et alternatives végétales	228	13,4	5,69	0,5	16,3	1,95	< 3	670
20338	Quenelle au tofu (ne convient pas aux véganes ou végétaliens), préemballée	charcuteries et alternatives végétales	133	11	4,97	0,97	7,2	1,13	< 3	405
25232	Saucisse végétale au blé ou seitan, préemballé	charcuteries et alternatives végétales	250	27,1	7,53	1,74	10,5	2,79	4,6	728
1032	Haché à base de boeuf et soja, préemballé	autres produits à base de viande	214	15	2,48	0,7	14,6	6,29	4,5	330
1034	Saucisse de volaille type knack (contenant du soja), préemballée	autres produits à base de viande	208	12,1	2,72	0,64	15,8	4,75	1,1	1140
25990	Mahi-mahi, chair, cuit	poissons cuits	109	23,7	1,47	0	0,9	0,24	0	113
25996	Saumon, cuit, sans précision (aliment moyen)	poissons cuits	205	23,2	0,61	traces	12,2	2,48	0	50,4
25997	Cabillaud, cuit, sans précision (aliment moyen)	poissons cuits	100	23,3	traces	traces	0,76	0,17	0	78,4
26003	Carrelet ou plie ou plie commune, cuit à la vapeur	poissons cuits	93	19	traces	traces	1,89	0,22	0	-
26008	Églefin, cuit à la vapeur	poissons cuits	89	20,9	0	0	0,6	0,1	0	73
26012	Hareng, frit	poissons cuits	201	23	0	0	12,1	3,51	0	-
26014	Hareng, grillé/poêlé	poissons cuits	193	21,6	1	traces	11,4	2,48	0	138
26015	Lieu noir, cuit	poissons cuits	99,7	23,1	< 1	traces	0,81	0,29	0	102
26017	Limande-sole, cuite à la vapeur	poissons cuits	97,7	17,4	1,9	traces	2,27	0,12	0	120
26019	Maquereau, rôti/cuit au four	poissons cuits	228	21,5	traces	traces	15,8	4,44	0	83
26020	Maquereau, frit	poissons cuits	186	23,6	traces	traces	10,2	2,96	0	83,3
26021	Merlan, frit	poissons cuits	127	23,1	0,55	traces	3,61	0,94	0	171
26022	Merlan, cuit à la vapeur	poissons cuits	98,3	23	traces	traces	0,7	0,13	0	110
26023	Cabillaud, rôti/cuit au four	poissons cuits	94,6	22,3	traces	traces	0,6	0,19	0	90,5
26024	Morue, salée, bouillie/cuite à l'eau	poissons cuits	113	26	traces	traces	1,01	0,13	0	2320
26025	Cabillaud, cuit à la vapeur	poissons cuits	106	24,5	traces	traces	0,95	0,16	0	65
26026	Mulet, rôti/cuit au four	poissons cuits	143	24,8	traces	traces	4,86	1,43	0	71
26031	Raie, rôtie/cuite au four	poissons cuits	96,3	23	0	traces	0,5	0,096	0	150
26033	Roussette ou petite roussette ou saumonette, cuite	poissons cuits	104	25,4	traces	0	0,29	-	0	-
26038	Saumon, cuit à la vapeur	poissons cuits	199	23	0,9	traces	11,5	2,39	0	51,5
26041	Thon, rôti/cuit au four	poissons cuits	136	29,9	traces	traces	1,83	1	0	56
26059	Sole, cuite à la vapeur	poissons cuits	94,6	20,3	traces	traces	1,48	0,2	0	166
26060	Sole, rôtie/cuite au four	poissons cuits	78,2	15,7	traces	traces	1,69	0,31	0	117
26061	Sole, bouillie/cuite à l'eau	poissons cuits	69	15	0	0	1	0,2	0	82
26062	Sole, frite	poissons cuits	72,2	15,8	0	0	1	0,2	0	144
26073	Raie, cuite au court-bouillon	poissons cuits	97,8	23,2	traces	traces	0,57	0,12	0	161
26081	Lotte ou baudroie, grillée/poêlée	poissons cuits	98,2	23	traces	traces	0,68	0,19	0	24,5
26093	Espadon, rôti/cuit au four	poissons cuits	266	28,7	traces	traces	16,9	1,51	0	73,4
26094	Turbot, rôti/cuit au four	poissons cuits	121	21,3	0,83	traces	3,64	0,9	0	192
26120	Merlu, cuit à l'étouffée	poissons cuits	112	21,2	traces	traces	3	0,92	0	99,2
26126	Églefin, grillé/poêlé	poissons cuits	84,9	20	0	0	0,55	0,11	0	261
26136	Sardine, grillée/poêlée	poissons cuits	194	25,1	traces	traces	10,4	3,23	0	140
26147	Vivaneau, cuit	poissons cuits	121	26,3	0	0	1,72	0,37	0	57
26148	Rascasse ou rascasse de profondeur, cuite à la vapeur	poissons cuits	126	24,6	0	0	3,1	0,61	0	88,8
26192	Lieu jaune ou colin, cuit	poissons cuits	97,8	24,4	0	0	< 0,5	< 0,01	0	91,4
26211	Saumon, élevage, cuit au micro-onde	poissons cuits	200	24,2	traces	0	11,4	-	0	39
26217	Saumon, élevage, bouilli/cuit à l'eau	poissons cuits	193	25	traces	0	10,3	-	0	33,6
26222	Dorade grise ou daurade grise ou griset, rôtie/cuite au four	poissons cuits	127	22,9	1,43	0	3,3	0,75	0	-
26229	Saumon, grillé/poêlé	poissons cuits	223	25,5	0	0	13,5	2,87	0	44,2
26230	Saumon, élevage, rôti/cuit au four	poissons cuits	214	22,1	0,98	0	13,5	2,5	0	61
26234	Julienne ou lingue, cuite	poissons cuits	98	24,5	0	0	traces	"<
0,00018"	0	84,3
26247	Flétan du Groënland ou flétan noir ou flétan commun, cuit à la vapeur	poissons cuits	179	17,3	1,28	0	11,6	2,07	0	143
26248	Sole, grillée/poêlée	poissons cuits	94,4	23,6	0	0	< 0,5	< 0,01	0	147
26998	Truite saumonée, sautée/poêlée	poissons cuits	146	22	traces	traces	6,4	0,93	0	51
26999	Anguille, cuite (aliment moyen)	poissons cuits	213	22,1	traces	traces	13,8	3,15	0	-
27000	Anguille, rôtie/cuite au four	poissons cuits	229	23,6	traces	traces	15	3,02	0	65
27001	Anguille, bouillie/cuite à l'eau	poissons cuits	197	20,5	traces	traces	12,7	3,28	0	-
27002	Brochet, rôti/cuit au four	poissons cuits	100	23,1	0	0	0,88	0,15	0	49
27004	Carpe, rôtie/cuite au four	poissons cuits	151	21,6	traces	traces	7,17	1,27	0	63
27005	Perche ou perche européenne, rôtie/cuite au four	poissons cuits	119	22,1	traces	traces	3,42	0,85	0	38,3
27006	Truite, rôtie/cuite au four	poissons cuits	183	26,6	traces	traces	8,47	1,47	0	67
27007	Truite ou truite fario, cuite à la vapeur	poissons cuits	99,4	19	traces	traces	2,6	0,54	0	-
27014	Truite arc en ciel, élevage, rôtie/cuite au four	poissons cuits	143	21,5	traces	traces	6,33	1,51	0	53,3
27015	Truite arc en ciel, élevage, cuite à la vapeur	poissons cuits	117	20	traces	traces	4,14	0,86	0	-
27018	Pangas, poisson-chat, machoiron, cuit	poissons cuits	79	17,5	0	0	1	0,51	0	233
27030	Bar commun ou loup, rôti/cuit au four	poissons cuits	151	22,2	1,02	0	6,51	1,27	0	68,8
27031	Dorade royale ou daurade ou vraie daurade, rôtie/cuite au four	poissons cuits	148	23,6	traces	0	5,9	1,3	0	71
25991	Mahi-mahi, chair, cru	poissons crus	84,9	18,5	1,15	0	0,7	0,19	0	88
26001	Bar rayé ou bar d'Amérique, cru	poissons crus	113	20,3	traces	0	3,58	0,76	0	76,3
26006	Lieu ou colin d'Alaska, cru	poissons crus	72,6	16,3	0,51	traces	0,61	0,015	< 0,17	190
26009	Flétan de l'Atlantique ou flétan, cru	poissons crus	96,5	21,2	0	0	1,31	0,24	0	59
26011	Hareng, cru	poissons crus	176	17,7	0	traces	11,7	2,82	0	89,2
26018	Lotte ou baudroie, crue	poissons crus	67	15,1	traces	traces	0,74	0,18	< 0,2	77,8
26036	Saumon, élevage, cru	poissons crus	193	20,5	traces	traces	12,4	2,15	< 0,25	45,4
26042	Turbot, sauvage, cru	poissons crus	91,5	17,2	traces	traces	2,54	0,71	0	95,3
26043	Cabillaud, cru	poissons crus	77,4	18,1	traces	traces	0,57	0,1	< 0,2	65,2
26044	Merlu, cru	poissons crus	82,6	17,6	0	traces	1,35	0,22	0	98,6
26047	Lieu noir, surgelé, cru	poissons crus	82,4	19,8	traces	traces	0,37	0,074	0	80,9
26048	Merlu, filet, surgelé, cru	poissons crus	88,8	15,1	1,7	0	2,4	0,6	0	262
26051	Maquereau, cru	poissons crus	198	18,1	0,93	traces	13,5	3,22	0	64
26052	Raie, crue	poissons crus	91,9	21,4	0,5	traces	0,47	0,12	0	139
26053	Thon, cru	poissons crus	155	24	2,72	traces	5,38	1	0	49
26055	Carrelet ou plie ou plie commune, cru	poissons crus	88,6	20	traces	traces	0,94	0,2	0	79,5
26057	Limande, crue	poissons crus	80,8	18,3	traces	traces	0,85	0,16	0	111
26058	Sole, crue	poissons crus	77,3	18	traces	traces	0,6	0,13	0	76,3
26063	Rascasse ou rascasse de profondeur, crue	poissons crus	87,6	18,9	traces	traces	1,33	0,34	0	-
26064	Thon albacore, cru	poissons crus	112	25	1	traces	0,94	0,17	0	40
26065	Sardine, crue	poissons crus	160	19,5	0	traces	9,17	2,66	0	101
26068	Thon listao ou bonite à ventre rayé, cru	poissons crus	97,1	22	0	0	1,01	0,33	0	37
26069	Thon rouge, cru	poissons crus	157	23,3	0,59	0	6,81	1,26	0	39
26072	Bar commun ou loup, cru	poissons crus	86,1	19,1	0,9	traces	0,7	0,2	0	92,3
26074	Roussette ou petite roussette ou saumonette, crue	poissons crus	97,8	23,3	0	traces	0,5	0,11	0	125
26075	Loup de l'Atlantique, cru	poissons crus	89,9	16,6	traces	0	2,61	0,49	0	99
26076	Thon germon ou thon blanc, cru	poissons crus	121	27,2	traces	0	1,37	0,26	0	77,7
26079	Anchois, cru	poissons crus	129	18,6	traces	0	6,07	1,64	0	73
26080	Dorade royale ou daurade ou vraie daurade, sauvage, crue	poissons crus	95,6	18,1	0,6	traces	2,31	0,46	0	46,5
26082	Espadon, cru	poissons crus	134	18,9	1	traces	5,97	1,83	0	112
26083	Éperlan, cru	poissons crus	85,4	17,5	traces	0	1,7	0,39	0	156
26084	Cardine franche, crue	poissons crus	93,4	19,9	0	0	1,53	0,43	0	-
26085	Rouget-barbet de roche, cru	poissons crus	158	18,4	traces	0	9,37	2,72	0	66,3
26088	Dorade royale ou daurade ou vraie daurade, élevage, crue	poissons crus	129	20,9	traces	0	5,1	1,19	0	51,5
26091	Mulet, cru	poissons crus	118	20,1	1,35	traces	3,62	1,17	0	70,4
26092	Truite de mer, crue	poissons crus	114	19,6	0,81	traces	3,63	0,62	0	55
26095	Merlan, cru	poissons crus	79,2	18,8	traces	traces	0,47	0,095	0	63,6
26099	Dorade grise ou daurade grise, ou griset, crue	poissons crus	129	20,5	0	0	5,27	1,41	< 1	60,6
26100	Bogue, crue	poissons crus	92,1	17,9	0,53	0	2,03	-	0	110
26101	Bonite ou bonite à dos rayé, crue	poissons crus	161	22,3	0	0	8,01	2,35	0	540
26102	Maquereau espagnol ou maquereau blanc ou billard, cru	poissons crus	135	22,1	0	0	5,15	1,59	0	59
26103	Denté ou denté commun, cru	poissons crus	102	17	0,65	0	3,5	0,45	0	77
26104	Saint-Pierre, cru	poissons crus	86,7	19,9	traces	traces	0,8	0,25	0	60
26106	Grondin, cru	poissons crus	108	19	3,4	0	2	-	0	-
26107	Corb, cru	poissons crus	87,2	20	0	0	0,8	-	0	-
26108	Capelan, cru	poissons crus	90	18,7	0	0	1,71	-	0	-
26109	Dorade rose ou daurade rose ou pageot rose, crue	poissons crus	102	21	0	0	2	-	0	-
26110	Rouget-barbet de roche, vapeur	poissons crus	143	24,1	0	0	5,2	0,73	0	95,6
26111	Saupe, crue	poissons crus	96,5	18	0,5	0	2,5	-	0	-
26113	Chinchard, cru	poissons crus	116	19	0	0	4,42	2,31	0	-
26122	Églefin, cru	poissons crus	76,2	17,3	1,02	traces	0,35	0,098	0	65,9
26125	Cabillaud ou morue du Pacifique, cru	poissons crus	64,8	15,3	0	0	0,41	0,085	0	303
26127	Congre ou congre commun, cru	poissons crus	127	18,3	3,15	traces	4,6	-	0	50
26128	Grenadier (de roche), cru	poissons crus	68,9	15,4	traces	0	0,81	0,11	0	94
26129	Lieu jaune ou colin, cru	poissons crus	75,5	17,7	0	traces	0,51	0,069	0	129
26130	Julienne ou lingue, crue	poissons crus	80,8	19,2	traces	traces	0,44	0,11	0	128
26133	Tacaud, cru	poissons crus	81,3	19,7	0	0	0,33	0,098	0	81,5
26134	Lieu noir, cru	poissons crus	82,5	18,8	0	traces	0,8	0,15	0	80,5
26135	Limande-sole, crue	poissons crus	80,6	17	traces	traces	1,4	0,2	0	95
26141	Foie de morue, cru	poissons crus	623	5	1	0	66,6	14	0	589
26146	Vivaneau, cru	poissons crus	94,1	20,5	0	0	1,34	0,29	0	64
26153	Sabre, cru	poissons crus	125	18	traces	0	5,9	-	0	110
26154	Flétan du Groënland ou flétan noir ou flétan commun, cru	poissons crus	168	13,5	traces	0	12,7	2,79	0	202
26157	Carangue, cru	poissons crus	104	19,9	0	0	2,7	-	0	89
26159	Coulirou, cru	poissons crus	70,9	17,5	0	0	0,1	-	0	61
26161	Saumon, sauvage, cru	poissons crus	166	21	0	0	9,17	1,92	0	46
26162	Requin, cru	poissons crus	115	20,8	1,34	0	2,91	0,68	0	79
26166	Orphie commune, crue	poissons crus	145	20	3,06	0	5,91	2,01	0	83,5
26168	Lompe, crue	poissons crus	168	10	0	0	14,2	3,01	0	69
26170	Brème, cru	poissons crus	108	16,9	1,03	traces	4	0,78	0	43
26171	Omble chevalier, cru	poissons crus	103	19,8	0	0	2,7	2,2	0	57,5
26172	Loup tacheté, cru	poissons crus	108	16,3	0	0	4,8	0,96	0	105
26173	Sprat, cru	poissons crus	189	19,8	0,57	0	11,9	3,32	0	-
26174	Turbot, cru	poissons crus	85,5	17,9	0	0	1,55	0,19	0	84
26175	Corégone lavaret ou lavaret, cru	poissons crus	115	20,5	0	traces	3,72	0,87	0	50
26178	Mérou, cru	poissons crus	85,2	18,6	0,72	0	0,86	0,2	0	53
26194	Lingue bleue, crue	poissons crus	79,6	18,9	0	0	0,44	0,095	0	92,8
26200	Sole tropicale ou sole-langue, crue	poissons crus	70,3	15,7	0,53	0	0,58	0,18	0	140
26201	Turbot, élevage, cru	poissons crus	109	18,3	traces	0	3,94	0,57	0	77,9
26205	Bar commun ou loup (Méditerranée), sauvage, cru	poissons crus	97,9	20,1	0	0	1,94	0,49	0	71,4
26206	Bar commun ou loup (Méditerranée), élevage, cru	poissons crus	124	21,4	traces	0	4,25	1,04	0	46,6
26208	Baudroie rousse ou Lotte, crue	poissons crus	70,2	16,7	traces	0	0,37	0,084	0	127
26210	Sébaste du nord ou grand sébaste, ou dorade sébaste, ou daurade sébaste, crue	poissons crus	89,5	18,8	traces	traces	1,6	0,31	0	72,8
26213	Hoki, tout lieu de pêche, cru	poissons crus	92,3	17,8	traces	0	2,36	0,53	0	70,8
26214	Hoki de Nouvelle-Zélande, cru	poissons crus	75,5	15,6	traces	0	1,46	0,26	0	54,4
26219	Grondin perlon, cru	poissons crus	97,4	20,3	traces	0	1,79	-	0	-
26223	Saumon argenté du Pacifique (coho), cru	poissons crus	147	21,4	0	0	6,8	1,54	0	46,5
26233	Merlu blanc du Cap, surgelé, cru	poissons crus	78	16,1	traces	traces	1,52	0,51	0	87,5
26235	Chinchard maigre, cru	poissons crus	96,7	18,7	traces	0	2,42	0,66	0	62
26236	Chinchard gras, cru	poissons crus	147	19,6	0	0	7,66	1,79	0	54,7
26237	Hareng maigre, cru	poissons crus	111	18,3	0	0	4,22	0,83	0	75
26238	Hareng gras, cru	poissons crus	175	18,7	0,77	traces	10,8	2,23	0	52,4
26240	Joëls (petits poissons entiers) pour friture, crus	poissons crus	88,9	17,5	0	0	2,1	0,4	0	108
26241	Empereur, filet, sans peau, cru	poissons crus	73,5	15	0	0	1,5	0,3	0	83
26244	Rouget-barbet, filet avec peau, surgelé, cru (Thaïlande,Vietnam, Sénégal…)	poissons crus	96,7	16,3	0	0	3,5	0,9	0	78
27003	Carpe, élevage, crue	poissons crus	114	17,7	0	traces	4,76	1,28	0	30,6
27008	Truite ou truite fario, élevage, crue	poissons crus	133	19,3	0	0	6,22	1,25	0	41,8
27009	Truite arc en ciel, élevage, crue	poissons crus	132	19	0	traces	6,24	1,15	0	45,5
27010	Perche ou perche européenne, crue	poissons crus	84,6	17,9	0,6	traces	1,19	0,28	0	55,2
27011	Brochet, cru	poissons crus	87,7	18,8	1	traces	0,94	0,26	0	51,9
27012	Esturgeon d’Europe occidentale, cru	poissons crus	127	17,7	0,87	0	5,84	1,34	0	49,2
27016	Anguille, crue	poissons crus	240	16,1	2,06	traces	18,6	4,25	0	65,5
27017	Pangas, poisson-chat, machoiron, cru	poissons crus	65,2	13,5	traces	0	1,27	0,47	0	274
27019	Tilapia, cru	poissons crus	91,6	18,1	traces	0	2,13	0,56	0	28,3
27021	Truite saumonée, crue	poissons crus	143	19,2	traces	0	7,4	1,2	0	92,8
27023	Lotte de rivière, crue	poissons crus	77	17,8	0	traces	0,66	0,17	0	86
27024	Sandre, cru	poissons crus	87,2	18,3	1,06	traces	1,08	0,3	0	57
27025	Perche du Nil, crue	poissons crus	82,4	19,1	traces	0	0,68	0,22	0	57,5
10000	Bigorneau, cuit	mollusques et crustacés cuits	109	16,3	3,01	traces	3,5	0,26	0	193
10004	Coquille Saint-Jacques, noix et corail, cuite	mollusques et crustacés cuits	110	20,2	3,22	traces	1,77	0,32	0	183
10006	Crevette grise, cuite	mollusques et crustacés cuits	89,4	19,4	0,47	0	1,1	0,31	0	458
10007	Crevette, cuite	mollusques et crustacés cuits	91,3	20,5	0,2	0	0,79	0,25	0	640
10009	Homard, bouilli/cuit à l'eau	mollusques et crustacés cuits	90,9	19,6	0,11	traces	1,32	0,21	0	361
10013	Moule, bouillie/cuite à l'eau	mollusques et crustacés cuits	108	17,2	5,12	traces	2,09	0,37	0	322
10020	Bulot ou buccin, cuit	mollusques et crustacés cuits	97,7	20,7	2,69	traces	0,47	0,072	0	387
10022	Langouste, bouillie/cuite à l'eau	mollusques et crustacés cuits	106	21,8	1,3	0	1,52	0,26	0	182
10025	Crabe ou tourteau, bouilli/cuit à l'eau	mollusques et crustacés cuits	124	19,5	1,79	traces	4,29	0,55	0	478
10027	Clam, praire ou palourde, bouilli/cuit à l'eau	mollusques et crustacés cuits	99,2	16,2	5,33	0	1,48	0,14	0	625
10031	Écrevisse, cuite	mollusques et crustacés cuits	73,5	16,3	0,56	< 0,25	0,7	0,17	0	85,7
10033	Crevette bouquet, sauvage, cuite	mollusques et crustacés cuits	103	22,8	0	0	1,27	0,22	0	188
10034	Coque, cuite	mollusques et crustacés cuits	86,9	13,6	5,64	0	1,1	0,29	0	384
10037	Calmar ou calamar ou encornet, bouilli/cuit à l'eau	mollusques et crustacés cuits	149	32,5	1,64	0	1,4	0,24	0	744
10043	Fruits de mer (aliment moyen)	mollusques et crustacés cuits	103	19,5	2,47	0,0038	1,66	0,32	0,003	511
10044	Langoustine, bouillie/cuite à l'eau	mollusques et crustacés cuits	92,6	20,9	0	0	0,98	0,14	0	270
10057	Araignée de mer, bouillie/cuite à l'eau	mollusques et crustacés cuits	108	18,3	0,16	0	3,8	1,14	0	385
10061	Crevette blanche ou crevette tropicale (rose), élevage, cuite	mollusques et crustacés cuits	97,5	22,1	0,14	0	0,93	0,33	0	730
10062	Crevette tropicale (tigrée), élevage, cuite	mollusques et crustacés cuits	101	22,6	0,75	0	0,83	0,27	0	570
10064	Crevette tropicale (rose), cuite (Penaeus brasiliensis)	mollusques et crustacés cuits	117	26,6	0	0	1,18	0,25	0	138
10079	Poulpe, cuit	mollusques et crustacés cuits	156	29,8	4,4	0	2,08	0,45	0	460
10080	Fruits de mer, mélange ou cocktail, surgelés, cuits	mollusques et crustacés cuits	79,5	13,5	2,83	0	1,57	0,45	0	402
10084	Calmar ou calamar ou encornet, frit ou poêlé avec matière grasse	mollusques et crustacés cuits	173	17,9	8,45	0	7,48	1,88	0	306
10086	Crevettes, décortiquées, cuites, réfrigérées, préemballées	mollusques et crustacés cuits	92,5	18,3	2,6	0,055	1,02	0,18	0,1	670
10088	Ecrevisses, décortiquées, cuites, réfrigérées, préemballées	mollusques et crustacés cuits	82,7	18,6	0,1	0,06	0,9	0,32	0,13	-
10089	Crevettes grises, décortiquées, cuites, réfrigérées, préemballées	mollusques et crustacés cuits	91,7	20,7	0,083	0,083	1	0,2	0	-
10099	Escargot, cuit	mollusques et crustacés cuits	84,7	16,6	1,39	< 0,3	1,4	0,31	0	109
10100	Crevette sauvage, cuite	mollusques et crustacés cuits	97,3	22	0,04	0	1,01	0,35	0	-
10101	Crevette, élevage, cuite (aliment moyen)	mollusques et crustacés cuits	100	22,5	0,64	0	0,85	0,28	0	599
34501	Grenouille, cuisse, grillée/poêlée	mollusques et crustacés cuits	95,7	21,9	0,015	0	0,9	0,3	0	87,8
10001	Calmar ou calamar ou encornet, cru	mollusques et crustacés crus	77	14,4	2,17	traces	1,19	0,28	0	243
10003	Coquille Saint-Jacques, noix et corail, crue	mollusques et crustacés crus	83	17	0,78	traces	1,31	0,19	0	191
10008	Escargot, cru	mollusques et crustacés crus	77,9	16,1	1,29	traces	0,92	0,19	0	138
10010	Homard, cru	mollusques et crustacés crus	85,5	17,9	0,94	0	1,15	0,2	0	361
10011	Huître, sans précision, crue	mollusques et crustacés crus	67,2	8,64	3,86	traces	1,91	0,34	0	578
10014	Moule commune, crue	mollusques et crustacés crus	71,8	11,2	2,69	traces	1,82	0,44	0	339
10015	Langouste, crue	mollusques et crustacés crus	86,9	17,7	1,07	0	1,34	0,25	0	180
10016	Seiche, crue	mollusques et crustacés crus	76,3	16,2	0,51	traces	1,05	0,37	0	372
10017	Clam, praire ou palourde, cru	mollusques et crustacés crus	80,5	11,5	2,66	traces	2,65	0,21	0	329
10018	Poulpe, cru	mollusques et crustacés crus	60,1	12,9	0,97	traces	0,5	0,16	0	271
10019	Bulot ou buccin, cru	mollusques et crustacés crus	131	23,8	7,61	0	0,57	0,16	0	206
10021	Crevette, crue	mollusques et crustacés crus	99	19,7	3,21	0	0,84	0,22	0	182
10024	Langoustine, crue	mollusques et crustacés crus	89,8	19,1	1,53	0	0,79	0,27	0	287
10026	Moule de Méditerranée, crue	mollusques et crustacés crus	68,7	10,7	2,77	0	1,67	-	0	-
10030	Écrevisse, crue	mollusques et crustacés crus	68,3	14,8	0,81	traces	0,64	0,11	0	157
10035	Huître creuse, crue	mollusques et crustacés crus	67,2	8,64	3,86	0	1,91	0,34	0	566
10036	Huître plate, crue	mollusques et crustacés crus	53,5	10,2	1,16	0	0,9	0,17	0	510
10038	Crevette, surgelée, crue	mollusques et crustacés crus	105	23,4	0,74	traces	0,9	0,17	< 0,5	240
10039	Crabe, cru	mollusques et crustacés crus	104	19,5	0,027	0	2,86	0,46	0	275
10041	Ormeau, cru	mollusques et crustacés crus	99,6	14,4	8,69	0	0,83	0,15	0	189
10045	Coquille Saint-Jacques, noix, crue	mollusques et crustacés crus	83,6	17,9	1,15	traces	0,84	0,094	0	137
10048	Pecten d'Amérique ou peigne du Canada, noix, crue	mollusques et crustacés crus	81,3	17,3	1,78	0	0,54	-	0	-
10049	Pétoncle ou peigne du Pérou, noix, crue	mollusques et crustacés crus	88,7	17,5	3,1	0	0,7	0,3	0	150
10074	Bigorneau, cru	mollusques et crustacés crus	-	-	0	0	1,84	0,59	0	-
34500	Grenouille, cuisse, crue	mollusques et crustacés crus	70	16,2	0,66	0	0,28	0,073	0	54,5
8059	Rillettes de crabe, préemballées	produits à base de poissons et produits de la mer	210	9,16	4,61	1,74	16,6	1,79	2,61	440
8080	Rillettes de poisson, préemballées	produits à base de poissons et produits de la mer	242	13,9	traces	0,3	20,7	4,24	0	385
8081	Rillettes de saumon, préemballées	produits à base de poissons et produits de la mer	242	12,9	2,77	1,52	19,6	3,63	1,2	510
8082	Rillettes de thon, préemballées	produits à base de poissons et produits de la mer	235	13,6	1,88	1,17	18,8	2,72	1,69	490
8083	Rillettes de maquereau, préemballées	produits à base de poissons et produits de la mer	246	11	1	0	22	-	0	-
8290	Tarama, au saumon fumé, préemballé	produits à base de poissons et produits de la mer	501	7,7	4,74	0,68	50	4,12	0,38	533
8291	Terrine de poisson, préemballée	produits à base de poissons et produits de la mer	205	9,01	4,21	1,59	16,7	2,77	1,36	500
8292	Terrine de fruits de mer (par ex. de Saint-Jacques), avec ou sans poisson, préemballée	produits à base de poissons et produits de la mer	190	9,13	7,89	1,74	13,3	2,5	1,2	590
8293	Tarama, aux oeufs de cabillaud, préemballé	produits à base de poissons et produits de la mer	518	6,11	4,01	0,62	53	4,31	0,48	720
10002	Calmar ou calamar ou encornet, à la romaine (beignet), préemballé	produits à base de poissons et produits de la mer	229	8,69	26,7	2,5	9,5	1	1	852
10005	Crabe, miettes et ou pattes décortiquées, appertisé, égoutté	produits à base de poissons et produits de la mer	97,8	18,1	4,16	0	0,96	0,19	0	656
10012	Langoustine, panée, frite	produits à base de poissons et produits de la mer	282	10,9	29	traces	13,6	1,5	traces	660
10023	Beignet de crevette	produits à base de poissons et produits de la mer	260	6,5	35,5	11	10	0,5	1	770
10028	Moules, au naturel, appertisées, égouttées	produits à base de poissons et produits de la mer	97,6	16,1	2,6	0,52	2,1	0,7	1,95	628
10042	Escargot en sauce au beurre persillé, préemballé, cuit	produits à base de poissons et produits de la mer	275	12,9	1,75	0	23,7	14,8	1,25	665
10081	Moules à la sauce catalane ou escabèche (tomate), appertisée, égouttée	produits à base de poissons et produits de la mer	75,4	9,6	4,9	3	1,65	0,58	1,25	691
25433	Accra de poisson, préemballé	produits à base de poissons et produits de la mer	275	12,4	15,1	2,55	17,6	2,3	3	583
25537	Carpaccio de saumon avec marinade, fait maison	produits à base de poissons et produits de la mer	238	16,9	0,22	-	18,8	2,89	0,26	231
25992	Saumon fumé, aux cinq baies	produits à base de poissons et produits de la mer	199	22,6	1,44	0,56	11,4	2,39	0,0001	-
25993	Saumon fumé, à l'aneth et au citron	produits à base de poissons et produits de la mer	201	21,2	0,37	0,37	12,8	1,93	0,0001	1200
25994	Maquereau, filet grillé, appertisé, en sauce, égoutté	produits à base de poissons et produits de la mer	259	18,8	0,96	0,78	19,7	4,02	0,6	366
25998	Hareng fumé, doux	produits à base de poissons et produits de la mer	163	18,1	0,44	0,24	9,9	2,24	< 1	1510
25999	Anchois, filets, roulés aux câpres, salés, à l'huile, semi-conserve, égouttés	produits à base de poissons et produits de la mer	195	22,9	1,56	-	10,6	1,5	0,98	-
26000	Anchois, filets, marinés à l'huile, semi-conserve, égouttés	produits à base de poissons et produits de la mer	167	20,6	0,47	0	9,08	1,69	< 0,5	1008
26002	Carrelet ou plie ou plie commune, pané, frit	produits à base de poissons et produits de la mer	271	14,3	15,2	traces	16,8	2	1	237
26004	Oeufs de lompe ou oeufs de lump, semi-conserve	produits à base de poissons et produits de la mer	77,8	10,4	1,01	0,17	3,48	1,28	0,4	1600
26005	Caviar, semi-conserve	produits à base de poissons et produits de la mer	254	25	traces	traces	17,1	3,21	0	-
26010	Hareng mariné ou rollmops, préemballé	produits à base de poissons et produits de la mer	189	13,7	1,95	0,88	13,8	1,98	0	870
26013	Hareng fumé, au naturel	produits à base de poissons et produits de la mer	167	16,5	0,5	0	11	2,76	0	1590
26016	Limande-sole, panée, frite	produits à base de poissons et produits de la mer	206	16,7	11,9	1	10,2	1,3	0	270
26027	Pilchard, sauce tomate, appertisé, égoutté	produits à base de poissons et produits de la mer	157	13	1,5	1	11	3	0	400
26028	Nuggets ou croquette panée de poisson, préemballé	produits à base de poissons et produits de la mer	255	13,2	18,4	1,07	13,7	2,45	2,5	418
26029	Poisson pané, surgelé, cru	produits à base de poissons et produits de la mer	163	11	15,6	2,2	6,14	1,3	0,9	270
26030	Poisson pané, frit	produits à base de poissons et produits de la mer	194	11,9	13,5	0,37	10	2,15	0,8	338
26034	Sardine, à l'huile, appertisée, égouttée	produits à base de poissons et produits de la mer	217	23,3	0,31	0	13,7	3,06	0	300
26035	Sardine, sauce tomate, appertisée, égouttée	produits à base de poissons et produits de la mer	194	20,2	1,83	0,5	11,6	3,04	1	280
26037	Saumon fumé	produits à base de poissons et produits de la mer	184	22,2	0,13	0,13	10,5	1,81	0,26	1220
26039	Thon, au naturel, appertisé, égoutté	produits à base de poissons et produits de la mer	143	26,8	0	0	3,94	1,01	0	251
26040	Sardine, à l'huile d'olive, appertisée, égouttée	produits à base de poissons et produits de la mer	224	23,3	0,11	0	14,5	3,07	0	291
26046	Surimi, bâtonnets, tranche ou râpé saveur crabe	produits à base de poissons et produits de la mer	117	7,54	11,8	2,71	4,33	0,41	0,73	628
26056	Oeufs de cabillaud, fumés, semi-conserve	produits à base de poissons et produits de la mer	154	29	0,1	-	4,2	0,56	0	816
26077	Thon germon ou thon blanc, cuit à la vapeur sous pression	produits à base de poissons et produits de la mer	165	30	0	traces	5,06	1,35	0	41,1
26086	Maquereau, filet sauce tomate, appertisé, égoutté	produits à base de poissons et produits de la mer	240	17,7	5,5	1,9	16,3	3,37	0,1	234
26087	Maquereau, fumé	produits à base de poissons et produits de la mer	289	19,8	0,92	traces	22,9	5,26	0	616
26090	Haddock (fumé) ou églefin fumé	produits à base de poissons et produits de la mer	97	22,6	0	0	0,73	0,17	0	763
26096	Maquereau, filet sauce moutarde, appertisé, égoutté	produits à base de poissons et produits de la mer	218	20,8	1,5	0,83	14,2	3,92	0,67	405
26097	Maquereau, filet au vin blanc, appertisé, égoutté	produits à base de poissons et produits de la mer	202	17,8	1	0,5	14,1	2,92	0	387
26098	Morue, salée, sèche	produits à base de poissons et produits de la mer	210	47,6	1,1	0	1,67	0,31	0	4900
26119	Saumon, appertisé, égoutté	produits à base de poissons et produits de la mer	144	21	4,9	traces	4,5	0,81	0	406
26123	Maquereau, filet (grillé ou non), au naturel, appertisé, égoutté	produits à base de poissons et produits de la mer	221	18,8	0,018	0	16,2	3,74	0	337
26124	Merlan, pané	produits à base de poissons et produits de la mer	190	12,6	13	1,7	9,57	1,1	0,9	250
26142	Foie de morue, appertisé, égoutté	produits à base de poissons et produits de la mer	433	7,25	1	traces	44,4	6,87	0	446
26151	Oeufs de truite, semi-conserve	produits à base de poissons et produits de la mer	209	26,3	4	< 0,2	9,5	1,65	1	1070
26152	Lieu ou colin d'Alaska, fumé	produits à base de poissons et produits de la mer	81,3	18,3	0	0	0,9	0,1	0	-
26177	Anchois, filets, salés, à l'huile, semi-conserve, égouttés	produits à base de poissons et produits de la mer	199	24,9	0	0	11	1,64	0	3600
26179	Thon germon ou thon blanc, à l'huile d'olive, appertisé, égoutté	produits à base de poissons et produits de la mer	192	31,3	1,01	0	6,95	1,41	0	270
26180	Thon à l'huile de tournesol, entier, appertisé, égoutté	produits à base de poissons et produits de la mer	206	23,3	0,76	-	12,2	1,34	0	373
26181	Thon albacore, au naturel, appertisé, égoutté	produits à base de poissons et produits de la mer	127	24,8	3,67	0	1,46	0,44	0	283
26186	Maquereau, mariné	produits à base de poissons et produits de la mer	185	16,3	-	-	13,3	-	0	915
26231	Sardine, filets sans arêtes à l'huile d'olive, appertisés, égouttés	produits à base de poissons et produits de la mer	202	23,2	1,16	traces	11,6	2,68	0	282
26232	Hareng fumé, à l'huile	produits à base de poissons et produits de la mer	168	15,1	2	0	11	3,12	0	1630
26239	Surimi, fourré au fromage frais	produits à base de poissons et produits de la mer	148	6,6	9,24	2,8	9,3	3,84	< 1	688
26242	Thon à la tomate, miettes, appertisées, égouttées	produits à base de poissons et produits de la mer	140	13	4,33	3,67	7,67	1,17	0,67	666
26243	Thon, à la catalane ou à l'escabèche (sauce tomate), appertisé	produits à base de poissons et produits de la mer	149	12	6	3	8,6	0,67	0	395
26245	Thon à l'huile de tournesol, miettes, appertisées, égouttées	produits à base de poissons et produits de la mer	227	23,4	0	< 0,25	14,8	1,62	0	339
26275	Oeufs de saumon du Pacifique, semi-conserve	produits à base de poissons et produits de la mer	240	30,8	5,16	< 0,2	10,5	2,05	1	936
26692	Anchois, filets, marinés à l'orientale (huile, piments…), semi-conserve, égouttés	produits à base de poissons et produits de la mer	165	19,6	0,48	-	9,19	1,62	1,09	2230
26693	Anchois, filets, salés, à l'huile de tournesol, semi-conserve, égouttés	produits à base de poissons et produits de la mer	211	24,5	0,54	-	12,3	1,58	< 1,5	-
26694	Anchois, filets, salés, à l'huile d'olive, semi-conserve, égouttés	produits à base de poissons et produits de la mer	197	25	1,36	-	9,9	1,67	1,1	-
26695	Saumon, sauvage, fumé	produits à base de poissons et produits de la mer	121	23,6	0,048	0	2,91	0,71	0	-
26696	Saumon, élevage, fumé	produits à base de poissons et produits de la mer	188	22,1	0,14	0	11	1,89	0	-
26697	Sardine, à l'huile de tournesol, appertisée, égouttée	produits à base de poissons et produits de la mer	219	23,5	0,27	-	13,8	2,97	0	-
26698	Sardine, à l'huile d'arachide, appertisée, égouttée	produits à base de poissons et produits de la mer	223	21,2	1,07	-	14,9	4,5	0	-
26700	Anchois, filets, marinés, semi-conserve, égouttés (aliment moyen)	produits à base de poissons et produits de la mer	186	20,3	0,48	-	11,3	2,01	0,73	3070
27029	Truite, élevage, fumée	produits à base de poissons et produits de la mer	171	22,3	3,17	0,21	7,69	1,36	0,28	1300
22008	Oeuf, blanc (blanc d'oeuf), cuit	oeufs	47,3	10,3	1,12	0,7	0,17	0	0	155
22009	Oeuf, jaune (jaune d'oeuf), cuit	oeufs	340	16	1,31	0,55	30,1	8,49	0	14
22010	Oeuf dur	oeufs	134	13,5	0,52	0,52	8,62	3,22	0	123
22011	Oeuf poché	oeufs	139	12,5	0,89	0,37	9,47	2,99	0	79,3
22014	Oeuf à la coque	oeufs	142	12,2	1,08	0,77	9,82	3,11	0	150
22502	Oeuf brouillé, avec matière grasse	oeufs	167	11,9	0,44	0,44	13	4,46	0	177
22505	Oeuf au plat, sans matière grasse	oeufs	157	14,6	1,4	0,35	10,4	3,25	0	167
22000	Oeuf cru	oeufs	140	12,8	0,06	0,06	9,83	2,64	0	124
22001	Oeuf, blanc (blanc d'oeuf), cru	oeufs	48,1	10,9	0,73	0,71	0,17	0	0	166
22002	Oeuf, jaune (jaune d'oeuf), cru	oeufs	307	15,5	1,09	0,56	26,7	9,55	0	19,1
22050	Oeuf de caille, cru	oeufs	154	13,1	0,41	0,4	11,1	3,56	0	141
22060	Oeuf de cane, cru	oeufs	181	12,8	1,45	0,93	13,8	3,68	0	146
22070	Oeuf d'oie, cru	oeufs	180	13,9	1,35	0,94	13,3	3,6	0	138
22080	Oeuf de dinde, cru	oeufs	166	13,7	1,13	1	11,9	3,63	0	151
22003	Oeuf, jaune (jaune d'oeuf), en poudre	oeufs	667	33,7	2,11	0,07	58,1	18,1	0	163
22004	Oeuf, blanc (blanc d'oeuf), en poudre	oeufs	356	81,1	7,8	5,4	0	0	0	1280
22013	Oeuf, en poudre	oeufs	587	48,4	1,52	0,3	43	13,5	0	480
22500	Omelette nature, faite maison	oeufs	196	13,8	0,9	0,31	15,3	3,32	0	240
22506	Omelette au fromage, faite maison	oeufs	255	17,7	2,56	0,4	19,3	10,1	0	231
22507	Omelette aux lardons, faite maison	oeufs	267	12,5	1,46	0,68	23,5	9,41	0	392
22508	Omelette aux champignons, faite maison	oeufs	125	8,09	2,28	0,7	9,2	2,97	0,45	141
22509	Omelette à la ciboulette, faite maison	oeufs	147	9,5	1,98	0,8	11,2	3,6	0,55	173
22510	Tortilla espagnole aux oignons (omelette aux pommes de terre et oignons), préemballée	oeufs	165	5,56	11,7	1,22	9,9	1,55	2,7	425
22511	Omelette, garnitures diverses : légumes, fromages, viandes... (aliment moyen)	oeufs	179	9,61	4,83	0,81	13,2	4,65	0,96	275
19000	Lait de grand mélange, en vrac	laits	64,4	3,28	4,65	-	3,66	2,28	0	49
19010	Lait entier, cru	laits	-	-	-	-	4,4	-	0	49,5
19016	Lait entier (aliment moyen)	laits	63,9	3,42	4,78	4,29	3,49	2,12	0	47,1
19023	Lait entier, UHT	laits	64,6	3,46	4,77	4,64	3,55	2,08	0	37
19024	Lait entier, pasteurisé	laits	61,8	3,3	4,8	3,2	3,3	2,25	0	79
19033	Lait demi-écrémé (aliment moyen)	laits	47,5	3,46	4,97	4,91	1,55	0,98	0	34,8
19037	Lait demi-écrémé, UHT, enrichi en vitamine D	laits	46,6	3,38	4,8	4,5	1,52	0,98	0	36
19038	Lait à 1,2% MG, UHT, enrichi en vitamines	laits	44,1	3,38	4,79	4,5	1,25	0,81	0	35
19039	Lait, sans précision sur la teneur en matière grasse, UHT (aliment moyen)	laits	47,7	3,48	4,97	4,89	1,57	0,98	0	35,1
19041	Lait demi-écrémé, UHT	laits	47,7	3,48	5	4,96	1,56	0,97	0	35
19042	Lait demi-écrémé, pasteurisé	laits	46,4	3,19	4,9	4,81	1,54	1,06	0	31
19050	Lait écrémé, UHT	laits	34,4	3,6	5,01	4,68	0,021	< 0,15	0	34
19051	Lait écrémé, pasteurisé	laits	32,7	3,37	4,7	4,7	0,08	0,051	0	42
19060	Lait demi-écrémé (ou à teneur en matière grasse légèrement inférieure), UHT, à teneur réduite en lactose	laits	44,4	3,45	4,69	4,66	1,29	0,86	0	35
19200	Lait de chèvre, entier, UHT	laits	64,6	2,96	4,2	4,2	4,02	2,52	0	41,6
19201	Lait de chèvre, demi-écrémé, UHT	laits	45,8	3,77	4,13	4,13	1,57	1,06	0	58,6
19202	Lait de chèvre, entier, cru	laits	57,4	3,22	4,01	4,01	3,2	2,16	0	36,6
19225	Lait de jument, entier	laits	50	2,41	6,22	6,17	1,73	0,82	0	20
19250	Lait de brebis, entier	laits	103	5,68	4,5	4,5	6,97	4,8	0	44
19270	Lait de bufflesse, entier	laits	-	-	5,1	4,95	7,35	4,86	0	52
19021	Lait en poudre, entier	laits	508	26,6	42	39,9	26,2	16,4	0	364
19026	Lait concentré sans sucres ajoutés, entier	laits	119	6,44	9,91	9,47	5,9	3,96	< 3	95
19027	Lait concentré sucré, entier	laits	327	7,7	56,5	56,5	7,87	5,23	0	85,2
19044	Lait en poudre, demi-écrémé	laits	459	31,5	43,4	43,4	17,5	11,6	0	313
19054	Lait en poudre, écrémé	laits	361	35,3	54	53,1	0,7	0,48	0	526
19500	Lait fermenté à boire, aromatisé, avec édulcorants, allégé en sucres, 0% MG, au L Casei	produits laitiers frais et alternatives végétales	27,5	2,9	3,64	3,56	0,1	0,018	0,35	42
19508	Lait fermenté ou yaourt à boire, aromatisé, sucré	produits laitiers frais et alternatives végétales	65,9	3,16	10,7	9,67	0,89	0,59	0,14	37
19516	Lait fermenté à boire, aromatisé, sucré, au L Casei	produits laitiers frais et alternatives végétales	69,7	3,06	10,8	10,8	1,6	1	0,033	40,5
19534	Lait fermenté ou yaourt à boire, aromatisé, sucré, enrichi en vitamine D	produits laitiers frais et alternatives végétales	73,3	2,98	12,3	12,1	1,39	0,9	0,083	36,1
19535	Lait fermenté ou yaourt à boire, aux fruits, sucré	produits laitiers frais et alternatives végétales	84,6	2,91	11,9	11,5	2,49	1,66	0,079	46,9
19536	Lait fermenté ou yaourt à boire, aux fruits, sucré, enrichi en vitamine D	produits laitiers frais et alternatives végétales	74	2,9	12,4	11,7	1,42	0,91	0,1	40
19538	Lait fermenté à boire, nature, sucré, au L Casei	produits laitiers frais et alternatives végétales	69,6	3,06	10,8	10,8	1,6	1	< 0,05	40
19539	Lait fermenté type yaourt au bifidus, aromatisé, sucré	produits laitiers frais et alternatives végétales	86,5	3,85	10,8	10,7	2,81	1,83	0,75	38
19541	Lait fermenté type yaourt au bifidus, aux fruits, 0% MG, avec édulcorants	produits laitiers frais et alternatives végétales	48,1	4,67	6,71	6,37	0,094	0,039	1,08	71,1
19542	Lait fermenté type yaourt au bifidus, aux fruits, sucré	produits laitiers frais et alternatives végétales	87,7	3,76	10,8	10,5	2,83	1,81	0,7	40
19543	Lait fermenté type yaourt aux esters de stérol, aux fruits, 0% MG, avec édulcorants	produits laitiers frais et alternatives végétales	47	3,88	6,6	5,7	0,5	0,1	0,45	65
19544	Lait fermenté type yaourt au bifidus, nature, 0% MG	produits laitiers frais et alternatives végétales	42,9	4,39	5,75	5,75	0,3	0,17	0	55
19546	Lait fermenté type yaourt au bifidus, nature	produits laitiers frais et alternatives végétales	92,3	6,35	10,8	10,2	2,38	1,46	0	27
19550	Yaourt à la grecque nature, au lait de brebis	produits laitiers frais et alternatives végétales	124	4,82	4,28	3,06	9,78	7,12	< 0,5	60
19551	Lait fermenté à boire, aromatisé, sucré, enrichi en vitamine D, au L Casei	produits laitiers frais et alternatives végétales	73,3	2,84	12,1	12	1,53	1,02	0	-
19552	Yaourt à la grecque sur lit de fruits, sucré	produits laitiers frais et alternatives végétales	126	2,34	14,4	13,5	6,53	4,32	0,27	38,7
19553	Yaourt au lait de brebis, aromatisé, sucré	produits laitiers frais et alternatives végétales	93,1	5,04	9,16	8,3	3,7	2,52	0,17	47
19554	Yaourt au lait de brebis, nature, 3% MG environ	produits laitiers frais et alternatives végétales	66,5	5,61	3,48	3,31	3,01	2,13	0,13	3,15
19555	Yaourt au lait de brebis, sur lit de fruits, sucré	produits laitiers frais et alternatives végétales	112	4,34	15,2	13,6	3,73	2,49	0,47	-
19556	Yaourt au lait de chèvre, nature	produits laitiers frais et alternatives végétales	74,4	4,28	2,53	2,53	4,9	3,24	0,25	36
19557	Yaourt ou lait fermenté, sur lit de fruits, sucré	produits laitiers frais et alternatives végétales	97,6	4,08	14	12,9	2,77	1,84	0,3	39,2
19559	Yaourt ou lait fermenté, aromatisé, 0% MG, avec édulcorants	produits laitiers frais et alternatives végétales	54,4	5,09	7,73	5,08	0,063	0,0075	0	57,5
19574	Yaourt ou lait fermenté, aromatisé, 0% MG, avec édulcorants, enrichi en vitamine D	produits laitiers frais et alternatives végétales	52,3	4,58	7,75	7,12	0,39	0,25	0	-
19575	Yaourt ou lait fermenté, aromatisé, sucré	produits laitiers frais et alternatives végétales	86,1	3,15	12,7	12,5	2,25	1,39	0,017	33
19577	Yaourt ou lait fermenté, aromatisé, à la crème, sucré	produits laitiers frais et alternatives végétales	123	2,98	13	12	6,59	4,16	0,013	35,5
19578	Yaourt ou lait fermenté, aromatisé, sucré, enrichi en vitamine D	produits laitiers frais et alternatives végétales	71,4	3,16	11,7	11,4	1,06	0,66	0,067	33
19579	Yaourt ou lait fermenté, aux céréales	produits laitiers frais et alternatives végétales	111	3,64	16	14,6	3,43	2,22	1	42,3
19580	Yaourt ou lait fermenté, aux copeaux de chocolat, à la crème, sucré	produits laitiers frais et alternatives végétales	126	3,62	14,9	14,8	5,52	3,57	0,2	34
19581	Yaourt ou lait fermenté, aux fruits, 0% MG, avec édulcorants	produits laitiers frais et alternatives végétales	45,1	4,38	5,66	5,4	< 0,1	< 0,15	0,7	47
19582	Yaourt ou lait fermenté, aux fruits, 0% MG, avec édulcorants, enrichi en vitamine D	produits laitiers frais et alternatives végétales	45,5	4,31	6	5,42	< 0,1	< 0,15	0,6	48
19587	Yaourt ou lait fermenté, aux fruits, sucré	produits laitiers frais et alternatives végétales	88,9	3,23	12,6	11,6	2,41	1,58	0,6	38
19589	Yaourt ou lait fermenté, aux fruits, à la crème, sucré	produits laitiers frais et alternatives végétales	113	2,73	13,4	12,8	5,1	3,33	0,14	37
19592	Yaourt ou lait fermenté, aux fruits, sucré, enrichi en vitamine D	produits laitiers frais et alternatives végétales	89,5	3,32	12,3	11,6	2,65	1,76	0,2	35
19593	Yaourt ou lait fermenté, nature	produits laitiers frais et alternatives végétales	50,1	3,83	4,26	4	1,68	1,08	traces	40
19594	Yaourt ou lait fermenté, nature, 0% MG	produits laitiers frais et alternatives végétales	39,1	4,16	4,89	4,63	< 0,1	< 0,15	0,031	43
19596	Yaourt ou lait fermenté, nature, 0% MG, enrichi en vitamine D	produits laitiers frais et alternatives végétales	38,5	4,58	4,86	4,79	0,19	0,072	0,12	54
19598	Yaourt ou lait fermenté, nature, à la crème	produits laitiers frais et alternatives végétales	107	3,22	3,8	3,56	8,5	5,49	0,000017	34
19599	Yaourt ou lait fermenté, nature, sucré	produits laitiers frais et alternatives végétales	81,7	2,92	10,7	10,1	2,81	1,81	0,031	30
19600	Yaourt ou lait fermenté, nature, sans précision sur teneur en matière grasse et sucre (aliment moyen)	produits laitiers frais et alternatives végétales	62,3	3,93	5,85	5,5	2,3	1,49	0,029	37
19624	Yaourt ou lait fermenté, nature ou aux fruits (aliment moyen)	produits laitiers frais et alternatives végétales	72,9	3,7	7,98	7,51	2,6	1,69	0,18	37,9
19628	Yaourt ou lait fermenté, aux fruits (aliment moyen)	produits laitiers frais et alternatives végétales	91,2	3,29	11,7	11	3,12	2,04	0,43	39,4
19669	Spécialité laitière riche en protéines, sur lit de fruits, sucrée	produits laitiers frais et alternatives végétales	97,6	7,46	11,5	11,3	2,29	1,56	-	33
19671	Yaourt ou lait fermenté, aromatisé ou aux fruits, 0% MG (aliment moyen)	produits laitiers frais et alternatives végétales	47,2	4,54	6,14	5,32	0,053	0,06	0,54	49,4
19672	Yaourt ou lait fermenté, aromatisé ou aux fruits, non allégé en matière grasse (aliment moyen)	produits laitiers frais et alternatives végétales	91,6	3,15	12,5	12	2,92	1,87	0,23	35,9
19675	Yaourt ou lait fermenté, aromatisé ou aux fruits, avec édulcorants (aliment moyen)	produits laitiers frais et alternatives végétales	47,2	4,54	6,14	5,32	0,053	0,06	0,54	49,4
19676	Yaourt ou lait fermenté, aromatisé ou aux fruits, sucré (aliment moyen)	produits laitiers frais et alternatives végétales	91,9	3,16	12,6	12,1	2,94	1,89	0,23	36,1
19677	Yaourt ou lait fermenté, aromatisé ou aux fruits, non allégé en matière grasse, sucré (aliment moyen)	produits laitiers frais et alternatives végétales	91,8	3,16	12,6	12,1	2,94	1,88	0,23	36,1
19682	Yaourt ou lait fermenté, aromatisé ou aux fruits (aliment moyen)	produits laitiers frais et alternatives végétales	87,5	3,29	11,9	11,4	2,65	1,7	0,26	37,4
19723	Yaourt ou lait fermenté, nature, enrichi en vitamine D	produits laitiers frais et alternatives végétales	63,4	4,32	4,4	4,19	2,85	1,85	0,0071	40
19724	Spécialité laitière riche en protéines, nature	produits laitiers frais et alternatives végétales	74,5	9,29	3,45	3,45	2,7	1,9	< 0,1	-
19726	Yaourt ou lait fermenté, nature, sucré, enrichi en vitamine D	produits laitiers frais et alternatives végétales	85,4	3,09	10,9	10,8	3,02	1,93	0,017	31
19727	Yaourt au lait de chèvre, aux fruits, sucré	produits laitiers frais et alternatives végétales	99,9	3,83	11,6	11,2	4,29	2,97	-	-
19728	Yaourt au lait de chèvre, sur lit de fruits, sucré	produits laitiers frais et alternatives végétales	107	3,85	13,2	12,4	4,38	3,05	-	-
19733	Yaourt ou lait fermenté, sur lit de fruits, à la crème, sucré	produits laitiers frais et alternatives végétales	126	2,56	14,2	13,6	6,47	4,08	0,52	-
19801	Lait fermenté à boire ou lait ribot, nature, maigre	produits laitiers frais et alternatives végétales	36,2	3,33	3,87	3,87	0,54	0,34	0,05	35
19805	Lait fermenté à boire ou lait ribot, nature, au lait entier	produits laitiers frais et alternatives végétales	52,7	3,38	1,99	1,99	3,2	2,24	< 3	35
19860	Yaourt à la grecque nature	produits laitiers frais et alternatives végétales	103	3,02	3,73	3,11	8,16	5,26	0,071	32
19862	Yaourt à la grecque aromatisé, sucré	produits laitiers frais et alternatives végétales	134	2,39	14,2	13,5	7,49	5	0,15	70
19865	Kéfir de lait	produits laitiers frais et alternatives végétales	61,1	3,19	4,5	3,42	3,4	2,33	0	49
19882	Yaourt au lait de brebis, nature, 6% MG environ	produits laitiers frais et alternatives végétales	98,9	5,42	3,98	2,54	6,77	4,76	0,49	40
19501	Fromage blanc, nature ou aux fruits (aliment moyen)	produits laitiers frais et alternatives végétales	80	7,02	6,34	6,05	2,83	1,83	0,02	41,6
19572	Fromage frais type petit suisse, aromatisé chocolat, sucré	produits laitiers frais et alternatives végétales	165	4,21	22,5	19,7	6,48	4,3	0,2	113
19638	Faisselle au coulis de fruits	produits laitiers frais et alternatives végétales	93	3,57	8,5	8,5	5	3,6	-	30,7
19639	Faisselle, 0% MG	produits laitiers frais et alternatives végétales	36,8	4,52	4,65	3,71	0,05	0,025	0,083	42,5
19641	Faisselle, 6% MG environ	produits laitiers frais et alternatives végétales	83,6	4,47	3,36	3,36	5,5	3,74	0,21	35
19643	Fromage blanc et crème fouettée, sur lit de fruits, sucré	produits laitiers frais et alternatives végétales	145	4,59	16	15	7	4,5	traces	36
19644	Fromage blanc, nature, 0% MG	produits laitiers frais et alternatives végétales	48,4	7,34	4,22	3,29	< 0,1	< 0,15	0,042	36
19645	Fromage blanc, nature, 0% MG, enrichi en vitamine D	produits laitiers frais et alternatives végétales	49,6	7,57	4,76	4,76	0,1	0,06	< 0,23	60
19646	Fromage blanc, nature, 2-3% MG	produits laitiers frais et alternatives végétales	75,7	7,28	3,86	3,86	3,23	2,07	0,019	35
19648	Fromage blanc, nature, 2-3% MG, enrichi en vitamine D	produits laitiers frais et alternatives végétales	75,5	6,3	4,87	4,75	3,12	2,01	0,03	36
19650	Fromage blanc et crème fouettée, nature	produits laitiers frais et alternatives végétales	133	6,72	3,8	3,8	9,94	6,53	0	31
19654	Fromage blanc ou spécialité laitière, aux copeaux de chocolat, 7-8% MG, sucré	produits laitiers frais et alternatives végétales	152	6,1	16,3	15,4	6,93	4,83	0,1	40
19656	Fromage blanc ou spécialité laitière, aux fruits, 0% MG, sucré	produits laitiers frais et alternatives végétales	80,3	7,42	12,8	12	< 0,37	0	0	30
19657	Fromage blanc ou spécialité laitière, aux fruits, 2-3% MG, sucré	produits laitiers frais et alternatives végétales	98,3	6,15	12	11,6	2,86	1,94	0,28	39,9
19659	Fromage blanc ou spécialité laitière, aux fruits, 6-7% MG, sucré	produits laitiers frais et alternatives végétales	139	5,57	14,4	13,6	6,55	3,57	0,34	52,2
19660	Fromage blanc ou spécialité laitière, sur lit de fruits, 7-8% MG, sucré	produits laitiers frais et alternatives végétales	129	4,13	12,8	12,2	6,91	4,69	< 1	-
19663	Fromage frais type petit suisse, nature, 0% MG	produits laitiers frais et alternatives végétales	56,5	9,9	4,2	4,2	0,1	< 0,1	< 0,1	44,8
19664	Fromage frais type petit suisse, nature, 4% MG environ	produits laitiers frais et alternatives végétales	88	9,71	3,11	3,11	3,9	2,66	< 0,15	33
19665	Mousse de fromage blanc sur lit de fruits, 0% MG, avec édulcorants, enrichie en calcium et vitamine D	produits laitiers frais et alternatives végétales	56,2	6,48	6	5,05	0,45	0,26	1,35	60
19666	Fromage frais type petit suisse, nature, 10% MG environ	produits laitiers frais et alternatives végétales	137	9,19	2,61	2,61	9,89	6,55	0,78	30
19691	Fromage blanc ou spécialité laitière, aux fruits, 0% MG, avec édulcorants, sucré, enrichi en vitamine D	produits laitiers frais et alternatives végétales	53,7	6,53	6,45	6,15	0,1	0,06	0,7	66,7
19697	Fromage blanc ou spécialité laitière, aromatisé, 0% MG, avec édulcorants, sucré, enrichi en vitamine D	produits laitiers frais et alternatives végétales	53,7	6,64	6,7	6,3	0,1	0,055	0	-
19705	Fromage blanc ou spécialité laitière, aromatisé, 0% MG, avec édulcorants, sucré	produits laitiers frais et alternatives végétales	47,3	5,72	6	5,2	0,05	0,0001	0,2	-
19707	Fromage blanc ou spécialité laitière, sur lit de fruits, 0% MG, avec édulcorants, sucré, enrichi en vitamine D	produits laitiers frais et alternatives végétales	52,8	6,43	6	5,4	0,4	0,3	-	-
19708	Fromage blanc ou spécialité laitière, sur lit de fruits, 0% MG, avec édulcorants, sans sucres ajoutés, enrichi en vitamine D	produits laitiers frais et alternatives végétales	53	6,91	5,63	3,73	0,17	0,033	1,7	-
19709	Fromage blanc ou spécialité laitière, aromatisé, 0% MG, avec édulcorants, sans sucres ajoutés	produits laitiers frais et alternatives végétales	45,6	7,66	3,9	3,5	0,0001	0,0001	0	-
19711	Fromage blanc, nature, 7-8% MG	produits laitiers frais et alternatives végétales	116	5,55	5,87	3,69	7,63	5,19	0,05	40,8
19712	Fromage blanc, nature, au lait de brebis, 5% MG environ	produits laitiers frais et alternatives végétales	92,5	6,35	4,29	2,93	5,61	3,91	0	-
19713	Fromage blanc, nature, au lait de chèvre, 7% MG environ	produits laitiers frais et alternatives végétales	98,3	6,55	3,04	2,65	6,73	4,61	0	-
19714	Fromage blanc ou spécialité laitière, aromatisé, 0% MG, sucré	produits laitiers frais et alternatives végétales	76,9	7,01	12,3	11,9	0,05	0,038	0	40
19715	Fromage blanc ou spécialité laitière, aromatisé, 2-3% MG, sucré	produits laitiers frais et alternatives végétales	98,7	6,2	12,8	12,4	2,59	1,67	0,000033	73,1
19716	Fromage blanc, nature, 2-3% MG, sucré	produits laitiers frais et alternatives végétales	101	7,66	10,9	10,8	3,09	2,03	0	-
19718	Fromage blanc ou spécialité laitière, aromatisé, 7-8% MG, sucré	produits laitiers frais et alternatives végétales	131	5,29	12,8	12,5	6,57	4,22	0,1	-
19719	Fromage frais type petit suisse, aux fruits, 2-3% MG, sucré	produits laitiers frais et alternatives végétales	101	6,39	12,9	12,3	2,64	1,71	0,067	32,7
19720	Fromage frais type petit suisse, aux fruits, 2-3% MG, sucré, enrichi en vitamine D	produits laitiers frais et alternatives végétales	57,6	3,43	4,68	3,6	2,44	1,52	0,4	40
19721	Fromage frais type petit suisse, aromatisé, 2-3% MG, sucré	produits laitiers frais et alternatives végétales	92,7	5,96	12,3	11,8	2,23	1,46	0	-
19722	Fromage frais type petit suisse, aromatisé, 2-3% MG, sucré, enrichi en vitamine D	produits laitiers frais et alternatives végétales	90,2	4,89	12,2	11,4	2,48	1,67	0,036	-
19725	Fromage blanc ou spécialité laitière, sur lit de fruits, 0% MG, sucré	produits laitiers frais et alternatives végétales	78,6	8,08	11,5	10,9	0,089	0,05	0,13	-
19673	Crème dessert, allégée en matière grasse, rayon frais	produits laitiers frais et alternatives végétales	78,2	3,66	12,6	11,4	1,1	0,72	1,5	54
19674	Flan aux oeufs, rayon frais	produits laitiers frais et alternatives végétales	113	4,23	17,7	16	2,74	1,52	0,38	56
19678	Lait emprésuré aromatisé, rayon frais	produits laitiers frais et alternatives végétales	111	4,65	16	14,9	3,03	2,05	0,6	98,8
19679	Lait gélifié aromatisé, nappé caramel, rayon frais	produits laitiers frais et alternatives végétales	91,4	2,55	16,8	14,3	1,05	0,69	2,2	39
19680	Lait gélifié aromatisé, rayon frais	produits laitiers frais et alternatives végétales	124	3,39	19,5	17,6	3,53	2,15	0,52	55,4
19681	Liégeois ou viennois (chocolat, café, caramel ou vanille), rayon frais	produits laitiers frais et alternatives végétales	139	3,09	16,1	14,6	6,48	4,27	2	47
19684	Oeufs au lait, rayon frais	produits laitiers frais et alternatives végétales	124	5,03	14,7	14,4	5,08	2,88	0	-
19685	Panna cotta, avec préparations de fruits ou caramel, rayon frais	produits laitiers frais et alternatives végétales	192	2,69	15,9	15,8	12,1	8,21	1,44	34
19686	Spécialité laitière ou dessert lacté, aromatisé, à faible teneur en matière grasse, sucré, avec édulcorants, rayon frais	produits laitiers frais et alternatives végétales	75,5	3,8	11,9	9,76	1,05	0,68	1,73	-
23534	Gâteau de semoule aux raisins et caramel, rayon frais	produits laitiers frais et alternatives végétales	146	3,79	24,5	18,8	3,57	2,21	0,3	32
23536	Gâteau de riz au caramel, rayon frais	produits laitiers frais et alternatives végétales	144	3,3	25,4	16,1	3,17	1,95	0,057	29
39001	Milkshake, de restauration rapide	produits laitiers frais et alternatives végétales	126	3,38	17,4	13,6	4,66	2,68	0,65	82
39200	Crème dessert au chocolat, rayon frais	produits laitiers frais et alternatives végétales	121	3,46	17,9	15,4	3,55	2,26	1,5	64
39206	Mousse au chocolat (base laitière), rayon frais	produits laitiers frais et alternatives végétales	155	5,06	20,3	19,3	5,45	3,59	1,82	62
39209	Crème caramel, rayon frais	produits laitiers frais et alternatives végétales	155	4,75	21	19,3	5,74	3,54	0,32	57,1
39211	Crème aux oeufs (petit pot de crème chocolat, vanille, etc.), rayon frais	produits laitiers frais et alternatives végétales	162	4,34	17,5	12,9	8,1	4,84	0,9	55
39212	Riz au lait vanille, cannelle ou nature, rayon frais	produits laitiers frais et alternatives végétales	121	3	18,9	10,8	3,4	2,07	1,2	44
39213	Crème brûlée, rayon frais	produits laitiers frais et alternatives végétales	269	4,44	17,5	16,3	20,1	13,1	0,32	46,1
39214	Crème dessert à la vanille, appertisée	produits laitiers frais et alternatives végétales	133	3,85	21,1	16	3,62	1,8	0,5	66,5
39215	Ile flottante, rayon frais	produits laitiers frais et alternatives végétales	131	4,7	21,4	19,4	3,05	1,53	0,067	45
39218	Semoule au lait, rayon frais	produits laitiers frais et alternatives végétales	132	3,41	18,9	12,8	4,73	2,24	0,33	37,8
39229	Crème dessert à la vanille, rayon frais	produits laitiers frais et alternatives végétales	103	2,98	16,2	13,8	2,88	1,88	0,11	48
39230	Crème dessert, rayon frais (aliment moyen)	produits laitiers frais et alternatives végétales	138	3,5	17,4	14,9	5,82	3,74	0,77	57,8
39235	Mousse liégeoise (chocolat, café, caramel ou vanille), rayon frais	produits laitiers frais et alternatives végétales	177	3,75	19,2	17,7	9,35	6,25	0,57	57,6
39246	Crème dessert au café, rayon frais	produits laitiers frais et alternatives végétales	118	2,86	17,3	14,4	4,09	2,74	0,075	67,1
39247	Crème dessert au caramel, rayon frais	produits laitiers frais et alternatives végétales	108	2,88	18,1	14,2	2,68	1,75	0,078	76
39249	Mousse aux fruits, au fromage frais, 0% MG, sucrée, avec édulcorants, enrichie en calcium, rayon frais	produits laitiers frais et alternatives végétales	51,7	6,25	5,51	4,31	< 0,3	< 0,01	1,2	36
39250	Mousse aux fruits, au fromage frais, sucrée, rayon frais	produits laitiers frais et alternatives végétales	144	5,03	14,4	11,6	7,39	4,79	0,033	47,8
39251	Riz au lait, au caramel, rayon frais	produits laitiers frais et alternatives végétales	146	2,95	24,5	16,5	4	2,58	0,1	-
39252	Riz au lait, rhum raisins, rayon frais	produits laitiers frais et alternatives végétales	133	3,03	22,3	15,1	3,44	2,17	0,28	-
39253	Mousse au chocolat ou café, sur ganache, rayon frais	produits laitiers frais et alternatives végétales	360	4,58	17,5	15	29,7	20,8	2,67	-
39254	Crème dessert au chocolat et billes de céréales chocolatées, rayon frais	produits laitiers frais et alternatives végétales	140	3,85	22,5	19,3	3,78	2,28	0,38	-
39505	Crème dessert, appertisée (aliment moyen)	produits laitiers frais et alternatives végétales	136	3,53	21,5	16,4	3,51	1,19	2,12	53,5
39506	Crème dessert au chocolat, appertisée	produits laitiers frais et alternatives végétales	138	3,25	21,8	16,8	3,42	0,63	3,6	41,6
39511	Crème dessert, rayon frais ou appertisée (aliment moyen)	produits laitiers frais et alternatives végétales	138	3,5	17,6	15	5,75	3,66	0,81	57,7
19698	Tiramisu au café, rayon frais	produits laitiers frais et alternatives végétales	242	4,25	30,2	19,5	9,8	6,41	1,2	77
19699	Tiramisu aux fruits, rayon frais	produits laitiers frais et alternatives végétales	220	3,62	32,1	21,7	8,27	6,18	1,39	-
19852	Mousse à la crème de marrons, rayon frais	produits laitiers frais et alternatives végétales	207	2,17	34,4	28,3	6,5	4,52	1,1	16
23474	Profiteroles (crème pâtissière et sauce chocolat), rayon frais	produits laitiers frais et alternatives végétales	251	5,06	31,1	19	11,4	7,78	2	120
39210	Mousse au chocolat traditionnelle, rayon frais	produits laitiers frais et alternatives végétales	319	7,38	23,8	21,4	21,1	12,5	2,74	100
39216	Clafoutis aux fruits, rayon frais	produits laitiers frais et alternatives végétales	198	5,21	29,4	22,1	6,39	4,01	1,54	76,7
39220	Liégeois aux fruits, rayon frais	produits laitiers frais et alternatives végétales	145	1,15	17,7	16,5	7,26	4,75	1,37	17
39233	Fondant au chocolat noir et crème anglaise, rayon frais	produits laitiers frais et alternatives végétales	211	4,5	19	14	13	8	-	-
39234	Gâteau au chocolat, coeur fondant, rayon frais	produits laitiers frais et alternatives végétales	373	6,56	41,2	30,4	19,5	12,2	3,07	29
39236	Pain perdu	produits laitiers frais et alternatives végétales	226	6	30,8	14,1	8,45	2,13	1,1	487
39400	Lait de poule, sans alcool	produits laitiers frais et alternatives végétales	87,8	4,55	8,05	8,05	4,19	2,59	0	54
39710	Crème pâtissière instantanée, reconstituée	produits laitiers frais et alternatives végétales	120	3,79	18	15,3	3,6	1,87	0	79,1
19692	Dessert au soja, aux fruits, sucré, enrichi en calcium, fermenté, rayon frais	produits laitiers frais et alternatives végétales	86,2	2,74	12,9	11,6	2,3	0,79	< 0,5	28
19693	Dessert au soja, nature, sans sucres ajoutés, non enrichi, fermenté, rayon frais	produits laitiers frais et alternatives végétales	44,7	3,76	2,05	0,69	1,9	0,22	0,8	34
19694	Dessert au soja, nature, sans sucres ajoutés, enrichi en calcium, fermenté, rayon frais	produits laitiers frais et alternatives végétales	42	3,59	1,1	0,27	2,1	0,34	0,6	21
19695	Dessert au soja, aux fruits, sucré, non enrichi, fermenté, rayon frais	produits laitiers frais et alternatives végétales	78	3,31	11	10,6	1,7	0,34	1,1	34
19696	Dessert au soja, aux amandes, sucré, enrichi en vitamines et minéraux, fermenté, rayon frais	produits laitiers frais et alternatives végétales	56	3,65	2,85	1,09	2,8	0,38	0,6	74
20911	Dessert au soja, aromatisé, sucré, enrichi en calcium, rayon frais	produits laitiers frais et alternatives végétales	95	3,25	15,3	13,2	1,9	0,48	1,1	51
20921	Dessert au soja, aromatisé, sucré, non enrichi, rayon frais	produits laitiers frais et alternatives végétales	93,1	2,74	16	12,5	1,7	0,47	0,8	42
20922	Dessert végétal sans soja (amande, avoine, chanvre, coco, riz), aromatisé, sucré, non enrichi, rayon frais	produits laitiers frais et alternatives végétales	148	1,66	15,8	12,4	8	4,92	2,1	26
20923	Dessert végétal sans soja (coco, riz), aux fruits, sucré, enrichi en calcium, fermenté, rayon frais	produits laitiers frais et alternatives végétales	75,1	0,21	16	10,8	1	0,83	< 0,5	38
20925	Dessert au soja, aromatisé, sucré, enrichi en calcium et vitamine D, rayon frais	produits laitiers frais et alternatives végétales	95,6	2,96	15,3	11,1	2,05	0,55	1,45	-
20926	Dessert au soja, aux fruits, sucré, enrichi en calcium et vitamine D, fermenté, rayon frais	produits laitiers frais et alternatives végétales	85,1	2,76	13,8	12,5	1,68	0,3	1,31	-
20927	Dessert végétal sans soja (amande, avoine, chanvre, coco, riz), nature, sans sucres ajoutés, non enrichi, rayon frais	produits laitiers frais et alternatives végétales	150	1,2	6,7	3,25	13	12	-	-
20928	Dessert végétal sans soja, rayon frais (aliment moyen)	produits laitiers frais et alternatives végétales	148	1,66	15,8	12,4	8	4,92	2,1	26
20929	Dessert au soja, rayon frais (aliment moyen)	produits laitiers frais et alternatives végétales	67,2	3,38	8,19	7,13	1,8	0,33	0,93	33
39248	Mousse au chocolat végétale, rayon frais	produits laitiers frais et alternatives végétales	262	6,69	24,3	23,1	14	9,04	5,1	143
12775	Mélange de fromages râpés (ex : spécial gratins, spécial pâtes, spécial pizzas…)	fromages et alternatives végétales	386	32	0,15	0,000033	28,9	20,1	0	-
12999	Fromage (aliment moyen)	fromages et alternatives végétales	324	21,1	0,71	0,42	26,3	18	0,015	576
12001	Camembert, sans précision sur le type de lait (pasteurisé ou cru)	fromages et alternatives végétales	280	19,5	traces	traces	22,5	15,8	0	579
12003	Fromage à pâte molle et croûte fleurie, non allégé en matière grasse (type camembert)	fromages et alternatives végétales	271	19,7	traces	0	21,5	14,8	0	-
12004	Fromage à pâte molle et croûte fleurie, allégé en matière grasse (type camembert)	fromages et alternatives végétales	178	22,6	1,07	traces	9,3	6,8	0	576
12006	Camembert au lait cru ou thermisé	fromages et alternatives végétales	267	20,7	traces	< 0,2	20,3	14,1	0	580
12007	Camembert au lait pasteurisé	fromages et alternatives végétales	275	19,2	1,29	traces	21,5	12,6	0	570
12008	Fromage à pâte molle et croûte fleurie, double crème environ 30% MG	fromages et alternatives végétales	346	16,6	0,64	0,38	30,9	21,2	0,041	558
12010	Coulommiers	fromages et alternatives végétales	280	18,8	traces	0	23	16,1	0,043	590
12015	Fromage à pâte molle type carré ou brique, à croûte fleurie, non allégé en matière grasse	fromages et alternatives végétales	330	17,8	traces	0	28,8	18,7	0,05	524
12020	Brie, sans précision	fromages et alternatives végétales	345	17,6	0,68	0,15	30,4	21,5	0,056	655
12021	Brie de Meaux	fromages et alternatives végétales	276	21,4	1,17	< 0,2	20,7	14,5	0,13	806
12022	Brie de Melun	fromages et alternatives végétales	288	22	traces	< 0,2	22,2	15,2	0	755
12025	Carré de l'Est	fromages et alternatives végétales	318	18,4	0,83	0,33	27	18,9	0	630
12028	Chaource	fromages et alternatives végétales	278	17,3	0,58	< 0,2	22,9	15,8	0	760
12029	Maroilles, laitier	fromages et alternatives végétales	338	22,3	traces	traces	27,8	17,5	0	766
12030	Maroilles, fermier	fromages et alternatives végétales	349	21,2	0	traces	29,5	17,3	0	821
12031	Neufchâtel	fromages et alternatives végétales	300	18,1	traces	0	25,5	18,1	0	748
12033	Fromage à pâte molle, triple crème, environ 38% MG	fromages et alternatives végétales	380	10,5	1,05	0,85	37,2	25,8	0	400
12034	Fromage à pâte molle et croûte lavée (aliment moyen)	fromages et alternatives végétales	313	20	0,42	0,37	25,9	17,8	0,087	668
12035	Fromage à pâte molle et croûte lavée, allégé en matière grasse	fromages et alternatives végétales	200	21,6	1	-	12,4	8,08	0	650
12036	Maroilles, sans précision	fromages et alternatives végétales	325	21,9	traces	< 0,2	26,4	18,1	0	834
12037	Livarot	fromages et alternatives végétales	301	24,6	traces	< 0,2	22,6	15,3	< 0,5	601
12038	Époisses	fromages et alternatives végétales	286	17,6	traces	0	24	17	< 0,5	702
12039	Munster	fromages et alternatives végétales	324	20,4	0,7	0,56	26,8	18,9	0,19	750
12040	Langres	fromages et alternatives végétales	286	16,7	1,13	< 0,2	23,8	16,9	traces	397
12041	Fromage à pâte molle et croûte lavée, non allégé en matière grasse	fromages et alternatives végétales	311	20,3	traces	traces	25,7	17,4	0	626
12042	Pont l'Évêque	fromages et alternatives végétales	326	22,7	traces	< 0,2	26,2	18,2	0	520
12045	Reblochon	fromages et alternatives végétales	322	20,3	traces	0	26,9	19	0	509
12049	Saint-Marcellin	fromages et alternatives végétales	280	15,1	traces	< 0,2	24,3	18,1	0	433
12050	Fromage à pâte molle et croûte mixte (lavée et fleurie) colorée	fromages et alternatives végétales	336	18,2	1	1	29	19,5	0	-
12051	Mont d'or ou vacherin du Haut-Doubs (produit en France) ou vacherin-Mont d'Or (produit en Suisse)	fromages et alternatives végétales	293	17,9	0,54	0,5	24,6	17	0	486
12052	Saint-Félicien	fromages et alternatives végétales	281	13,4	traces	0	25,2	18	0	511
12053	Fromage pour tartiflette (pâte molle et croûte mixte)	fromages et alternatives végétales	320	20,2	0,72	0,72	26,4	18,5	< 1	595
12064	Boulette d'Avesne	fromages et alternatives végétales	355	20,9	traces	traces	30	19,8	0	797
12762	Fromage de brebis corse à pâte molle	fromages et alternatives végétales	426	20,4	0	0	38,4	-	0	957
12803	Fromage de chèvre lactique affiné, type palet, crottin ou bûchette	fromages et alternatives végétales	308	20,7	1,24	0,26	24,7	18,3	0	516
12807	Sainte-Maure de Touraine (fromage de chèvre)	fromages et alternatives végétales	286	18,5	1,12	0,017	23,3	17,6	0	526
12810	Fromage de chèvre demi-sec	fromages et alternatives végétales	353	21,6	traces	0	29,8	20,6	0	471
12812	Fromage de chèvre bûche	fromages et alternatives végétales	285	18,8	traces	traces	23,3	16,2	0	630
12813	Fromage de chèvre bûche, allégé en matière grasse	fromages et alternatives végétales	183	22,6	1	1	10	6,8	0	801
12814	Fromage de chèvre à pâte molle non pressée non cuite et croûte naturelle	fromages et alternatives végétales	286	19,5	0,72	0,69	23	16,3	0	730
12815	Fromage de chèvre sec	fromages et alternatives végétales	440	30,5	traces	-	35,6	24,6	0	423
12820	Fromage de chèvre à pâte molle et croûte fleurie (type camembert, cabécou)	fromages et alternatives végétales	288	19	traces	0	23,8	15,9	0	337
12824	Fromage de brebis à pâte molle et croûte fleurie	fromages et alternatives végétales	297	18	traces	0	25,2	18,4	0	676
12830	Chabichou (fromage de chèvre)	fromages et alternatives végétales	305	19,4	1,5	< 0,5	24,8	17,9	0	742
12831	Pélardon (fromage de chèvre)	fromages et alternatives végétales	343	23,8	0	traces	27,8	18,6	0	572
12832	Crottin de chèvre, au lait cru	fromages et alternatives végétales	384	23,2	traces	traces	32,6	24,1	0	405
12833	Crottin de chèvre, sans précision sur le type de lait - pasteurisé ou cru -	fromages et alternatives végétales	344	22,4	1	traces	28	19,6	0	467
12834	Crottin de Chavignol (fromage de chèvre)	fromages et alternatives végétales	318	20,7	1,28	1	25,8	19	0	518
12836	Picodon (fromage de chèvre)	fromages et alternatives végétales	313	19,9	1	0,9	25,6	19	0,13	530
12839	Pouligny Saint-Pierre (fromage de chèvre)	fromages et alternatives végétales	286	17,6	1,38	traces	23,5	16,7	0	432
12842	Sainte-Maure (fromage de chèvre)	fromages et alternatives végétales	298	20	0,91	0,52	24	17,1	0,000025	560
12845	Selles-sur-Cher (fromage de chèvre)	fromages et alternatives végétales	289	18,8	1,17	0,58	23,5	17,5	0	562
12846	Chevrot (fromage de chèvre)	fromages et alternatives végétales	263	17,2	1,42	0,49	21,1	14,3	0	407
12847	Rocamadour (fromage de chèvre)	fromages et alternatives végétales	274	18,1	0,93	0,23	22,2	17	0,5	373
12848	Valençay (fromage de chèvre)	fromages et alternatives végétales	295	18,9	0,64	0,64	24,3	17,7	0	509
12500	Roquefort (fromage de brebis)	fromages et alternatives végétales	384	19,5	traces	traces	33,9	24,9	0	1290
12519	Fourme de Montbrison	fromages et alternatives végétales	365	22,5	0	traces	30,8	20,5	0	652
12520	Fromage bleu au lait de vache, non allégé en matière grasse	fromages et alternatives végétales	361	16,8	0,68	0,18	32,5	22,5	0,063	850
12521	Fromage bleu d'Auvergne	fromages et alternatives végétales	342	20,6	traces	0	29	20,2	0,0001	1100
12522	Fourme d'Ambert	fromages et alternatives végétales	339	20,6	traces	traces	28,4	16,3	0	881
12523	Fromage bleu des Causses	fromages et alternatives végétales	350	20,4	traces	0	30	21,2	0	1300
12524	Gorgonzola	fromages et alternatives végétales	318	19,5	traces	0	26,9	16,4	0	710
12526	Bleu de Gex ou fromage bleu du Haut-Jura ou bleu de Septmoncel	fromages et alternatives végétales	364	22,5	traces	traces	30,7	20,2	0	575
12528	Fromage bleu au lait de vache, allegé en matière grasse	fromages et alternatives végétales	223	21,4	1	0,5	15	11	0	800
12099	Emmental de Savoie ou emmenthal de Savoie	fromages et alternatives végétales	396	29,7	traces	< 0,1	30,8	21,4	0	132
12100	Fromage à pâte pressée cuite (aliment moyen)	fromages et alternatives végétales	396	27,8	0,28	0,0031	31,6	20,7	0,0045	372
12105	Beaufort	fromages et alternatives végétales	404	26,7	0,72	0,1	33	21,4	0,063	440
12109	Cantal jeune	fromages et alternatives végétales	363	24,7	traces	0	29,1	18,8	0	723
12110	Comté	fromages et alternatives végétales	413	27,8	traces	0	33,8	21,7	0	403
12112	Abondance	fromages et alternatives végétales	393	27,1	traces	< 0,2	31,6	20,1	0,083	690
12113	Gruyère IGP France	fromages et alternatives végétales	415	28,2	0,7	traces	33,2	21,6	0	445
12114	Gruyère, sans précision (origine France ou Suisse)	fromages et alternatives végétales	408	26,3	0,78	0,0001	33,5	22	0	320
12115	Emmental ou emmenthal	fromages et alternatives végétales	373	27,9	traces	traces	28,8	19,7	0	245
12116	Fromage à pâte pressée cuite type emmental ou emmenthal, allégé en matière grasse	fromages et alternatives végétales	258	29,2	1,18	traces	15,2	10,4	0	560
12118	Emmental ou emmenthal, râpé	fromages et alternatives végétales	368	27,6	0,58	traces	28,2	18,1	0,042	272
12119	Ossau-Iraty (fromage de brebis)	fromages et alternatives végétales	423	24,2	1	0,12	36	24,3	0	677
12120	Parmesan	fromages et alternatives végétales	411	31,1	1,14	traces	31	20,6	0	628
12121	Fontina	fromages et alternatives végétales	384	25,6	0,8	0	31,1	19,2	0	800
12122	Pecorino (fromage de brebis)	fromages et alternatives végétales	383	25,5	1	< 0,5	31	22	0	1890
12123	Grana Padano	fromages et alternatives végétales	399	33,9	1,17	traces	28,5	17	0	538
12705	Fromage à pâte pressée non cuite type maasdam, allégé en matière grasse	fromages et alternatives végétales	238	28,2	0,8	0	13,8	8,9	0	824
12716	Provolone	fromages et alternatives végétales	340	25,6	0	0	26,6	17,1	0	876
12720	Fromage à pâte pressée non cuite, enrobé de cire, non allégé en matière grasse	fromages et alternatives végétales	303	21,5	traces	traces	23,8	15,3	0	712
12721	Fromage à pâte pressée non cuite, enrobé de cire, allégé en matière grasse	fromages et alternatives végétales	208	25,5	traces	< 0,5	12	8	0	-
12722	Cantal entre-deux	fromages et alternatives végétales	383	26,6	traces	traces	30,5	19,9	0	741
12724	Cantal	fromages et alternatives végétales	378	25,3	traces	< 0,5	31	24,2	0	768
12725	Salers	fromages et alternatives végétales	388	25,9	0	< 0,2	31,4	20	0	875
12726	Cheddar	fromages et alternatives végétales	399	24,7	1,2	0,15	32,6	20,1	0	707
12729	Edam	fromages et alternatives végétales	320	25,7	traces	0	24,4	16,7	0	800
12735	Mimolette jeune (moins de 6 mois d'affinage)	fromages et alternatives végétales	331	28,9	traces	0	24,2	16,1	0	-
12736	Gouda	fromages et alternatives végétales	369	24,7	traces	0	30,2	20,1	0	810
12737	Mimolette demi-vieille (6 mois d'affinage minimum)	fromages et alternatives végétales	371	30,6	0,75	0	27,5	17,9	0	-
12738	Mimolette vieille (12 mois d'affinage minimum)	fromages et alternatives végétales	397	34	traces	< 0,2	28,8	19	0	1470
12740	Mimolette, sans précision	fromages et alternatives végétales	319	25,8	traces	0	24,2	16,6	0	880
12741	Fromage à pâte pressée non cuite type maasdam, non allégé en matière grasse	fromages et alternatives végétales	359	25,5	traces	traces	28,4	19,5	0	517
12742	Mimolette extra-vieille (18 mois d'affinage minimum)	fromages et alternatives végétales	402	33,7	1	0	29,5	19,6	0	-
12743	Morbier	fromages et alternatives végétales	355	22,8	traces	traces	29,2	19,2	0	562
12747	Fromage de brebis à pâte pressée non cuite des Pyrénées, type tomme ou tome	fromages et alternatives végétales	393	22,3	0,72	0,25	33,6	24	0	738
12748	Saint-Nectaire, laitier	fromages et alternatives végétales	333	21,7	0,9	0,000033	27,2	18,2	0	-
12749	Raclette (fromage)	fromages et alternatives végétales	342	23,4	traces	traces	27,5	18,5	0	676
12751	Saint-Nectaire, fermier	fromages et alternatives végétales	360	22,3	1,2	< 0,5	29,8	19,8	0	-
12752	Saint-Nectaire, sans précision	fromages et alternatives végétales	342	23,5	0,5	0	27,5	18	0	620
12755	Saint-Paulin (fromage à pâte pressée non cuite demi-ferme)	fromages et alternatives végétales	327	22,3	traces	traces	26,4	17,9	0	642
12758	Tomme ou tome de vache	fromages et alternatives végétales	364	21,6	3,37	traces	29,4	19,4	0	510
12760	Tomme ou tome, allégée en matière grasse	fromages et alternatives végétales	240	31	traces	0	13,2	8,44	0	737
12761	Asiago	fromages et alternatives végétales	356	32,1	0	0	25,6	15,9	0	760
12763	Tome des Bauges	fromages et alternatives végétales	381	26,6	0	traces	30,8	19	0	459
12764	Tête de moine	fromages et alternatives végétales	415	26	0,5	0	34,5	21,5	0	-
12765	Raclette (fromage) fumée	fromages et alternatives végétales	345	24,1	0,5	0,17	27,7	18,7	0	-
12766	Raclette (fromage), au poivre	fromages et alternatives végétales	350	24,5	0,5	0,0001	28	18,6	0	-
12767	Gouda au cumin	fromages et alternatives végétales	378	24,1	0,6	0,000033	31	20,9	0,9	-
12771	Tomme ou tome de Savoie	fromages et alternatives végétales	361	23,5	0,97	0,058	29,2	20,8	0	547
12773	Tomme ou tome des Pyrénées	fromages et alternatives végétales	340	22,1	0,7	0,18	27,9	19,5	0	680
12776	Raclette de Savoie (fromage)	fromages et alternatives végétales	357	24,1	traces	< 0,2	29,1	20,2	< 3	607
12816	Fromage à pâte pressée demi-cuite	fromages et alternatives végétales	359	25,6	traces	< 0,1	28,8	19,4	0	-
12850	Fromage de chèvre à pâte pressée non cuite, type tomme ou tome ou gouda de chèvre	fromages et alternatives végétales	344	22,1	0,9	0,18	28,2	18,9	0	680
12300	Fromage fondu en tranchettes	fromages et alternatives végétales	246	14,1	5,34	4,95	18,5	12,3	0	983
12302	Spécialité fromagère fondue aromatisée en cubes pour l’apéritif (cubes de fromage fondu au lait de vache)	fromages et alternatives végétales	251	12,4	5,57	4,45	19,9	12,9	0	873
12303	Fromage fondu en portion (triangle), non enrichi	fromages et alternatives végétales	238	11,2	8,52	5,75	17,6	12,3	0,13	736
12304	Fromage fondu en portion (triangle), enrichi en vitamines	fromages et alternatives végétales	259	8	8,49	6,74	21,4	13,6	0,00005	661
12305	Fromage fondu, allégé en matière grasse	fromages et alternatives végétales	134	11,5	4,6	4,6	7,36	4,6	0	79
12306	Fromage blanc fondu en portion (carré), non enrichi en vitamines	fromages et alternatives végétales	305	8,77	2,98	2,21	28,6	18,9	0,0001	535
12307	Fromage blanc fondu en portion (carré ou bâtonnet), enrichi en vitamines	fromages et alternatives végétales	305	8,38	3,39	2,47	28,7	19	< 0,5	506
12311	Crème de camembert	fromages et alternatives végétales	-	11,2	4	4	23	16	0	650
12325	Cancoillotte (spécialité fromagère fondue)	fromages et alternatives végétales	151	13,8	0,48	traces	10,5	7,06	0	692
12355	Spécialité fromagère fondante au fromage blanc et aux noix	fromages et alternatives végétales	311	11,2	2,5	1,5	28,5	13	< 0,5	665
12356	Snack pour enfants à base de fromage fondu et de gressins	fromages et alternatives végétales	298	9,83	24	4,88	17,9	10,1	1	720
12054	Spécialité fromagère non affinée en coque, enrichie en vitamines	fromages et alternatives végétales	242	5,51	3,5	3	22,9	15,7	0	-
12059	Brocciu ou brucciu corse, fromage à base de lactosérum de brebis et/ou de chèvre non affiné	fromages et alternatives végétales	-	10,2	4	2	13	9,2	0	400
12060	Fromage type feta, au lait de vache 100%	fromages et alternatives végétales	273	15,4	1,22	0,84	22,6	14,1	0	1000
12061	Fromage type feta, au lait de brebis 100%	fromages et alternatives végétales	-	16,3	0,83	0,83	21,8	15,1	0	1100
12063	Fromage type feta, au lait de vache 100%, à l'huile et aux aromates	fromages et alternatives végétales	283	17,6	0,16	< 0,2	23,4	13,2	0	1010
12065	Bouchée apéritive de fromage au lait de vache non affiné, fourrée ou enrobée	fromages et alternatives végétales	274	11,3	2,92	1,7	24	16,3	0	652
12066	Feta, au lait de brebis 70% minimum et lait de chèvre 30% maximum	fromages et alternatives végétales	284	15,1	0,45	traces	24,3	16,8	0,2	908
12067	Fromage type feta, au lait de vache 100%, à l'huile et aux aromates, égoutté	fromages et alternatives végétales	-	9,75	0,5	0,29	56,6	9,97	0,1	-
12068	Fromage frais ou spécialité fromagère non affinée, nature, à tartiner, en barquette, non allégée en matière grasse	fromages et alternatives végétales	225	6,25	3,31	3,31	20,7	13	0	358
12069	Fromage frais ou spécialité fromagère non affinée, nature, à tartiner, en barquette, allégée en matière grasse	fromages et alternatives végétales	133	10,8	5,12	4,79	7,48	4,94	0,25	367
12070	Fromage frais ou spécialité fromagère non affinée, ail et fines herbes, à tartiner, non allégée en matière grasse	fromages et alternatives végétales	320	8,03	2,7	2,34	30,8	20,2	0	497
12071	Brousse (fromage de brebis frais au lactosérum)	fromages et alternatives végétales	142	9,38	4,81	4,81	9,36	5,7	0	303
12072	Burrata	fromages et alternatives végétales	259	10,8	0,93	0,55	23,4	15,4	0	213
12073	Fromage frais ou spécialité fromagère non affinée, olives, figues et noix, etc (autre que ail et fines herbes), à tartiner, non allégée en matière grasse	fromages et alternatives végétales	-	6,79	4,12	3,32	28,8	19,7	0,47	260
12111	Fromage à effilocher ou à dérouler	fromages et alternatives végétales	307	23,8	2,68	0,93	22,4	13,7	0	664
12342	Fromage frais ou spécialité fromagère non affinée, ail et fines herbes, à tartiner, allégée en matière grasse	fromages et alternatives végétales	-	3,06	4,5	4	13	8,5	0	488
12768	Fromage type feta, au lait de brebis 100%, à l'huile et aux aromates, égoutté	fromages et alternatives végétales	-	7,04	0,1	0,1	-	-	0	-
12805	Fromage de chèvre frais, type palet, crottin ou bûchette	fromages et alternatives végétales	194	12	2,5	2,17	15,2	10,7	0,000017	377
12819	Fromage de chèvre à tartiner, nature	fromages et alternatives végétales	161	10,8	2,41	2,41	12,2	8,08	0	369
12828	Fromage de lactosérum de brebis	fromages et alternatives végétales	190	10,1	4,3	4,3	14,8	-	0	253
19584	Mascarpone	fromages et alternatives végétales	369	6	3,1	2,99	37	25,9	< 0,5	32,2
19585	Ricotta	fromages et alternatives végétales	-	8,13	4,09	3,69	10,7	7,38	0	82
19590	Mozzarella au lait de vache	fromages et alternatives végétales	227	16,5	0,7	0,7	17,7	11,7	0	240
19591	"Mozzarella au lait de bufflonne ou buflesse (""di bufala"")"	fromages et alternatives végétales	260	14,5	0,18	traces	22,3	15	0,063	197
1027	Spécialité végétale type fromage à tartiner, au soja, préemballée	fromages et alternatives végétales	174	11,7	1,05	traces	13,1	1,87	< 0,5	459
1028	Spécialité végétale type fromage, à la noix de cajou, préemballée	fromages et alternatives végétales	441	14,5	15,2	0,28	35,3	5,78	2,6	351
1029	Spécialité végétale type fromage en tranche ou râpé, sans soja, préemballée	fromages et alternatives végétales	271	0,25	21,2	0,25	20,1	17,4	2,3	751
19402	Crème ou spécialité à base de crème légère, sans précision sur la teneur en matière grasse (aliment moyen)	crèmes et spécialités à base de crème	248	2,45	2,86	2,36	25	16,1	0,93	30,9
19403	Crème ou spécialité à base de crème légère, sans précision sur la teneur en matière grasse, fluide (aliment moyen)	crèmes et spécialités à base de crème	244	2,49	3,97	3,4	24,2	14,9	< 0,2	37,5
19404	Crème ou spécialité à base de crème légère, sans précision sur la teneur en matière grasse, épaisse ou semi-épaisse (aliment moyen)	crèmes et spécialités à base de crème	165	2,67	4,53	2,92	14,7	9,87	0,96	31,4
19410	Crème 30% MG, épaisse, rayon frais	crèmes et spécialités à base de crème	285	2,32	1,38	1,38	29,9	19,5	< 3	26
19411	Crème d'Isigny, >= 35% MG	crèmes et spécialités à base de crème	382	2,55	3	2,56	40	28,9	0	30,5
19415	Crème 30% MG, semi-épaisse, UHT	crèmes et spécialités à base de crème	294	2,49	1,94	1,94	30,7	21,4	< 3	29
19417	Crème 30% MG, fluide, UHT	crèmes et spécialités à base de crème	293	2,2	3,69	2,93	30	18,6	0	27
19420	Crème chantilly, sous pression, UHT	crèmes et spécialités à base de crème	305	2,11	10,6	10,4	28,2	18,9	< 3	26
19430	Crème 12 à 25% MG, légère, semi-épaisse, UHT	crèmes et spécialités à base de crème	189	2,78	4,34	3,41	17,6	11,8	1,5	35
19431	Crème 12 à 25% MG, légère, épaisse, rayon frais	crèmes et spécialités à base de crème	162	2,65	4,55	2,87	14,4	9,66	0,9	31
19432	Spécialité à base de crème légère 4-5% MG, fluide ou épaisse	crèmes et spécialités à base de crème	75	3,06	4,5	4,5	5	3	0	40
19433	Spécialité à base de crème légère 4% MG environ, fluide ou épaisse	crèmes et spécialités à base de crème	73,2	3,25	5,28	4,44	4,3	2,88	< 3	43
19434	Spécialité culinaire à base de crème et d'aromates 19% MG, à cuisiner	crèmes et spécialités à base de crème	195	3,06	3	3	19	13	0	510
19435	Spécialité culinaire à base de crème légère et d'aromates 12% MG, à cuisiner	crèmes et spécialités à base de crème	128	3,06	2	2	12	8,5	0	510
19436	Crème 12 à 20% MG, légère, fluide, rayon frais	crèmes et spécialités à base de crème	173	2,96	4,3	4,2	16	9,4	0	60
18009	Eau minérale, embouteillée, faiblement minéralisée (aliment moyen)	eaux	0,0036	0	0,00091	0	0	0	0	0,91
18044	Eau minérale (aliment moyen)	eaux	0,024	0	0,0061	0	0	0	0	5,28
18045	Eau minérale, embouteilée, plate (aliment moyen)	eaux	0,025	0	0,0062	0	0	0	0	0,97
18046	Eau minérale, embouteilée, gazeuse (aliment moyen)	eaux	0,018	0	0,0046	0	0	0	0	14,2
18066	Eau du robinet	eaux	0	0	0	0	0	0	0	2,4
18430	Eau de source gazeuse ou plate	eaux	0	0	0	0	0	0	0	2,17
76000	Eau minérale Abatilles, embouteillée, plate, faiblement minéralisée (Arcachon, 33)	eaux	0	0	0	0	0	0	0	10
76001	Eau minérale Aix-les-Bains, embouteillée, plate, faiblement minéralisée (Aix-les-Bains, 73)	eaux	0	0	0	0	0	0	0	0,44
76002	Eau minérale Aizac, embouteillée, gazeuse, faiblement minéralisée (Aizac, 07)	eaux	0	0	0	0	0	0	0	0,13
76004	Eau minérale Amanda, embouteillée, plate, riche en sels minéraux (St-Amand, 59)	eaux	0	0	0	0	0	0	0	5,5
76006	Eau minérale Arcens, embouteillée, gazeuse, moyennement minéralisée (Arcens, 07)	eaux	0	0	0	0	0	0	0	25,2
76007	Eau minérale Ardesy, embouteillée, gazeuse, riche en sels minéraux (Ardes, 63)	eaux	0	0	0	0	0	0	0	65
76010	Eau minérale Celtic, embouteillée, gazeuse ou plate, très faiblement minéralisée (Niederbronn, 67)	eaux	0,004	0	0,001	0	0	0	0	0,11
76011	Eau minérale Chambon, embouteillée, plate, faiblement minéralisée (Chambon, 45)	eaux	0,012	0	0,0029	0	0	0	0	1,06
76012	Eau minérale Chantemerle, embouteillée, plate, faiblement minéralisée (Le Pestrin, 07)	eaux	0	0	0	0	0	0	0	1,34
76013	Eau minérale Chateauneuf, embouteillée, gazeuse, riche en sels minéraux (Chateauneuf, 63)	eaux	0	0	0	0	0	0	0	70,3
76014	Eau minérale Chateldon, embouteillée, gazeuse, riche en sels minéraux (Chateldon, 63)	eaux	0	0	0	0	0	0	0	24
76015	Eau minérale Clos de l'Abbaye, embouteillée, plate, moyennement minéralisée (St-Amand, 59)	eaux	0,064	0	0,016	0	0	0	0	2,94
76016	Eau minérale Contrex, embouteillée, plate, riche en sels minéraux (Contrexéville, 88)	eaux	0,031	0	0,0078	0	0	0	0	0,94
76017	Eau minérale Dax, embouteillée, plate, moyennement minéralisée (Dax, 40)	eaux	0,28	0	0,069	0	0	0	0	-
76018	Eau minérale Didier, embouteillée, gazeuse, riche en sels minéraux (Martinique)	eaux	0	0	0	0	0	0	0	12,6
76019	Eau minérale Didier, embouteillée, plate, riche en sels minéraux (Martinique)	eaux	0	0	0	0	0	0	0	13
76020	Eau minérale Evian, embouteillée, plate, faiblement minéralisée (Evian, 74)	eaux	0	0	0	0	0	0	0	0,65
76022	Eau minérale Hépar, embouteillée, plate, riche en sels minéraux (Vittel, 88)	eaux	0	0	0	0	0	0	0	1,42
76023	Eau minérale Hydroxydase, embouteillée, gazeuse, riche en sels minéraux (Le Breuil sur Couze, 63)	eaux	1,04	0	0	0	0	0	0	184
76024	Eau minérale Vernière, embouteillée, gazeuse, moyennement minéralisée (Les Aires, 34)	eaux	0	0	0	0	0	0	0	11
76025	Eau minérale Luchon, embouteillée, plate, faiblement minéralisée (Luchon, 31)	eaux	0	0	0	0	0	0	0	0,08
76027	Eau minérale Mont-Roucous, embouteillée, plate, très faiblement minéralisée (Lacaune, 81)	eaux	0	0	0	0	0	0	0	0,31
76029	Eau minérale Orée du bois, embouteillée, plate, moyennement minéralisée (St-Amand, 59)	eaux	0	0	0	0	0	0	0	4,92
76030	Eau minérale Orezza, embouteillée, gazeuse, moyennement minéralisée (Rapaggio, 20B)	eaux	0	0	0	0	0	0	0	0,7
76031	Eau minérale Parot, embouteillée, gazeuse, moyennement minéralisée (St-Romain-le-Puy, 42)	eaux	0	0	0	0	0	0	0	101
76032	Eau minérale Plancoet, embouteillée, gazeuse ou plate, faiblement minéralisée (Plancoet, 22)	eaux	0	0	0	0	0	0	0	3,1
76033	Eau minérale Propiac, embouteillée, plate, riche en sels minéraux (Propiac, 26)	eaux	0,92	0	0	0	0	0	0	-
76034	Eau minérale Puits St-Georges, embouteillée, gazeuse, moyennement minéralisée (St-Romain-le-Puy, 42)	eaux	0	0	0	0	0	0	0	43
76035	Eau minérale Quézac, embouteillée, gazeuse, moyennement minéralisée (Quézac, 48)	eaux	0	0	0	0	0	0	0	11
76036	Eau minérale Reine des basaltes, embouteillée, gazeuse, moyennement minéralisée (Asperjoc, 07)	eaux	0	0	0	0	0	0	0	24,6
76037	Eau minérale Rozana, embouteillée, gazeuse, riche en sels minéraux (Beauregard, 63)	eaux	0	0	0	0	0	0	0	49,3
76038	Eau minérale Sail-les-Bains, embouteillée, plate, faiblement minéralisée (Sail-les-Bains, 42)	eaux	0	0	0	0	0	0	0	8,5
76039	Eau minérale Salvetat, embouteillée, gazeuse, moyennement minéralisée (La Salvetat, 34)	eaux	0,12	0	0,03	0	0	0	0	0,7
76043	Eau minérale St-Amand, embouteillée, gazeuse ou plate, moyennement minéralisée (St-Amand, 59)	eaux	0	0	0	0	0	0	0	2,8
76044	Eau minérale St-Antonin, embouteillée, plate, riche en sels minéraux (St-Antonin-Noble-Val, 82)	eaux	0,088	0	0,022	0	0	0	0	0,79
76046	Eau minérale St-Diéry, embouteillée, gazeuse, riche en sels minéraux (St-Diéry, 63)	eaux	0,02	0	0,005	0	0	0	0	7,7
76047	Eau minérale Ste-Marguerite, embouteillée, gazeuse, moyennement minéralisée (St-Maurice, 63)	eaux	0	0	0	0	0	0	0	30,2
76049	Eau minérale St-Yorre, embouteillée, gazeuse, riche en sels minéraux (Saint-Yorre, 03)	eaux	0,038	0	0,0094	0	0	0	0	171
76050	Eau minérale Thonon, embouteillée, plate, faiblement minéralisée (Thonon, 74)	eaux	0,029	0	0,0072	0	0	0	0	0,57
76052	Eau minérale Vals-Vivaraise, embouteillée, gazeuse, moyennement minéralisée (Vals, 07)	eaux	0	0	0	0	0	0	0	-
76053	Eau minérale Ventadour, embouteillée, gazeuse, faiblement minéralisée (Le Pestrin, 07)	eaux	0,12	0	0,03	0	0	0	0	1,34
76054	Eau minérale Vernet, embouteillée, gazeuse, faiblement minéralisée (Prades, 07)	eaux	0	0	0	0	0	0	0	12,9
76055	Eau minérale Vichy Célestins, embouteillée, gazeuse, riche en sels minéraux (Saint-Yorre, 03)	eaux	0,05	0	0,013	0	0	0	0	117
76056	Eau minérale Vittel, embouteillée, plate, moyennement minéralisée (Vittel, 88)	eaux	0,082	0	0,02	0	0	0	0	0,52
76057	Eau minérale Volvic, embouteillée, plate, faiblement minéralisée (Volvic, 63)	eaux	0,0093	0	0,0023	0	0	0	0	1,2
76058	Eau minérale Volvic active, embouteillée, gazeuse, faiblement minéralisée (Volvic, 63)	eaux	0	0	0	0	0	0	0	1,17
76059	Eau minérale Wattwiller, embouteillée, gazeuse ou plate, faiblement minéraliséee (Wattwiller, 68)	eaux	0	0	0	0	0	0	0	0,3
76060	Eau minérale Perrier, embouteillée, gazeuse, faiblement minéralisée (Vergèse, 30)	eaux	traces	0	traces	0	0	0	0	0,95
76061	Eau minérale Badoit, embouteillée, gazeuse, moyennement minéralisée (St-Galmier, 42)	eaux	0	0	0	0	0	0	0	18
76062	Eau minérale Avra, embouteillée, plate, faiblement minéralisée (Grèce)	eaux	0	0	0	0	0	0	0	8,4
76063	Eau minérale Beckerich, embouteillée, plate, faiblement minéralisée (Luxembourg)	eaux	0	0	0	0	0	0	0	0,3
76065	Eau minérale Chaudfontaine, embouteillée, plate, faiblement minéralisée (Belgique)	eaux	0	0	0	0	0	0	0	4,4
76066	Eau minérale Christinen Brunnen, embouteillée, plate, moyennement minéralisée (Allemagne)	eaux	0	0	0	0	0	0	0	37
76067	Eau minérale Courmayeur, embouteillée, plate, riche en sels minéraux (Italie)	eaux	0	0	0	0	0	0	0	0,1
76069	Eau minérale Levissima, embouteillée, plate, faiblement minéralisée (Italie)	eaux	0	0	0	0	0	0	0	0,2
76070	Eau minérale Luso, embouteillée, plate, très faiblement minéralisée (Portugal)	eaux	0	0	0	0	0	0	0	0,6
76071	Eau minérale Néro, embouteillée, plate, faiblement minéralisée (Grèce)	eaux	0	0	0	0	0	0	0	4,1
76072	Eau minérale Penacova, embouteillée, plate, très faiblement minéralisée (Portugal)	eaux	0	0	0	0	0	0	0	0,6
76074	Eau minérale San Bernardo, embouteillée, gazeuse ou plate, très faiblement minéralisée (Italie)	eaux	0	0	0	0	0	0	0	0,05
76075	Eau minérale San Pellegrino, embouteillée, gazeuse, moyennement minéralisée (Italie)	eaux	0	0	0	0	0	0	0	4,4
76076	Eau minérale Spa-Reine, embouteillée, gazeuse ou plate, moyennement minéralisée (Belgique)	eaux	0	0	0	0	0	0	0	0,3
76078	Eau minérale Valvert, embouteillée, plate, faiblement minéralisée (Belgique)	eaux	0	0	0	0	0	0	0	0,2
76079	Eau minérale Appollinaris, embouteillée, plate, riche en sels minéraux (Allemagne)	eaux	traces	0	traces	0	0	0	0	38
76081	Eau minérale Biovive, embouteillée, plate, faiblement minéralisée (Dax, 40)	eaux	0,044	0	0,011	0	0	0	0	1,86
76082	Eau minérale La Cairolle, embouteillée, plate, riche en sels minéraux (Les Aires, 34)	eaux	0,43	0	0,11	0	0	0	0	2,7
76083	Eau minérale Cilaos, embouteillée, gazeuse, riche en sels minéraux (Cilaos, 974)	eaux	0	0	0	0	0	0	0	23,8
76085	Eau minérale La Française, embouteillée, plate, riche en sels minéraux (Propiac, 26)	eaux	0,49	0	0	0	0	0	0	68
76086	Eau minérale Montcalm, embouteillée, plate, très faiblement minéralisée (Auzat, 09)	eaux	0,01	0	0,0025	0	0	0	0	0,22
76087	Eau minérale Montclar, embouteillée, plate, faiblement minéralisée (Montclar, 04)	eaux	0,036	0	0,009	0	0	0	0	0,2
76088	Eau minérale Nessel, embouteillée, gazeuse, moyennement minéralisée (Soultzmatt, 68)	eaux	0,33	0	0,082	0	0	0	0	23,1
76089	Eau minérale Ogeu, embouteillée, gazeuse, faiblement minéralisée (Ogeu-les-Bains, 64)	eaux	0,05	0	0,012	0	0	0	0	3,1
76090	Eau minérale Ogeu, embouteillée, plate, faiblement minéralisée (Ogeu-les-Bains, 64)	eaux	0,073	0	0,018	0	0	0	0	2,7
76091	Eau minérale Prince Noir, embouteillée, plate, riche en sels minéraux (St-Antonin-Noble-Val, 82)	eaux	0	0	0	0	0	0	0	0,9
76092	Eau minérale St-Alban, embouteillée, gazeuse, moyennement minéralisée (St-Alban, 42)	eaux	0	0	0	0	0	0	0	25
76093	Eau minérale St-Géron, embouteillée, gazeuse, moyennement minéralisée (St-Géron, 43)	eaux	0,28	0	0,071	0	0	0	0	25,6
76094	Eau minérale St-Michel-de-Mourcairol, embouteillée, gazeuse, moyennement minéralisée (Les Aires, 34)	eaux	0,33	0	0,082	0	0	0	0	17,5
76095	Eau minérale Treignac, embouteillée, plate, très faiblement minéralisée (Treignac, 19)	eaux	0,0051	0	0,0013	0	0	0	0	0,28
76096	Eau minérale Vals, embouteillée, gazeuse, moyennement minéralisée (Vals-les-Bains, 07)	eaux	0,08	0	0,02	0	0	0	0	38,1
76097	Eau minérale Vauban, embouteillée, plate, moyennement minéralisée (St-Amand-les-Eaux, 59)	eaux	0,35	0	0,088	0	0	0	0	4
76101	Eau minérale Mont-Blanc, embouteillée, plate, faiblement minéralisée (Italie)	eaux	0	0	0	0	0	0	0	0,16
76102	Eau minérale Eden (La Goa), embouteillée, plate, faiblement minéralisée (Suisse)	eaux	0	0	0	0	0	0	0	0,4
76103	Eau minérale Velleminfroy, embouteillée, gazeuse ou plate, riche en sels minéraux (Chatenois, 70)	eaux	0	0	0	0	0	0	0	1,03
2000	Jus d'ananas, à base de concentré	boissons sans alcool	52,3	0,41	11,9	11,9	0,096	0,044	0,18	4,62
2002	Jus multifruit, pur jus, multivitaminé	boissons sans alcool	48,4	0,48	11,3	11	0,1	0	0,25	1,5
2004	Jus de fruits (aliment moyen)	boissons sans alcool	46,8	0,53	10,2	9,98	0,13	0,04	0,28	5,01
2006	Jus de carotte, pur jus	boissons sans alcool	29,4	0,4	6,55	5,95	0,1	0,037	0,33	42,5
2007	Jus de citron, fait maison	boissons sans alcool	28,6	0,35	2,52	2,52	0,24	0,04	0,3	2,62
2011	Jus multifruit, base orange, multivitaminé	boissons sans alcool	45,5	0,25	11,3	11,1	< 0,8	-	< 0,5	3,2
2012	Jus d'orange, à base de concentré	boissons sans alcool	45,6	0,63	9,59	9,59	0,13	0,034	0,25	3,44
2013	Jus d'orange, frais	boissons sans alcool	44,8	0,7	9,19	8,4	0,2	0,024	0,2	< 1,11
2014	Jus de pomme, à base de concentré	boissons sans alcool	48,5	0,24	11,3	10,8	0,098	0,033	0,3	3,98
2015	Jus de pamplemousse (pomélo), à base de concentré	boissons sans alcool	40,9	0,52	8,41	8,41	0,1	0,074	0,21	3,97
2016	Jus de raisin, pur jus	boissons sans alcool	69,2	0,25	16,3	16	0,057	0,031	0,14	3,81
2017	Jus de grenade, pur jus	boissons sans alcool	54	0,15	12,7	12,7	0,29	0,077	0,1	9
2018	Jus de pruneau	boissons sans alcool	77,4	0,37	18,7	13,5	0,039	0,003	0,45	10
2019	Jus de raisin, à base de concentré	boissons sans alcool	67,1	0,31	16	16	0,11	0,055	0,15	2,83
2023	Jus de mangue, frais	boissons sans alcool	38,8	0,19	9,5	9,3	0	traces	traces	-
2024	Jus de fruit de la passion ou maracudja, frais	boissons sans alcool	61,7	0,67	14,3	14,3	0,18	0,015	0,2	6
2025	Jus de pamplemousse (pomélo), frais	boissons sans alcool	43,7	0,5	9,1	9,1	0,1	0,014	0,1	1
2026	Jus de tomate, pur jus, salé à 3 g/L	boissons sans alcool	23,2	0,88	4,13	4,13	0,17	traces	0,23	119
2027	Jus de pamplemousse (pomelo), pur jus	boissons sans alcool	42,5	0,49	8,89	8,89	0,083	0,044	0,15	3,05
2028	Jus de citron, pur jus	boissons sans alcool	29,4	0,4	6,1	2,4	0,29	0,038	0,4	21
2030	Jus de citron vert, frais	boissons sans alcool	9,87	0,42	1,69	1,69	0,07	0,008	0,4	2
2031	Jus de citron vert, pur jus	boissons sans alcool	25,7	0,25	1,69	1,69	0,23	0,026	0,45	10,5
2032	Jus de tomate, pur jus, salé à 6 g/L	boissons sans alcool	20,1	0,88	3,32	3,3	0,11	0,07	0,56	231
2033	Jus multifruit, à base de jus et purée de fruits	boissons sans alcool	49,1	0,46	11,5	11,3	0,11	0,026	0,21	3,99
2034	Jus de clémentine ou mandarine, pur jus	boissons sans alcool	46,7	0,66	10,4	10	0,14	0,043	0,15	3,79
2035	Jus multifruit, pur jus, standard	boissons sans alcool	46,5	0,25	11,2	10,1	< 0,3	< 0,01	< 0,5	0,92
2036	Jus multifruit, base raisin, standard	boissons sans alcool	54,6	0,5	13	13	0	0	0,3	1
2038	Jus multifruit, base orange, standard	boissons sans alcool	46,8	0,7	10,4	10,1	0,16	0,05	0,44	1,55
2039	Jus de grenade, frais	boissons sans alcool	47,2	0,2	11,6	11,6	0	0	traces	1
2040	Jus de cerise des Antilles ou d'acérola, frais	boissons sans alcool	22,9	0,4	4,5	4,5	0,3	0,068	0,3	3
2048	Jus multifruit, base pomme, standard	boissons sans alcool	49,9	0,33	12,2	10,1	< 0,1	-	< 0,5	0
2050	Jus multifruit, base pomme, multivitaminé	boissons sans alcool	41,9	0,33	10,1	10,1	< 0,1	-	< 0,5	-
2052	Jus de fruit(s) et de légume(s), pur jus	boissons sans alcool	42,8	0,85	9,5	8,6	traces	traces	0,7	0,1
2053	Jus de tomate, pur jus (aliment moyen)	boissons sans alcool	21,7	0,88	3,73	3,72	0,14	0,035	0,4	175
2069	Jus multifruit, à base de concentré, standard	boissons sans alcool	49,6	0,52	11,2	10,8	0,15	0,021	0,62	8,57
2070	Jus d'orange, pur jus	boissons sans alcool	45,4	0,61	9,61	9,61	0,11	0,053	0,28	4,81
2071	Jus multifruit, à base de concentré, multivitaminé	boissons sans alcool	45,5	0,29	10,8	10,3	0,091	0,051	0,27	7,5
2072	Jus de fruits, pur jus (aliment moyen)	boissons sans alcool	46,6	0,51	10,2	10	0,11	0,046	0,26	5,45
2073	Jus d'ananas, pur jus	boissons sans alcool	52,9	0,41	12,1	12,1	0,074	0,031	0,22	5,2
2074	Jus de pomme, pur jus	boissons sans alcool	48,9	0,17	11,4	10,9	0,14	0,046	0,23	13,3
2075	Jus de légumes, pur jus (aliment moyen)	boissons sans alcool	24,3	0,72	4,69	4,48	0,13	0,036	0,37	130
2077	Jus de fruits, à base de concentré (aliment moyen)	boissons sans alcool	47,6	0,55	10,4	10,2	0,13	0,031	0,36	5,03
2377	Jus d'orange sanguine, pur jus	boissons sans alcool	45,6	0,63	10,2	9,75	0,1	0,043	0,68	4
2381	Jus de canneberge ou cranberry	boissons sans alcool	49,8	-	12,1	12,1	0,13	0,01	0,1	2
2500	Smoothie, sans précision sur la teneur en fruits et les ingrédients autres que fruits	boissons sans alcool	60,2	0,62	12,9	11,7	0,26	0,17	1,08	3,84
2009	Nectar multifruit, base pomme, standard	boissons sans alcool	41,1	0,28	10	10	< 0,1	-	traces	-
2010	Nectar multifruit, base pomme, multivitaminé	boissons sans alcool	36,4	0,05	9,1	9,1	< 0,1	-	traces	-
2022	Nectar de fraise	boissons sans alcool	47,5	0,3	11,3	11	0,1	0	0,1	2
2043	Nectar d'abricot	boissons sans alcool	58,6	0,21	13,7	11	0,03	0,005	0,08	1,68
2045	Nectar de papaye	boissons sans alcool	58,9	0,17	13,9	13,9	0,15	0,047	0,6	5
2054	Nectar de poire	boissons sans alcool	62,5	0,19	14,8	11,4	0,043	0,001	0,45	1,3
2060	Nectar multifruit, multivitaminé	boissons sans alcool	47,2	0,24	11,3	10,9	0,1	0,0067	0,15	6,36
2061	Nectar multifruit, standard	boissons sans alcool	49,7	0,3	11,5	11	0,089	0,013	0,3	3,43
2062	Nectar multifruit, base orange, multivitaminé	boissons sans alcool	42,6	0,4	10,3	10,3	< 0,1	-	< 0,5	-
2063	Nectar multifruit, base orange, standard	boissons sans alcool	50,2	0,25	11,9	11,4	0,1	0,05	0,33	6,25
2064	Nectar, avec édulcorants, allégé en sucres	boissons sans alcool	23,2	0,17	5,49	5,23	0,037	0,0067	0,11	4,13
2076	Nectar de pomme	boissons sans alcool	44,9	0,14	10,9	10,6	0,075	0,05	0,1	4
2365	Nectar de fruit de la passion ou maracuja	boissons sans alcool	68	0,3	15,2	13	0,1	0	traces	3
2366	Nectar de banane	boissons sans alcool	53,8	0,23	12,8	12,6	0,048	0,03	0,51	1,82
2367	Nectar de goyave	boissons sans alcool	48	0,14	10,9	10,2	0,23	0,01	0,15	1,05
2370	Nectar de mangue	boissons sans alcool	52,1	0,21	11,3	11,3	0,08	0,043	0,16	2,02
2371	Nectar de pêche	boissons sans alcool	50,3	0,22	12,1	11,9	0,05	0,002	0,33	4,37
2374	Nectar d'ananas	boissons sans alcool	52,4	0,1	13	11,2	0	0	0	0
2375	Nectar d'orange	boissons sans alcool	41,6	0,32	9,19	9,19	0,086	0,0067	0,2	6,92
18001	Boisson gazeuse aromatisée, sans fruit, sans sucres ajoutés, avec édulcorants	boissons sans alcool	0,23	0,000022	0,063	0,054	0,000022	0,000021	< 0,1	12,5
18007	Cocktail ou boisson apéritive sans alcool à base de jus de fruits sans sirop	boissons sans alcool	42,8	0,033	10,7	9,85	0,035	0,000015	0,15	2
18010	Limonade, sucrée	boissons sans alcool	33	0,000022	8,24	8,22	0,000021	0,000019	0,14	5,72
18012	Boisson à l'eau minérale ou de source, aromatisée, sucrée	boissons sans alcool	16,2	0,00046	4,05	3,96	traces	traces	0,11	4,74
18013	Tonic ou bitter, sans sucres ajoutés, avec édulcorants	boissons sans alcool	0,2	0,00002	0,058	0,058	0,00002	0,00002	< 0,5	50
18014	Tonic ou bitter, sucré, avec édulcorants	boissons sans alcool	22,2	0,000071	5,54	5,53	0,000063	0,00005	0	0
18015	Boisson au thé, aromatisée, sucrée, avec édulcorants	boissons sans alcool	17,1	0,027	4,25	4,16	0,022	0,0043	0,083	traces
18016	Limonade, sucrée, avec édulcorants	boissons sans alcool	8	0,00005	2	2	0,0001	0,00005	0	-
18018	Cola, sucré	boissons sans alcool	40,1	0,000026	10	10	0,000023	0,000019	0,000057	6,71
18019	Boisson gazeuse aux fruits (teneur en fruits >= 10% et < 50%), sucrée	boissons sans alcool	46,4	0,028	11,3	9,47	0,0097	0,0097	0,043	13,5
18021	Boisson plate aux fruits (teneur en fruits < 10%), sans sucres ajoutés, avec édulcorants	boissons sans alcool	4,07	0,06	0,96	0,96	0	0	traces	19,9
18023	Boisson plate aux fruits (teneur en fruits < 10%), sucrée	boissons sans alcool	25,6	0,13	6,39	6,1	0,11	0,0091	0,004	6,86
18024	Boisson plate aux fruits (teneur en fruits >= 10% et < 50%), sucrée, avec édulcorants	boissons sans alcool	23,3	0,06	5,83	5,4	0,06	0,013	< 0,5	13,3
18025	Kombucha, préemballé	boissons sans alcool	6,61	0,25	1,45	1,45	< 0,3	< 0,01	< 0,5	2,1
18026	Boisson gazeuse aromatisée, sans fruit, sucrée	boissons sans alcool	34,5	0,0016	8,28	8,28	0,043	0,013	0,017	36,4
18028	Boisson à l'eau minérale ou de source, aromatisée, sans sucres ajoutés, sans édulcorants	boissons sans alcool	0,096	0,000026	0,026	0,0091	0,000026	0,000016	0,000029	7,17
18029	Boisson rafraîchissante sans alcool (aliment moyen)	boissons sans alcool	27,9	0,06	6,86	6,64	0,023	0,0082	0,06	12,9
18030	Boisson à l'eau minérale ou de source, aromatisée, sans sucres ajoutés, avec édulcorants	boissons sans alcool	0,0017	0,0001	0,0001	0,0001	0,0001	0,0001	< 0,5	4,67
18033	Boisson gazeuse aux fruits (teneur en fruits < 10%), sucrée, avec édulcorants	boissons sans alcool	27,2	0,0016	6,79	6,71	0,00049	0,00049	0,0051	3
18034	Boisson gazeuse aux fruits (teneur en fruits >= 10% et < 50%), sucrée, avec édulcorants	boissons sans alcool	28,1	0,022	6,92	6,74	0,000013	0,000013	0,15	23,4
18035	Limonade, sans sucres ajoutés, avec édulcorants	boissons sans alcool	0,48	0,000033	0,12	0,12	0,000033	0,00003	0,15	8,56
18037	Cola, sucré, avec édulcorants	boissons sans alcool	24,3	0,000025	6,07	6,03	0,000025	0,000017	0,21	4,2
18039	Diabolo (limonade et sirop), sucré	boissons sans alcool	33,9	0,06	8,43	8,43	0,00004	0,00004	0,1	8,5
18048	Boisson gazeuse aux fruits (teneur en jus non spécifiée), sucrée (aliment moyen)	boissons sans alcool	44,6	0,025	10,9	9,28	0,01	0,0084	0,037	12,9
18049	Boisson gazeuse aux fruits (teneur en fruits < 10%), sucrée	boissons sans alcool	33,6	0,011	8,36	8,25	0,015	0,00049	0,00005	9,73
18050	Boisson gazeuse aux fruits (teneur en fruits < 10%), à teneur réduite en sucres	boissons sans alcool	28,7	0,0067	7,15	7,06	0,1	0,01	0,02	-
18051	Boisson gazeuse aux fruits (teneur en fruits >= 10% et < 50%), sans sucres ajoutés, avec édulcorants	boissons sans alcool	3,69	0,027	0,91	0,84	0,02	0,000047	< 0,43	6,28
18057	"Boisson préparée à partir de boisson concentrée à diluer type menthe, fraise, etc, sans sucres ajoutés, avec édulcorants, type ""sirop 0%"", diluée dans l'eau"	boissons sans alcool	6	0,25	1,5	1	0	-	0	10
18058	Boisson préparée à partir de sirop à diluer type menthe, fraise, etc, sucré, dilué dans l'eau	boissons sans alcool	31,2	0,055	7,7	7,7	0	0	0	4,94
18060	Cola, sans sucres ajoutés, avec édulcorants	boissons sans alcool	1,04	0,000019	0,25	0,04	0,00002	0,000015	0,000038	9,88
18062	Boisson au thé, aromatisée, sans précision sur la teneur en sucres et édulcorants (aliment moyen)	boissons sans alcool	21,1	0,017	5,26	5,13	0,0023	0,00029	0,12	23,7
18063	Cola, sans précision sur la teneur en sucres et édulcorants (aliment moyen)	boissons sans alcool	27,5	0,0056	6,88	6,81	0,0056	0,0011	0,019	7,57
18064	Boisson au thé, aromatisée, à teneur réduite en sucres	boissons sans alcool	14,9	0,00001	3,75	3,6	0,000011	0,00001	0,063	-
18065	Boisson au thé, aromatisée, sans sucres ajoutés, avec édulcorants	boissons sans alcool	0,53	0,000025	0,22	0,055	0,000015	0,000015	0,083	40,3
18067	Cola, sucré, sans caféine	boissons sans alcool	40,9	0,05	10,2	10,2	0,05	0,01	< 0,5	10
18068	Cola, sans sucres ajoutés, avec édulcorants, sans caféine	boissons sans alcool	0,058	0,083	0,13	0,13	0,083	0,017	< 0,5	7
18075	Boisson au thé, aromatisée, sucrée	boissons sans alcool	23,2	0,02	5,78	5,65	0,0027	0,00034	0,13	22,8
18078	Boisson gazeuse aromatisée, sans fruit, sucrée, avec édulcorants	boissons sans alcool	22,4	0,0072	5,58	5,57	0,000015	0,000014	0,13	0
18294	Boisson plate aux fruits (teneur en fruits < 10%), sucrée, rayon frais, enrichie en vitamine(s)	boissons sans alcool	33,7	0	8,42	8,34	0	0	traces	-
18295	Boisson plate aux fruits (teneur en fruits >= 10% et < 50%), sucrée, enrichie en vitamine(s)	boissons sans alcool	38	0,00002	9,49	9,25	0,00002	0,000019	0,18	-
18296	Boisson aux fruits avec de la purée de fruits type smoothie (teneur en fruits >=50%), enrichie en vitamine(s)	boissons sans alcool	51,3	0,52	11,5	9,95	0,45	0,41	0,54	-
18297	Boisson plate aux fruits (teneur en fruits >= 50%), rayon ambiant, enrichie en vitamine(s)	boissons sans alcool	45,1	0,22	10,9	10,3	0,000067	0,000067	0,71	-
18298	Boisson plate aux fruits (teneur en fruits >= 50%), rayon ambiant	boissons sans alcool	41,7	0,19	10	9,38	0,11	0,035	0,43	-
18299	Citronnade, boisson plate au citron (teneur en fruits >= 10% et < 50%), sucrée	boissons sans alcool	23,2	0,00003	5,77	5,6	0,005	0,000022	0,19	-
18300	Boisson aux fruits avec de la purée de fruits type smoothie (teneur en fruits >= 50%), sans sucres ajoutés, rayon frais	boissons sans alcool	67,5	0,8	12,1	11,8	1,45	1,13	1,4	-
18304	Boisson plate aux fruits (teneur en fruits >= 10% et < 50%), à teneur réduite en sucres	boissons sans alcool	18,8	0,22	4,71	4,66	0,22	0	0	7,45
18305	Boisson plate aux fruits (teneur en fruits >= 10% et < 50%), sans sucres ajoutés	boissons sans alcool	13	0,052	3,18	3,06	0,0067	0,000016	0,000025	13,3
18306	Boisson à l'aloe vera, sucrée	boissons sans alcool	32,9	0,094	8,11	6,4	0	0	0,069	-
18309	Boisson plate aux fruits (teneur en fruits non spécifiée), sucrée	boissons sans alcool	45,8	0,1	11,2	10,6	0,07	0	0	0,7
18315	Boisson plate au(x) fruits et au(x) légume(s)	boissons sans alcool	42,9	0,31	10	9,11	0,12	0,014	0,67	240
18316	Kéfir d'eau et de fruits, préemballé	boissons sans alcool	3,6	0,1	0,9	0,4	< 0,5	< 0,5	traces	-
18324	Boisson énergisante, sans précision sur la teneur en sucres et édulcorants (aliment moyen)	boissons sans alcool	35,2	0,097	8,77	8,69	0,0016	0,00001	0,11	50
18325	Boisson plate aux fruits (teneur en fruits non spécifiée), sans précision sur la teneur en sucres et édulcorants ni sur l'enrichissement (aliment moyen)	boissons sans alcool	39,3	0,18	9,38	8,49	0,13	0,031	0,22	35,6
18326	Boisson à l'eau minérale ou de source, aromatisée, sans précision sur la teneur en sucres et édulcorants (aliment moyen)	boissons sans alcool	1,88	0,000097	0,47	0,45	0,000046	0,00004	0,087	6,14
18327	Limonade, sans précision sur la teneur en sucres et édulcorants (aliment moyen)	boissons sans alcool	28,4	0,000025	7,09	7,07	0,000026	0,000021	0,13	6,03
18328	Boisson préparée à partir de sirop ou de boisson concentrée à diluer type menthe, fraise, etc, diluée dans l'eau, sans précision sur la teneur en sucres et édulcorants (aliment moyen)	boissons sans alcool	29,2	0,071	7,21	7,17	0	0	0	5,34
18329	Boisson gazeuse aromatisée, sans fruit, sans précision sur la teneur en sucres et édulcorants (aliment moyen)	boissons sans alcool	27,6	0,0067	6,87	6,82	0,0071	0,0017	0,035	8,97
18339	Boisson plate aux fruits (teneur en fruits >= 10% et < 50%), sucrée	boissons sans alcool	41,1	0,13	9,92	8,87	0,14	0,027	0,19	< 100
18340	Boisson gazeuse aux fruits (teneur en fruits < 10%), sans sucres ajoutés, avec édulcorants	boissons sans alcool	2,06	0,063	0,45	0,43	traces	0	traces	10
18341	Boisson gazeuse à la pomme (teneur en fruits >= 50%), sans sucres ajoutés	boissons sans alcool	30	0	7,5	6,5	0	0	0	0,1
18344	Tonic ou bitter, sucré	boissons sans alcool	33,1	traces	8,27	8,21	traces	traces	0,14	6,83
18345	Boisson gazeuse aux fruits (teneur en fruits < 10%), sans sucres ajoutés, sans édulcorants	boissons sans alcool	16,7	0	4,17	4	0	0	0	5
18347	Boisson à la sève de bouleau	boissons sans alcool	2,8	0,063	0,7	0,63	0,063	0,013	0	-
18348	Boisson pour le sport, sucrée	boissons sans alcool	21,7	0,000013	5,41	5,04	0,000013	0,000013	0	50,2
18349	Boisson pour le sport, sucrée, avec édulcorants	boissons sans alcool	19,3	0,000025	4,82	3,74	0,000023	0,000023	0	-
18352	Boisson énergisante, sucrée	boissons sans alcool	40,9	0,095	10,2	10,2	traces	traces	0,11	46,2
18353	Boisson énergisante, sans sucres ajoutés, avec édulcorants, enrichie en vitamines	boissons sans alcool	8,57	0,11	2,06	1,74	0,0091	0,000018	0,13	68,3
18354	Boisson énergisante, sucrée, avec édulcorants	boissons sans alcool	27,6	0,042	6,86	6,22	0,000046	0,000046	0,13	-
18356	Tonic ou bitter, sans précision sur la teneur en sucres et édulcorants (aliment moyen)	boissons sans alcool	28,8	0,000012	7,21	7,16	0,000012	0,000011	0,15	11,7
18343	Boisson au(x) fruit(s) et au lait	boissons sans alcool	47,7	0,68	10,7	9,89	0,041	0,0031	0,53	12
19114	Boisson lactée aromatisée à la vanille, sucrée, au lait partiellement écrémé, enrichie en vitamine D	boissons sans alcool	57,4	2,04	11	11	0,6	0,4	0	40
19116	Boisson lactée aromatisée au café, sucrée, au lait partiellement écrémé, enrichie en vitamine(s) et/ou minéraux	boissons sans alcool	50,6	2,96	8,9	8,9	0,38	0,24	0	-
19117	Boisson lactée aromatisée au café, sucrée, au lait partiellement écrémé, non enrichie	boissons sans alcool	70,3	3,12	8,84	8,6	2,33	1,51	0,88	-
19118	Boisson lactée aromatisée au chocolat, sucrée, au lait partiellement écrémé, non enrichie	boissons sans alcool	72,8	3,49	11	10,5	1,58	1	0,5	38,1
19119	Boisson lactée aromatisée au chocolat, sucrée, au lait partiellement écrémé, enrichie en vitamine(s) et/ou minéraux	boissons sans alcool	66,5	3,02	10,8	10,3	1,15	0,71	0,58	43
19120	Boisson lactée aromatisée (sans précision sur l'arôme), sucrée, au lait partiellement écrémé, enrichie et/ou restaurée en vitamine(s) et/ou minéraux (aliment moyen)	boissons sans alcool	61	2,65	10,7	10,4	0,84	0,56	0,2	51,1
19127	Boisson lactée aromatisée à la fraise, sucrée, au lait partiellement écrémé, enrichie en vitamine D	boissons sans alcool	58,8	2,53	10,7	10,4	0,72	0,5	0,033	56
18011	Eau de coco	boissons sans alcool	11,8	0,21	3,33	2,48	< 0,3	< 0,01	< 0,5	20,4
18107	Boisson à l'amande, nature, sans sucres ajoutés, non enrichie, préemballée	boissons sans alcool	35,8	1,06	0,68	traces	3,2	0,31	< 0,5	20,5
18110	Boisson à l'amande, sucrée, enrichie en calcium, préemballée	boissons sans alcool	43,9	0,69	3,96	3,44	2,8	0,58	< 0,5	38,1
18111	Boisson à l'amande, préemballée (aliment moyen)	boissons sans alcool	35,8	1,06	0,68	0	3,2	0,31	< 0,5	20,5
18112	Boisson végétale, préemballée (aliment moyen)	boissons sans alcool	43,6	2,68	2,38	1,32	2,33	0,29	0,63	25,7
18113	Boisson au soja, préemballée (aliment moyen)	boissons sans alcool	46,1	3,21	2,93	1,75	2,04	0,28	0,76	27,5
18899	Boisson à l'avoine, nature, sans sucres ajoutés, non enrichie, préemballée	boissons sans alcool	41	0,25	7,78	5	1,1	0,2	< 0,5	26,4
18900	Boisson au soja, nature, non enrichie, préemballée	boissons sans alcool	42,4	3,19	1,87	0,53	2,1	0,28	0,71	21
18901	Boisson au soja, nature, enrichie en calcium, préemballée	boissons sans alcool	44,2	3,42	2,18	2,18	2,05	0,26	1	38,8
18902	Boisson au soja, aromatisée, sucrée, non enrichie, préemballée	boissons sans alcool	61,9	3,08	7,54	5,98	1,8	0,3	0,73	42
18903	Boisson au soja, aromatisée, sucrée, enrichie en calcium, préemballée	boissons sans alcool	43,2	3,01	2,89	2,7	1,8	0,28	1,1	47,9
18904	Boisson au riz, nature, préemballée	boissons sans alcool	52,2	0,23	10,8	5,6	1	0,11	< 0,5	29,5
18906	Boisson à la châtaigne, nature, préemballée	boissons sans alcool	67,9	0,21	13,5	9,01	1,4	0,18	0,61	30,6
18907	Boisson à la noix de coco, nature, préemballée	boissons sans alcool	29,9	0,21	2,75	2,46	2,1	1,87	< 0,5	35,6
29209	Boisson au soja et jus de fruits concentrés, préemballée	boissons sans alcool	56,2	2,3	9,5	5,8	1	-	traces	87
18004	Café, non instantané, sans sucres ajoutés, prêt à boire	boissons sans alcool	5,78	0,25	1,35	traces	0,018	0,002	< 0,5	2,7
18020	Thé infusé, sans sucres ajoutés	boissons sans alcool	0,4	0,1	0	0	0	0	0	1,65
18022	Tisane infusée ou infusion, sans sucres ajoutés	boissons sans alcool	0,8	0	0,2	0	0	0	0	1
18070	Café décaféiné, non instantané, sans sucres ajoutés, prêt à boire	boissons sans alcool	4,42	0,1	0,6	0	0,18	0,047	0	8
18071	Café expresso, non instantané, sans sucres ajoutés, prêt à boire	boissons sans alcool	6,54	0,25	1,16	traces	0,2	0,092	< 0,5	2,82
18072	Café décaféiné, instantané, sans sucres ajoutés, prêt à boire	boissons sans alcool	2,1	0,12	0,4	0	0,002	0,001	0	4
18073	Café, instantané, sans sucres ajoutés, prêt à boire	boissons sans alcool	1,64	0,1	0,3	0	0,004	0,002	0	4
18104	Chocolat chaud, boisson instantanée, sucrée, prête à boire (reconstituée avec du lait demi-écrémé)	boissons sans alcool	65,9	3,78	9,5	8,68	1,42	0,85	traces	46,2
18106	Chocolat chaud, boisson instantanée, sucrée, enrichie en vitamines, prête à boire (reconstituée avec du lait demi-écrémé)	boissons sans alcool	71,4	4,08	9,91	-	1,71	0,99	< 0,5	-
18151	Café au lait, café crème ou cappuccino, instantané ou non, sans sucres ajoutés, prêt à boire	boissons sans alcool	21,5	1,39	2,31	2,31	0,76	0,49	0	23,4
18153	Chicorée et café, instantané, sans sucres ajoutés, prête à boire (reconstituée avec du lait demi-écrémé)	boissons sans alcool	53,7	3,74	5,9	5	1,62	1	0,46	52,2
18154	Thé noir, infusé, sans sucres ajoutés	boissons sans alcool	1,26	0	0,3	0	0,007	0,002	0	3
18155	Thé vert, infusé, sans sucres ajoutés	boissons sans alcool	5,1	0	1,09	-	0	-	0	4,25
18161	Chicorée, instantanée, sans sucres ajoutés, prête à boire (reconstituée avec du lait demi-écrémé)	boissons sans alcool	93,5	traces	7,1	-	7,1	-	0,59	50,9
18162	Chicorée et café, instantané, sans sucres ajoutés, prête à boire (reconstituée avec de l'eau)	boissons sans alcool	27,8	0,56	6,06	0,43	< 0,3	-	0,6	8,93
18003	Café, moulu	boissons sans alcool	341	13,9	20,3	-	13,9	-	39,7	38,8
18005	Café, poudre soluble	boissons sans alcool	291	18,5	41,9	0	1,1	0,2	20	80,2
18017	Sirop à diluer, sucré	boissons sans alcool	252	0,25	62,5	58,8	< 0,5	0	< 0,5	6,76
18059	"Boisson concentrée à diluer, sans sucres ajoutés, avec édulcorants, type ""sirop 0%"""	boissons sans alcool	19,5	0,25	3,79	0,66	< 0,5	0	0,7	11
18069	Café, décaféiné, poudre soluble	boissons sans alcool	352	11,6	76	0	0,2	0,091	0	23
18076	Thé, feuille	boissons sans alcool	232	19,4	6,3	-	2	-	55,8	45
18100	Cacao, sans sucres ajoutés, poudre soluble	boissons sans alcool	387	22,4	11,6	0,9	20,6	12,4	29,5	45
18101	Poudre cacaotée ou au chocolat pour boisson, sucrée	boissons sans alcool	379	6,65	75,6	67,9	3,29	2,16	10,5	85
18102	Poudre maltée, cacaotée ou au chocolat pour boisson, sucrée, enrichie en vitamines et minéraux	boissons sans alcool	-	9,9	79,4	78,5	5,03	2,38	-	219
18150	Chicorée et café, poudre soluble	boissons sans alcool	332	9,3	66,9	-	0,35	0,12	12	289
18152	Chicorée, poudre soluble	boissons sans alcool	323	3,3	57,2	21,7	2,5	0,75	29,2	156
18160	Café au lait ou cappuccino, poudre soluble	boissons sans alcool	416	12,2	70,1	52	8,8	7,47	3,3	316
18163	Café au lait ou cappuccino au chocolat, poudre soluble	boissons sans alcool	384	11,2	63	59	9	8,11	3,5	500
18167	Poudre cacaotée ou au chocolat pour boisson, sucrée, enrichie en vitamines et minéraux	boissons sans alcool	376	4,68	79,3	76,7	3,04	1,44	6,48	169
18168	Poudre cacaotée ou au chocolat pour boisson, sucrée, enrichie en vitamines	boissons sans alcool	386	4,29	85	82,7	2,04	1,3	5,3	124
18220	Spécialité à diluer au citron pour boissons ou usages culinaires, sans sucres ajoutés	boissons sans alcool	18,4	0,25	1,01	0,91	0	0	0	1,4
1006	Vin doux	boisson alcoolisées	148	0,2	9,96	7,78	0	0	0	9
5100	Pétillant de fruits	boisson alcoolisées	65,7	0	6,95	6,95	0	0	0	3
5201	Vin blanc mousseux	boisson alcoolisées	72,3	0,1	1,78	1,78	0	0	0	1,41
5207	Champagne	boisson alcoolisées	76,1	0,3	1,4	1,4	0	0	0	1,93
5209	Vin blanc mousseux aromatisé	boisson alcoolisées	83,5	0,2	5,1	5,1	0	0	0	13
5210	Vin (aliment moyen)	boisson alcoolisées	76,7	0,16	0,96	0,83	< 0,3	0	< 0,61	2,24
5214	Vin rouge	boisson alcoolisées	75,7	0,16	0	traces	< 0,5	0	< 1	< 2
5215	Vin blanc sec	boisson alcoolisées	55,3	0,25	0,17	0,17	0	0	0	2,5
5216	Vin rosé	boisson alcoolisées	69,2	0,15	1,4	1,4	0	0	0	4
5000	Bière brune	boisson alcoolisées	40,5	0,43	4,1	4,1	traces	traces	0	11,6
5001	"Bière ""coeur de marché"" (4-5° alcool)"	boisson alcoolisées	39	0,39	3,12	0,05	0	0	0	1,88
5002	Bière forte (>8° alcool)	boisson alcoolisées	62,5	0,51	4,6	-	0	0	0	6,8
5003	Cidre (aliment moyen)	boisson alcoolisées	36,5	0,075	3,67	3,23	< 0,18	0	0	4,17
5006	Cidre brut	boisson alcoolisées	35,9	0	2,62	2,22	0	0	0	4,12
5007	Cidre doux	boisson alcoolisées	38,9	0,25	6,4	5,8	< 0,6	0	0	3,9
5008	Bière faiblement alcoolisée (3° alcool)	boisson alcoolisées	35,3	0,31	4,62	1,33	< 0,05	0	0	1,9
5009	Bière blanche	boisson alcoolisées	60,9	0,5	7,55	traces	< 0,5	0	< 1	3
5010	"Bière ""spéciale"" (5-6° alcool)"	boisson alcoolisées	56	0,48	4,55	traces	< 0,05	0	0	1,92
5011	"Bière ""de spécialités"" ou d'abbaye, régionales ou d'une brasserie (degré d'alcool variable)"	boisson alcoolisées	47,1	0,51	3,2	0,25	0	0	0	3,7
5020	Cidre traditionnel	boisson alcoolisées	32,5	0	1,87	1,58	0	0	0	5,35
5021	Cidre bouché demi-sec	boisson alcoolisées	44,3	0,25	4,4	3,7	< 0,6	0	0	2,8
5022	Cidre aromatisé aux fruits	boisson alcoolisées	38,4	0,25	7,07	6,57	< 0,6	0	0	3,2
5029	Bière sans alcool, sucrée, aromatisée ou au jus de fruits	boisson alcoolisées	30,6	0,2	7,36	5,5	0,041	0,016	0,19	-
5030	Bière sans alcool (<1,2° alcool) et sans sucres ajoutés, aromatisée ou non	boisson alcoolisées	29,4	0,2	6,08	3,27	0,053	0,0078	< 0,5	1,53
1000	Pastis	boisson alcoolisées	274	0	2,86	0	0	0	0	0
1001	Eau de vie de fruits	boisson alcoolisées	233	0	0,63	0	0	0	0	1,39
1002	Gin	boisson alcoolisées	265	0	0	0	0	0	0	2
1003	Liqueur	boisson alcoolisées	225	0,1	25,4	17,4	0,23	0,11	0	8
1004	Rhum	boisson alcoolisées	234	0	0	0	0	0	0	1
1005	Whisky	boisson alcoolisées	252	0	0,096	0,096	0	0	0	0
1007	Apéritif à base de vin ou vermouth	boisson alcoolisées	137	0,054	11,3	11,1	0	0	0	15
1008	Vodka	boisson alcoolisées	250	0	0	0	0	0	0	1
1010	Pastis, prêt à boire (1+ 5)	boisson alcoolisées	-	0	0,5	0	0	0	0	1,99
1011	Apéritif anisé sans alcool, à diluer	boisson alcoolisées	6	0	1	0,03	0	0	1	15
1014	Alcool pur	boisson alcoolisées	660	0	0	0	0	0	0	0
1015	Marsala	boisson alcoolisées	211	0,1	27,9	27,9	0	0	0	4
1016	Marsala aux oeufs	boisson alcoolisées	153	0	12,4	12,4	0	0	0	0
1021	Crème de cassis	boisson alcoolisées	245	0	41	40,9	0	0	0	0
1023	Eau de vie de vin type armagnac ou cognac	boisson alcoolisées	222	0	0,76	0	0	0	0	0,75
1024	Eau de vie type calvados	boisson alcoolisées	-	0	0	0	0	0	0	0
1026	Saké ou alcool de riz	boisson alcoolisées	113	0	0	0	0	0	0	2
1012	Cocktail à base de rhum	boisson alcoolisées	121	0	7,74	7,74	2,19	1,64	0,3	6
1013	Cocktail à base de whisky	boisson alcoolisées	166	traces	15,8	15,8	0,02	0,003	0	47
1017	Sangria, faite maison	boisson alcoolisées	88,7	0	11	9,5	0,05	0	0	3
1018	Kir (vin blanc, crème de cassis)	boisson alcoolisées	74,7	0,18	3,3	3,3	0	0	0	1,56
1019	Kir royal (champagne, crème de cassis)	boisson alcoolisées	87,3	0,25	5,66	5,66	0	0	0	1,56
1022	Cocktail type punch, 16% alcool, préemballé	boisson alcoolisées	159	0,6	17,8	17,8	< 0,6	"<
0,00024"	< 0,5	16,7
2008	Cocktail ou boisson apéritive sans alcool à base de jus de fruits et de sirop	boisson alcoolisées	46	0,42	10,9	10,8	0	-	0,36	2,24
5004	Panaché (limonade et bière)	boisson alcoolisées	39	0	6,33	5,4	0	0	0	2,07
5005	Panaché préemballé (<1° alc.), aromatisé ou non	boisson alcoolisées	32	0,0046	7,11	6,47	0,021	0,000023	0,21	1,37
11506	Édulcorant à l'aspartame, en pastilles	sucres, miels et assimilés	44	11	-	0	0	0	-	600
11509	Édulcorant à l'aspartame, en poudre	sucres, miels et assimilés	18,6	1	3,7	3,7	0	0	0	20
11510	Vermicelles multicolores	sucres, miels et assimilés	389	1,16	95,6	93,6	0,15	0,01	0,5	7,5
31008	Miel	sucres, miels et assimilés	331	0,65	82,1	81,1	0	0	0	4,11
31016	Sucre blanc	sucres, miels et assimilés	399	0	99,7	99,7	0	0	0	2,17
31017	Sucre roux	sucres, miels et assimilés	393	0,12	98,1	97	0	0	0	28
31034	Sirop d'érable	sucres, miels et assimilés	269	0,04	67,2	60,2	0,06	0,007	0	10,5
31044	Sucre vanillé	sucres, miels et assimilés	397	0,1	98,6	97,2	0,33	0,053	0,37	3
31046	Caramel liquide ou nappage caramel	sucres, miels et assimilés	324	0	81	61	0	0	0	5
31064	Édulcorant à la saccharine	sucres, miels et assimilés	5	1,25	0	0	0	0	0	428
31067	Mélasse de canne	sucres, miels et assimilés	300	0	74,7	74,7	0,1	0,018	0	37
31076	Edulcorant à base de sucre et aspartame (petits morceaux)	sucres, miels et assimilés	398	0,81	98,7	98,7	0	0	0	1,8
31077	Fructose	sucres, miels et assimilés	399	0	99,8	95	0	0	0	0,1
31087	Édulcorant à base d'extrait de stévia	sucres, miels et assimilés	1,2	0,16	0,3	traces	< 0,5	0	0	< 4
31089	Sirop d'agave	sucres, miels et assimilés	-	0,25	78	68	0,5	< 0,01	0	3,99
31000	Barre chocolatée biscuitée	chocolats et produits à base de chocolat	492	5,56	61,4	43,3	24,1	14	3,7	132
31001	Barre chocolatée non biscuitée enrobée	chocolats et produits à base de chocolat	496	3,7	66,4	47	24,1	14	0,6	200
31002	Barre à la noix de coco, enrobée de chocolat	chocolats et produits à base de chocolat	475	3,88	60,2	53	23,8	19,6	3	200
31004	Chocolat au lait, tablette	chocolats et produits à base de chocolat	550	7,5	58,9	56,3	30,8	18,7	2,9	78
31005	Chocolat noir 50 % de cacao environ, tablette	chocolats et produits à base de chocolat	521	5,98	53	46,3	29,6	19	8,31	10,2
31009	Chocolat au lait aux céréales croustillantes, tablette	chocolats et produits à base de chocolat	515	7,15	60,6	50,8	26,6	16,7	2,59	205
31010	Chocolat blanc, tablette	chocolats et produits à base de chocolat	563	6,16	57,1	56	34,2	21,3	1	88
31012	Barre ou confiserie chocolatée au lait	chocolats et produits à base de chocolat	551	8,75	50,9	43,3	34,2	16,6	1,7	90
31018	Chocolat au lait aux fruits secs (noisettes, amandes, raisins, praline), tablette	chocolats et produits à base de chocolat	559	8,43	48,7	43,6	35,9	17	3,52	101
31020	Chocolat au lait sans sucres ajoutés, avec édulcorants, tablette	chocolats et produits à base de chocolat	487	5,75	54,2	11,3	34,6	21,2	2	135
31026	Chocolat blanc aux fruits secs (noisettes, amandes, raisins, praliné) , tablette	chocolats et produits à base de chocolat	579	7,64	48	45,1	39,1	21,8	2,43	115
31030	Chocolat noir sans sucres ajoutés, avec édulcorants, en tablette	chocolats et produits à base de chocolat	525	8,48	34,1	2	42,3	26,6	10,2	1,7
31032	Pâte à tartiner chocolat et noisette	chocolats et produits à base de chocolat	549	5,02	57,9	56,2	32,4	9,18	3,23	49,5
31041	Confiserie au chocolat dragéifiée	chocolats et produits à base de chocolat	505	5,49	64,9	57,4	24,3	15	1,98	113
31042	Cacahuète enrobée de chocolat dragéifiée	chocolats et produits à base de chocolat	499	9,5	55,9	50,5	25	9,87	5,9	47
31063	Bouchée chocolat fourrage fruits à coques et/ou praliné	chocolats et produits à base de chocolat	558	9,1	51,5	46,2	34,7	13,6	2,1	130
31066	Rocher chocolat fourré praliné	chocolats et produits à base de chocolat	558	6,53	51,4	49,2	35,3	15,5	3,88	56,5
31069	Chocolat noir aux fruits (orange, framboise, poire), tablette	chocolats et produits à base de chocolat	539	6,8	45,3	35,7	34,4	22,5	10,3	31,3
31070	Chocolat noir aux fruits secs (noisettes, amandes, raisins, praline), tablette	chocolats et produits à base de chocolat	567	8,69	40,7	38,2	39	17,5	8,4	12
31071	Barre chocolatée aux fruits secs	chocolats et produits à base de chocolat	494	7,23	57,6	45,1	26	9,53	1,53	151
31072	Chocolat noir fourrage confiseur à la menthe	chocolats et produits à base de chocolat	445	2,9	70,2	69	16	11	4	traces
31073	Gâteau moelleux fourré au chocolat et au lait, enrobé de chocolat, préemballé, rayon frais	chocolats et produits à base de chocolat	449	5,95	42,4	35,5	28	18	1,6	68
31074	Chocolat noir 70 % de cacao environ, de dégustation, tablette	chocolats et produits à base de chocolat	591	10,4	26,9	17,9	46,3	28,7	12,8	8
31080	Chocolat noir fourré praliné, tablette	chocolats et produits à base de chocolat	559	6,38	52,4	48,8	34,8	16,9	5,07	13,7
31084	Chocolat au lait fourré au praliné, tablette	chocolats et produits à base de chocolat	559	7,29	52,9	49,9	34,9	16,4	2,51	81,3
31085	Chocolat noir 40% de cacao et plus, à pâtisser, tablette	chocolats et produits à base de chocolat	546	6,39	51,4	41,6	33,1	22	8,76	5,36
31091	Bouchée/bonbon au chocolat fourrage gaufrettes ou biscuit	chocolats et produits à base de chocolat	521	6,5	55,1	42,9	29,4	17,8	4,92	128
31098	Barre chocolat au lait avec nougat	chocolats et produits à base de chocolat	532	5,8	60,5	60,1	29	17,4	2,9	45,3
31120	Chocolat, tablette (aliment moyen)	chocolats et produits à base de chocolat	552	7,57	50,4	45,2	34,2	20,3	5,96	52,5
15058	Cacahuète caramélisée ou chouchou	confiseries non chocolatées	544	12,9	51,4	44,7	29,7	3,95	6,1	5
15201	Pâte d'amande, préemballée	confiseries non chocolatées	432	5,8	70,3	60,1	13,5	1,05	2,8	7
31007	Chewing-gum, sucré	confiseries non chocolatées	360	0,25	86,4	68,1	0,65	0,3	4	< 5
31014	Pâte de fruits	confiseries non chocolatées	336	1,69	76,6	69,2	1,8	0,17	3,9	31
31021	Ecorce d'orange confite	confiseries non chocolatées	307	0,59	75,6	65,2	0,083	0,033	1,1	27
31023	Marron glacé	confiseries non chocolatées	320	0,89	77,5	55,3	0,54	0,063	2,67	32
31027	Fruit confit	confiseries non chocolatées	297	0,25	72,4	62,9	0,063	0,05	3,3	56
31028	Bonbon dragéifié	confiseries non chocolatées	378	0,53	89,9	71,9	1,94	0,98	0,13	12,1
31036	Dragée amande	confiseries non chocolatées	465	5,25	75,7	68,3	14,7	1,25	4,6	35
31050	Guimauve ou marshmallow	confiseries non chocolatées	336	3,31	80,7	69,9	0,081	0,000013	0,011	80
31052	Praline	confiseries non chocolatées	483	8,7	67,7	66,3	19,7	1,5	-	-
31054	Chewing-gum, sans sucres	confiseries non chocolatées	206	0,22	76	0,088	0,25	0,17	1,95	10,3
31059	Bonbon dur et sucette	confiseries non chocolatées	384	0,16	95,3	70,4	0,18	0,087	0,91	34
31060	Bonbon gélifié	confiseries non chocolatées	339	4,88	76,9	58,4	0,53	0,25	1,5	8
31081	Bonbon tendre, au caramel	confiseries non chocolatées	415	2,23	79,1	59,8	9,98	5,63	0,19	182
31092	Calisson d'Aix en Provence	confiseries non chocolatées	440	7,97	59,8	49,6	18	1,74	3,1	12
31093	Guimauve ou marshmallow, enrobé de chocolat	confiseries non chocolatées	383	4,4	67,5	56,4	10,5	6,5	0,45	40
31094	Bonbon dur, au caramel	confiseries non chocolatées	416	1,33	86,6	72,7	7,09	4,77	0,13	229
31097	Bonbon tendre	confiseries non chocolatées	392	0,94	84,3	66,5	5,1	2,99	1,5	25
31112	Bonbon gélifié à la réglisse, type rouleau ou batonnet	confiseries non chocolatées	347	3,62	75,6	46,3	1,55	0,73	8,18	-
31121	Chewing-gum, sans précision sur la teneur en sucres (aliment moyen)	confiseries non chocolatées	263	0,23	79,9	25,4	0,4	0,22	2,71	7,4
31122	Bonbon tendre, au caramel enrobé de chocolat	confiseries non chocolatées	446	3,29	69,6	55,5	16,8	11,1	1,8	160
31124	Bonbon dur type collier, sifflet, sucette, pastille, au dextrose	confiseries non chocolatées	376	0,018	91,1	85,6	1,35	1,18	0	-
31125	Pastille rafraîchissante, sans sucres	confiseries non chocolatées	241	0,08	96,3	0,19	0,65	0,61	0,4	-
31126	Pastille rafraîchissante, sucrée	confiseries non chocolatées	390	0,13	96,7	93,8	0,37	0,27	0,27	30
31127	Nougat tendre	confiseries non chocolatées	437	6,98	69,3	60,8	13,9	1,21	3,27	1
31128	Bonbon dur et sucette, sans sucres	confiseries non chocolatées	235	0,081	96	0,067	0,44	0,3	0,000019	-
11299	Crème de pruneaux, préemballée	confitures et assimilés	240	1,4	55	53	0,45	0	5	-
15013	Crème de marron ou confiture de châtaigne, préemballée	confitures et assimilés	278	0,95	65,9	51,5	0,66	0,13	2,28	< 10
30886	Gelée, autres fruits ou mélange de fruits (extra ou classique)	confitures et assimilés	252	0,1	61,9	60,9	0,1	0,025	1,25	17
30887	Confiture, autres fruits ou mélange de fruits, allégée en sucres (extra ou classique)	confitures et assimilés	162	0,75	38	38	0,21	0,026	1,8	9
30888	Marmelade ou confiture d'autres agrumes ou mélange d'agrumes (extra ou classique)	confitures et assimilés	-	0,33	59,5	55,5	0,2	0,044	0,99	-
30889	Marmelade ou confiture d'orange, allégée en sucres	confitures et assimilés	-	0,25	40,6	39,9	0,063	0,000025	1,03	9,56
30990	Confiture de mûre (extra ou classique)	confitures et assimilés	245	0,44	58,3	56,9	0,63	0,31	1,3	3
30991	Gelée de mûre (extra ou classique)	confitures et assimilés	245	0,53	60	57,4	0,28	0,025	0,73	8
30992	Confiture de rhubarbe (extra ou classique)	confitures et assimilés	239	0,26	58,6	57,7	0,057	0,0015	1,53	1,5
30993	Confiture de pêche (extra ou classique)	confitures et assimilés	242	0,27	59,5	57,4	0,075	0,0013	1,16	15,3
30994	Confiture de figue (extra ou classique)	confitures et assimilés	243	0,63	59,1	56,8	0,17	0,033	1,31	7,25
30995	Confiture de fraise, allégée en sucres	confitures et assimilés	166	0,31	40,3	39,6	0,1	0,032	1,37	6,7
30996	Confiture d'abricot, allégée en sucres	confitures et assimilés	167	0,41	40,5	39,5	0,067	0,029	1,33	4,3
30997	Confiture de framboise, allégée en sucres	confitures et assimilés	167	0,68	39,2	37,9	0,14	0,034	2,98	5,88
30998	Gelée de framboise (extra ou classique)	confitures et assimilés	249	0,56	61	59,3	0,1	0,0013	0,86	21,1
30999	Confiture ou marmelade, tout type de fruits, sans précision sur la teneur en sucres (aliment moyen)	confitures et assimilés	235	0,36	57,1	55,7	0,27	0,068	1,34	6,7
31006	Confiture ou marmelade ou gelée, tout type de fruits, non allégée en sucres (aliment moyen)	confitures et assimilés	244	0,33	59,3	57,7	0,28	0,073	1,29	6,56
31024	Confiture de fraise (extra ou classique)	confitures et assimilés	248	0,25	60,5	60,1	0,5	0,11	0,7	7
31037	Confiture d'abricot (extra ou classique)	confitures et assimilés	246	0,25	59,7	56,8	0,3	0,029	1,1	5
31038	Confiture de cerise (extra ou classique)	confitures et assimilés	238	0,48	58,1	57,5	0,19	0,000022	1,1	7
31039	Marmelade d'orange ou confiture d'orange (extra ou classique)	confitures et assimilés	245	0,25	59,3	56,9	0,4	0,14	1,5	6
31040	Confiture de lait	confitures et assimilés	340	6,84	61,7	49,7	7,35	4,53	0	129
31053	Confiture de prune, par ex. mirabelle, quetsche, reine-claude (extra ou classique)	confitures et assimilés	240	0,28	58,9	58	0,089	0,029	1,27	16
31062	Confiture de framboise (extra ou classique)	confitures et assimilés	232	0,56	55,2	55,2	0,17	0,071	2,69	5
31068	Confiture de myrtille (extra ou classique)	confitures et assimilés	245	0,25	58,9	58,9	0,4	0,047	2,1	< 5
31082	Préparation de fruits divers (en taux de sucres : confitures allégées en sucres < préparations de fruits < confitures)	confitures et assimilés	195	0,48	47,3	46,2	0,17	0,036	1,94	4,8
31083	Confiture, autres fruits ou mélange de fruits (extra ou classique)	confitures et assimilés	244	0,36	59,8	57,3	0,15	0,06	1,47	2,1
31095	Gelée de groseille (extra ou classique)	confitures et assimilés	244	0,25	59,7	58,7	0,044	0,000029	< 0,5	< 5
31129	Préparation aux fruits divers (35% de fruits min, sucres et autre(s) ingrédient(s))	confitures et assimilés	204	0,81	47,4	45	0,75	0,089	2,8	9
7225	Pain brioché ou viennois, artisanal	viennoiseries	338	8,89	48,6	7,51	11,2	6,25	1,9	454
7600	Viennoiserie (aliment moyen)	viennoiseries	385	7,63	49	12,9	17	8,33	2,43	418
7603	Croissant, sans précision (aliment moyen)	viennoiseries	417	6,56	46,2	7,49	22,1	14	2,41	478
7615	Croissant ordinaire, artisanal	viennoiseries	412	6,33	47,6	7,88	21,1	11,6	1,8	523
7616	Croissant ordinaire, préemballé	viennoiseries	398	6,95	46,7	8,33	19,1	9,33	4,1	465
7619	Croissant pur beurre, sans précision (aliment moyen)	viennoiseries	420	6,61	45,7	7,3	22,6	15,1	2,5	463
7620	Croissant pur beurre, artisanal	viennoiseries	420	6,61	45,7	7,3	22,6	15,1	2,5	463
7621	Croissant pur beurre, préemballé	viennoiseries	388	6,27	45,7	9,79	18,9	11,1	3,7	364
7650	Croissant aux amandes, artisanal	viennoiseries	449	7,62	36,5	14,4	29,1	14,9	3,7	317
7710	Pain au lait, artisanal	viennoiseries	376	8,55	49	9,62	15,4	8,34	1,5	438
7711	Pain au lait, préemballé	viennoiseries	357	8,69	50,5	11,5	12,3	4,14	3,5	422
7712	Pain au lait aux pépites de chocolat, préemballé	viennoiseries	375	8,25	49,6	18,9	14,7	5,31	3,8	358
7719	Panettone (brioche italienne aux raisins secs et écorces d'orange confite), préemballée	viennoiseries	352	6,88	50,6	25,9	12,7	7,04	3,4	184
7720	Pain aux raisins (viennoiserie), artisanal	viennoiseries	345	5,81	53,4	20,9	11,5	5,66	1,4	322
7730	Pain au chocolat, artisanal	viennoiseries	423	7,47	45,4	12,8	22,5	14,7	3	392
7733	Pain au chocolat, préemballé	viennoiseries	421	6,28	48,6	13	21,4	12,5	2,72	441
7735	Brioche (ou briochettes) aux pépites de chocolat ou fourrée au chocolat, préemballée	viennoiseries	352	8,17	51,1	17,4	12,1	3,08	2,98	376
7738	Brioche fourrée aux fruits, préemballée	viennoiseries	326	5,81	52,4	24,4	9	2,15	5,5	395
7739	"Brioche fourrée crème pâtissière (type ""chinois""), préemballée"	viennoiseries	267	5,81	45,7	20,3	6	1,9	3,4	330
7740	Brioche nature, préemballée	viennoiseries	356	7,99	52,7	14,5	12,1	4,68	2,09	401
7742	Brioche nature, artisanale	viennoiseries	420	11,3	50,7	5,7	19,1	8,51	< 0,5	590
7744	Couronne des rois (brioche) aux fruits confits, préemballée	viennoiseries	353	7,2	52,8	19,6	12,3	6,1	1,35	354
7745	Brioche pur beurre (ex : gâche vendéenne) nature, préemballée	viennoiseries	361	8,21	51,1	13	13,3	8,71	2,03	384
7746	Brioche, sans précision (aliment moyen)	viennoiseries	363	8,41	52,1	13,9	13	5,09	1,94	423
23467	Chouquette	viennoiseries	408	9,13	40,6	18,4	22,9	11	1,5	422
23480	Chausson aux pommes	viennoiseries	360	4,17	42,2	11,2	18,7	10,3	3,1	340
7355	Galette de riz soufflé, nappée de chocolat	biscuits sucrés	494	7,32	60,7	26,3	23,2	13	5,1	19
7356	Galette de maïs soufflé, nappée de chocolat	biscuits sucrés	481	7,3	63,2	22,8	20,8	12,2	5,05	-
7412	Tartine craquante, extrudée et grillée, fourrée au chocolat	biscuits sucrés	445	7,88	65,4	29,7	15,6	5,84	5,3	76
7413	Tartine craquante, extrudée et grillée, fourrée aux fruits	biscuits sucrés	372	4,22	74,9	31,3	5,1	2,54	2,6	90
23027	Macaron sec	biscuits sucrés	436	6,9	77,7	74	10,2	0,6	3	-
24000	Biscuit sec, sans précision	biscuits sucrés	433	7,83	67,8	25	13,8	3,46	3	407
24001	Biscuit sec nature	biscuits sucrés	438	7,13	74,9	25,4	11,5	5,31	3,3	294
24002	Biscuit sec à teneur garantie en vitamines	biscuits sucrés	457	9,63	72,3	23,3	14,2	6,07	0,75	62,3
24003	Biscuit sec à teneur garantie en vitamines et minéraux	biscuits sucrés	472	10,8	61,1	22,1	19,8	8,44	3,5	177
24004	Biscuit sec aux fruits, hyposodé ou à teneur réduite en sel	biscuits sucrés	448	8,88	64	17,9	16	1,45	5,4	8
24006	Biscuit sec au soja, enrichi en vitamines et minéraux	biscuits sucrés	444	10,9	60,3	20,3	16,1	2,22	6,6	285
24008	Biscuit sec fourré aux fruits, allégé en matière grasse	biscuits sucrés	391	4,69	75,3	39,9	7,2	2,82	3	230
24009	Spéculoos	biscuits sucrés	476	5,63	71,2	32,5	18,1	7,81	3	367
24010	Biscuit sec, avec matière grasse végétale	biscuits sucrés	436	7,23	74	23,4	11,7	5,4	3,1	301
24011	Biscuit sec, assortiment	biscuits sucrés	515	6,44	61,4	39,4	26,4	6,21	2,9	185
24012	Biscuit sec au chocolat, sans sucres ajoutés, avec édulcorants, enrichi en vitamines	biscuits sucrés	448	6,78	64,6	1,72	21,8	8,99	3,71	-
24013	Biscuit sec, sans sucres ajoutés, avec édulcorant	biscuits sucrés	429	6,23	72,1	0,11	15,7	3,3	3,93	-
24014	Biscuit sec avec tablette de chocolat et fourrage au lait	biscuits sucrés	512	6,75	62,3	35,6	25,6	14,9	2,7	180
24015	Biscuit sec petit beurre	biscuits sucrés	450	7,78	73,4	22	13,3	8,61	2,54	462
24016	Biscuit sec avec tablette de chocolat	biscuits sucrés	485	5,56	68,8	40,8	20	11,3	3,5	139
24017	Biscuit sec petit beurre au chocolat (tablette ou pépites)	biscuits sucrés	496	6,88	63,8	35,4	22,8	14,2	4	236
24018	Biscuit sec sans gluten, petit beurre	biscuits sucrés	460	3,8	79,3	21	14	8,5	0,9	-
24019	Biscuit sec sans gluten, au chocolat	biscuits sucrés	504	5,04	64	27,5	24,7	12,2	2,95	-
24020	Biscuit sec aux céréales complètes	biscuits sucrés	462	7,75	63	19,5	18,4	4,97	6,6	146
24021	Biscuit sec petit beurre au blé complet	biscuits sucrés	439	9,25	66,6	18,8	13,4	2,01	7,2	149
24028	Biscuit sec au sésame, non enrichi	biscuits sucrés	496	9,19	60	21	23,3	6,27	4,84	-
24029	Biscuit sec au sésame, enrichi en vitamines et minéraux	biscuits sucrés	485	11,5	60	18,5	21	2,05	4,9	-
24031	Biscuit sec sans chocolat, allégé en matière grasse	biscuits sucrés	388	6	71	35	6	2,5	13	311
24034	Biscuit sec pour petit déjeuner, sans chocolat, non enrichi	biscuits sucrés	452	7,81	65,8	21	16,3	2,83	5,5	477
24035	Biscuit sec pour petit déjeuner, allégé en sucres	biscuits sucrés	444	7,78	66,2	19,5	15	5	6,7	270
24036	Biscuit sec au chocolat, non enrichi	biscuits sucrés	507	7,75	59,5	44,2	25,6	9,7	3,9	154
24037	Biscuit sec fourré à la pâte ou purée de fruits (ex : figue)	biscuits sucrés	421	4,93	71,6	27,2	12,3	5,19	2	151
24038	Biscuit sec, sablé, nappé de chocolat	biscuits sucrés	495	6,56	63,5	27,7	22,9	12,4	4,1	295
24040	Biscuit sec pour petit déjeuner, au chocolat, non enrichi	biscuits sucrés	447	8,06	62,9	27,3	16,4	6,15	7,6	343
24041	Biscuit sec pour petit déjeuner, tous parfums, enrichi en vitamines et minéraux	biscuits sucrés	454	7,06	67,3	27,2	16,1	6,21	5,8	210
24042	Biscuit sec au chocolat, enrichi en vitamines et minéraux	biscuits sucrés	461	8,96	61,9	20,1	18,3	3,78	6,54	-
24048	Biscuit sec, sablé, galette ou palet, autre que pur beurre	biscuits sucrés	495	5,71	64,5	25,8	23,1	10,9	3,34	-
24049	Biscuit sec, sablé, galette ou palet, au beurre	biscuits sucrés	481	6,81	66,8	22,2	20	12	3,2	382
24050	Biscuit sec, sablé, galette ou palet, au beurre, au chocolat	biscuits sucrés	499	6,33	63,5	33,6	23,7	11,9	3,11	378
24051	Biscuit (génoise), nappé de chocolat, type barquette	biscuits sucrés	489	7,38	59,5	42,4	23,9	3,01	3,1	122
24052	Biscuit sec (tartelette), nappé au chocolat, préemballé	biscuits sucrés	504	6,58	59,7	31,5	25,6	15,2	3,71	166
24054	Biscuit sec, sablé, galette ou palet, aux fruits	biscuits sucrés	482	5,8	66,3	30,9	21	12,2	2,37	169
24056	Florentin (biscuit sec au chocolat et aux amandes)	biscuits sucrés	514	9,31	50,7	44,1	28,7	10,8	7,6	52
24057	Biscuit sec, sablé, fourré aux fruits type lunette de Romans	biscuits sucrés	449	6,06	69,2	31,9	16	9,47	2,04	112
24061	Biscuit meringué fourré (chocolat, noisette, noix de coco…), nappé ou sur base de chocolat	biscuits sucrés	540	7,65	54,5	45,9	31,5	20	3,95	-
24070	Biscuit sec à la noix de coco	biscuits sucrés	493	6,32	65,4	25,3	22,1	13,1	3,51	345
24071	Sablé pâtissier, artisanal	biscuits sucrés	484	8,38	59,4	22	22,9	-	3,3	163
24224	"Biscuit au chocolat fourré (""sandwiché"") parfum vanille, rond, noir et blanc"	biscuits sucrés	480	5,06	69,2	35,7	19,6	5,88	3,2	261
24225	"Goûter sec fourré (""sandwiché"") parfum lait ou vanille"	biscuits sucrés	478	5	70	31,3	19	7,89	3,6	176
24230	"Goûter sec fourré (""sandwiché"") parfum chocolat, au blé complet"	biscuits sucrés	465	5,94	69,3	31,9	17,2	5,5	4,8	214
24231	"Goûter sec fourré (""sandwiché"") parfum chocolat"	biscuits sucrés	471	6,31	67,5	29,2	18,5	8,81	4,7	183
24240	"Goûter sec fourré (""sandwiché"") parfum fruits"	biscuits sucrés	407	5,13	73,6	30,3	9,4	4,27	3,7	209
24300	Gaufrette (éventail, cigarette…), sans fourrage	biscuits sucrés	437	6,51	80	34,6	9,7	6,23	2,05	257
24311	Gaufrette fourrée et/ou enrobée de chocolat	biscuits sucrés	534	6,63	56,6	37,8	30,5	18,8	3,5	100
24312	Gaufrette fourrée, aux fruits à coque (noisette, amande, praliné, etc.), avec ou sans chocolat	biscuits sucrés	562	9	49	34	36,1	15,4	2,5	105
24313	Gaufrette, fourrée vanille	biscuits sucrés	538	5,75	60,1	32,9	30,1	19,9	1,6	144
24320	Gaufrette fourrée, aux fruits	biscuits sucrés	355	4,13	81	46,6	0,8	0,3	2,7	61
24370	Crêpe dentelle nature	biscuits sucrés	467	6,37	73,1	36,6	16,2	11,1	1,7	220
24371	Crêpe dentelle, nappée de chocolat	biscuits sucrés	498	5,75	67,4	43,2	22,1	11,5	3,5	240
24430	Biscuit sec aux oeufs à la cuillère (cuiller) ou boudoir	biscuits sucrés	366	7,75	74,5	48,8	3,4	1,17	2,9	120
24441	Biscuit sec, type langue de chat ou cigarette russe	biscuits sucrés	475	5,27	72,7	39,7	17,8	9,45	1,55	207
24520	Meringue	biscuits sucrés	396	4,82	93,2	87,6	0,52	< 0,005	< 0,25	91,1
24614	Biscuit sec croquant aux amandes (ex. canistrelli)	biscuits sucrés	454	9,04	68,2	37,6	15,4	2,94	3,2	134
24615	Biscuit sec fin ou tuile, aux amandes	biscuits sucrés	471	7,8	68	49,1	18,1	5,65	2,1	82
24616	Biscuit sec fin ou tuile, saveur citron ou orange	biscuits sucrés	419	6,37	69,7	31,6	9,73	4,17	13,6	207
24654	Biscuit sec ou galette à l'avoine, nappée de chocolat	biscuits sucrés	509	5,73	61,3	39,6	26	14,6	3,58	-
24655	Biscuit sec ou galette à l'avoine	biscuits sucrés	491	5,64	63,9	34,6	22,9	11,7	3,41	-
24656	Cookie aux cranberries et au chocolat blanc, préemballé	biscuits sucrés	488	4,76	65,9	41	22,4	10,9	2,1	-
24657	Biscuit sec, type batonnet, stick, vrille ou torsade, nappé de chocolat	biscuits sucrés	510	6,86	63,1	34,6	25,1	14,1	2,42	110
24658	Biscuit sec feuilleté, type palmier ou autres, nappé de chocolat	biscuits sucrés	532	5,93	59,7	30,3	29,4	16,6	2,33	-
24659	Biscuit sec feuilleté, type palmier ou autres, préemballé	biscuits sucrés	528	6,06	56,8	18,8	30	15,4	3,4	460
24660	Biscuit sec feuilleté, type palmier ou autres, artisanal	biscuits sucrés	499	5,93	47,8	21,8	30,4	14,4	5,3	463
24676	Cookie au chocolat et aux fruits à coque (noisettes, amandes, noix de pécan…), préemballé	biscuits sucrés	507	6,78	57	30,5	27,1	11,2	4,02	224
24678	Biscuit (génoise), nappé aux fruits, type barquette	biscuits sucrés	341	4,44	74,4	51,1	2,1	0,75	2,8	48
24679	Biscuit sec (tartelette), nappé aux fruits, préemballé	biscuits sucrés	424	4,63	71,3	34,5	13	6,75	1,94	157
24680	Biscuit moelleux fourré à l'orange et enrobé de sucre glace	biscuits sucrés	359	4,1	80	47	2,1	0,4	1,7	5,9
24684	Cookie au chocolat, préemballé	biscuits sucrés	493	6,44	61	31,4	23,8	11,4	4,3	345
24685	Cône ou cornet classique, pour glace	biscuits sucrés	401	7,5	80,4	25,6	5	4,1	2	215
24686	Biscuit (génoise), fourré aux fruits (ex : orange, cerise…), nappé de chocolat	biscuits sucrés	395	3,88	66,6	45,2	11,7	5,75	3,2	122
24687	Cookie aux pépites de chocolat et à la noix de coco, préemballé	biscuits sucrés	519	5,93	54,5	28,3	29,8	16,3	4,85	-
32000	Grains de blé soufflés au miel ou caramel, enrichis en vitamines et minéraux	céréales de petit-déjeuner	390	7,31	82,8	33,8	2	0,57	5	4
32001	Céréales pour petit déjeuner chocolatées, non fourrées, enrichies en vitamines et minéraux	céréales de petit-déjeuner	393	8,19	74,7	22,5	5,1	1,36	7,1	121
32003	Céréales pour petit déjeuner (aliment moyen)	céréales de petit-déjeuner	402	7,96	73,2	21,2	7,21	1,96	5,99	241
32004	Muesli (aliment moyen)	céréales de petit-déjeuner	433	8,87	63,4	19,4	14,3	3,44	6,9	171
32005	Pétales de maïs nature, enrichis en vitamines et minéraux	céréales de petit-déjeuner	368	6,88	80	7,59	1	0,32	5,5	405
32006	Riz soufflé nature, enrichi en vitamines et minéraux	céréales de petit-déjeuner	388	6,66	86,3	7,9	1,2	0,4	2	450
32008	Céréales pour petit déjeuner riches en fibres, au chocolat, enrichies en vitamines et minéraux	céréales de petit-déjeuner	389	9,23	71,9	19,5	4,7	2,15	9,7	310
32012	Riz soufflé chocolaté, non enrichi en vitamines et minéraux	céréales de petit-déjeuner	387	5,96	83,3	28,2	2,3	1,06	3,9	375
32013	Céréales pour petit déjeuner chocolatées, non fourrées, non enrichies en vitamines et minéraux	céréales de petit-déjeuner	387	8,63	77,7	26,8	3,2	1,14	6,1	113
32014	Pétales de maïs nature, non enrichis en vitamines et minéraux	céréales de petit-déjeuner	372	6,88	82,4	4,12	0,7	0,31	4,6	728
32016	Céréales pour petit déjeuner fourrées au chocolat ou chocolat-noisettes, enrichies en vitamines et minéraux	céréales de petit-déjeuner	440	7,06	67	26,3	15	3,57	4,4	353
32017	Céréales pour petit déjeuner fourrées au chocolat ou chocolat-noisettes, non enrichies en vitamines et minéraux	céréales de petit-déjeuner	457	7	67,2	29,1	17,2	3,95	2,3	189
32018	Céréales pour petit déjeuner fourrées au lait ou à la vanille, enrichies en vitamines et minéraux	céréales de petit-déjeuner	429	10,4	63,9	26	13,4	4,16	4,9	224
32022	Pétales de céréales au chocolat, avec ou sans fruits à coque, enrichis en vitamines et minéraux	céréales de petit-déjeuner	399	8	74,5	19,2	6,3	3,46	6	301
32023	Pétales de céréales aux fruits, enrichis en vitamines et minéraux	céréales de petit-déjeuner	377	8,1	80,6	14,6	1,58	0,3	4,25	424
32025	Pétales de céréales aux fruits à coque, enrichis en vitamines et minéraux	céréales de petit-déjeuner	392	8,18	73,5	23,2	5,53	1,07	6,43	400
32028	Pétales de céréales au chocolat, avec ou sans fruits à coque, non enrichis en vitamines et minéraux	céréales de petit-déjeuner	413	7,63	73,6	20,6	8,4	3,81	4,9	225
32029	Pétales de céréales aux fruits, non enrichis en vitamines et minéraux	céréales de petit-déjeuner	378	8,36	79,7	12,7	1,62	0,32	5,44	496
32030	Pétales de céréales, nature, sucrées, enrichies en vitamines et minéraux	céréales de petit-déjeuner	372	8,5	77,7	12,6	1,5	0,5	6	341
32031	Céréales pour petit déjeuner, enrichies en vitamines et minéraux (aliment moyen)	céréales de petit-déjeuner	408	7,71	72,8	21,4	8,2	2,2	5,75	269
32032	Céréales pour petit déjeuner, non enrichies en vitamines et minéraux (aliment moyen)	céréales de petit-déjeuner	386	8,43	77,1	23,5	3,39	1,16	6,05	174
32033	Céréales pour petit déjeuner riches en fibres, aux fruits ou fruits à coque, enrichies en vitamines et minéraux	céréales de petit-déjeuner	395	8,63	64,5	23,3	9	3,95	9,5	289
32034	Céréales pour petit déjeuner riches en fibres, aux fruits ou fruits à coque, non enrichies en vitamines et minéraux	céréales de petit-déjeuner	374	8,53	71,1	22,3	3,93	2,15	9,9	-
32035	Céréales pour petit déjeuner riches en fibres, nature, enrichies en vitamines et minéraux	céréales de petit-déjeuner	361	11,9	67,7	11,7	2,13	0,6	11,6	467
32036	Céréales pour petit déjeuner riches en fibres, nature, non enrichies en vitamines et minéraux	céréales de petit-déjeuner	368	8,48	74,8	15,2	1,85	0,4	9,4	-
32037	Céréales pour petit déjeuner au chocolat et caramel, extrudées, enrichies en vitamines et minéraux	céréales de petit-déjeuner	410	8,06	74,7	23,9	7,2	1,32	6,4	189
32038	Céréales pour petit déjeuner au chocolat et caramel, extrudées, non enrichies en vitamines et minéraux	céréales de petit-déjeuner	394	9,13	76,2	27	4,43	0,87	6,6	-
32039	Céréales pour petit déjeuner fourrées au lait ou à la vanille, non enrichies en vitamines et minéraux	céréales de petit-déjeuner	440	7,94	67,5	26,8	14,5	3,23	3,4	213
32040	Grains de blé soufflés au miel ou caramel, non enrichis en vitamines et minéraux	céréales de petit-déjeuner	382	8,93	77,6	32	2,52	0,63	6,53	-
32041	Mélange de flocons de céréales, nature, non enrichi en vitamines et minéraux	céréales de petit-déjeuner	341	10,2	61,7	1,49	3,17	0,6	12,4	traces
32042	Pétales de céréales, nature, sucrées, non enrichies en vitamines et minéraux	céréales de petit-déjeuner	377	8	80,1	13,9	1,5	0,52	5,7	288
32043	Pétales de céréales, nature, sans sucres ajoutés, non enrichies en vitamines et minéraux	céréales de petit-déjeuner	369	12,2	70,2	0,88	2,78	0,42	7,28	-
32107	Pétales de maïs glacés au sucre, non enrichis en vitamines et minéraux	céréales de petit-déjeuner	381	6,22	85,4	23,4	0,96	0,36	2,8	450
32108	Muesli croustillant aux fruits, avec ou sans fruits à coque et/ou graines, non enrichi en vitamines et minéraux	céréales de petit-déjeuner	442	8,69	62,7	22,4	15,7	4,43	7,1	47
32109	Muesli croustillant au chocolat, non enrichi en vitamines et minéraux	céréales de petit-déjeuner	446	9,25	64,7	21,5	15,1	5,26	6,8	122
32110	Muesli floconneux aux fruits, fruits à coque et/ou graines, enrichi en vitamines et minéraux	céréales de petit-déjeuner	378	9,5	68,9	20,3	5,3	0,97	7,4	129
32111	Muesli croustillant aux fruits, avec ou sans fruits à coque et/ou graines, enrichi en vitamines et minéraux	céréales de petit-déjeuner	464	8,38	60,4	19,1	19,4	3,58	6,7	223
32112	Muesli croustillant au chocolat, enrichi en vitamines et minéraux	céréales de petit-déjeuner	469	8	61,9	22,3	19,7	6,68	5,3	194
32113	Muesli floconneux aux fruits, fruits à coque et/ou graines, sans sucres ajoutés, non enrichi	céréales de petit-déjeuner	374	10,3	59,8	13,3	8,1	1,54	8,9	9
32116	Céréales pour petit déjeuner très riches en fibres, nature, enrichies en vitamines et minéraux	céréales de petit-déjeuner	327	13,4	43,3	10,4	3,8	0,75	33,1	536
32121	Pétales de maïs glacés au sucre, enrichis en vitamines et minéraux	céréales de petit-déjeuner	381	4,25	88,6	36,4	0,5	0,14	2,3	322
32129	Boules de maïs soufflées au miel, non enrichies en vitamines et minéraux	céréales de petit-déjeuner	389	5,84	87,3	26,3	1,41	0,19	2,01	320
32130	Blé khorasan complet soufflé	céréales de petit-déjeuner	378	6,68	80,5	23,4	1,96	0,52	4,4	10,8
32131	Riz soufflé chocolaté, enrichi en vitamines et minéraux	céréales de petit-déjeuner	382	6,75	81,8	18	2	1,05	4,5	248
32133	Boules de maïs soufflées au miel, enrichies en vitamines et minéraux	céréales de petit-déjeuner	384	5,63	86,6	22,9	0,9	0,24	3,2	357
32138	Muesli floconneux aux fruits, fruits à coque et/ou graines, non enrichi en vitamines et minéraux	céréales de petit-déjeuner	371	10,6	60,9	11,7	7	2,09	9,8	23
32139	Muesli enrichi en vitamines et minéraux (aliment moyen)	céréales de petit-déjeuner	436	8,78	63,6	19,7	14,6	3,51	6,77	184
32140	Flocons d'avoine	céréales de petit-déjeuner	369	10,6	57,7	1,04	7,82	1,37	11,2	4
32141	Muesli non enrichi en vitamines et minéraux (aliment moyen)	céréales de petit-déjeuner	409	9,63	61,8	17,2	11,6	3,3	8,36	37,1
32142	Céréales pour petit déjeuner au miel ou caramel, soufflées ou extrudées, enrichies en vitamines et minéraux	céréales de petit-déjeuner	388	7,44	75,4	21,8	4,6	0,76	6,3	363
32143	Céréales pour petit déjeuner au miel ou caramel, soufflées ou extrudées, non enrichies en vitamines et minéraux	céréales de petit-déjeuner	382	6,73	80,1	21,9	2,78	0,62	5,03	-
32144	Muesli croustillant aux fruits à coque et/ou graines uniquement, enrichi en vitamines et minéraux	céréales de petit-déjeuner	433	9,77	63,3	14,7	13,8	3,73	8,27	-
32145	Muesli croustillant aux fruits à coque et/ou graines uniquement, non enrichi en vitamines et minéraux	céréales de petit-déjeuner	450	10	61,2	17,2	16,5	2,65	6,7	86
31100	Barre céréalière pour petit déjeuner au lait, au chocolat ou non, enrichie en vitamines et minéraux	barres céréalières	382	7,06	79,5	28,1	3,2	1,74	4,5	217
31101	"Barre céréalière ""équilibre"" aux fruits, enrichie en vitamines et minéraux"	barres céréalières	382	6,13	73,3	30,4	6,53	3,5	4,13	297
31102	"Barre céréalière ""équilibre"" au chocolat, enrichie en vitamines et minéraux"	barres céréalières	407	5,99	70,3	32,3	10,9	6,65	3,7	277
31104	Barre céréalière diététique hypocalorique	barres céréalières	391	5,9	71	8,5	11,2	9,6	5,8	300
31106	Barre céréalière au chocolat	barres céréalières	451	6,55	73	32,9	14,9	7,37	4,5	201
31113	Barre céréalière aux fruits	barres céréalières	379	5,49	74,1	29,6	7,07	3,44	3,8	249
31114	Barre céréalière aux amandes ou noisettes	barres céréalières	444	8,69	60,6	20,4	18,2	4,03	4,6	179
31115	Barre céréalière au chocolat et aux fruits	barres céréalières	419	5,7	70,4	34,8	11,8	7,45	4,04	221
19688	Baba au rhum, rayon frais	gâteaux et pâtisseries	174	2,8	28,3	28,3	2,35	1,8	0,76	96,5
23000	Gâteau (aliment moyen)	gâteaux et pâtisseries	410	5,49	51,8	29,3	19,6	5,13	2,38	289
23001	Cheesecake, préemballé	gâteaux et pâtisseries	337	5,44	34,1	21,3	19,7	11,4	0,7	174
23005	Gâteau Paris-Brest (pâte à choux crème mousseline praliné)	gâteaux et pâtisseries	327	5,42	29,1	18,6	20,5	12,5	1,1	119
23006	Forêt noire, pâtisserie type génoise au chocolat et crème multi-couches, avec ou sans cerises	gâteaux et pâtisseries	317	3,66	39,1	26,4	14,8	9,71	1,85	69
23007	Gâteau mousse de fruits sur génoise, type miroir, bavarois	gâteaux et pâtisseries	265	2,79	30,8	24,3	14,5	8,89	< 1	44,5
23008	Entremets type Opéra	gâteaux et pâtisseries	392	5,19	37,6	33,3	24	13,4	2,3	42
23009	Fraisier ou framboisier	gâteaux et pâtisseries	221	2,6	25	21	12	7,5	1,5	61,7
23021	Baba au rhum, artisanal	gâteaux et pâtisseries	-	2,25	36,3	29,9	9,9	6,42	0,8	87
23022	Canelé	gâteaux et pâtisseries	298	5	61	41,2	3,2	2,11	2,6	74,4
23023	Kouign amann, préemballé	gâteaux et pâtisseries	489	3,64	53,2	27,8	28,8	19,9	1,45	-
23024	Macaron moelleux fourré à la confiture ou à la crème	gâteaux et pâtisseries	448	11	56,5	51,3	19	2,5	2,9	65,5
23030	Bûche de Noël pâtissière	gâteaux et pâtisseries	363	4,25	39,8	31,8	20,4	11,1	1	95
23031	Brownie au chocolat et aux fruits à coques, préemballé	gâteaux et pâtisseries	466	6,58	45,9	32	27,7	6,71	3,18	148
23032	Brownie au chocolat, préemballé	gâteaux et pâtisseries	458	5,94	50,6	35,1	25,4	7,32	3,4	138
23033	Rocher coco ou congolais (petit gâteau à la noix de coco), préemballé	gâteaux et pâtisseries	459	3,98	56,1	49,3	23	19,7	5,62	-
23050	Biscuit de Savoie	gâteaux et pâtisseries	260	5,9	56,3	-	0,8	0,12	1,5	749
23080	Quatre-quarts (beurre, oeufs, sucre, farine), artisanal	gâteaux et pâtisseries	440	5,94	46	26,8	25,6	15,8	1,1	206
23081	Quatre-quarts (beurre, oeufs, sucre, farine), préemballé	gâteaux et pâtisseries	434	5,94	48,2	26,4	23,9	15,2	1,1	426
23082	Barre pâtissière, préemballée	gâteaux et pâtisseries	378	5,38	54,7	26,8	14,9	1,59	1,4	512
23103	Gâteau moelleux au citron, préemballé	gâteaux et pâtisseries	411	6,81	49,6	30,5	20,4	7,93	1	217
23120	Gâteau breton fourré à la crème de pruneaux, préemballé	gâteaux et pâtisseries	453	5,17	59,3	37,7	21,3	12,7	1,5	-
23121	Far breton aux pruneaux	gâteaux et pâtisseries	229	5,13	32	21,5	8	4,79	3,4	93
23122	Kouign Amann, artisanal	gâteaux et pâtisseries	449	5,81	48,7	20,5	25,1	16,7	2,2	340
23200	Pain d'épices, préemballé	gâteaux et pâtisseries	318	3,14	71,8	40,8	1,15	0,24	3,78	189
23220	Pain d'épices fourré aux fruits ou nonnette, préemballé	gâteaux et pâtisseries	338	3,85	75	45,4	2,15	0,35	1,74	143
23300	Baklava ou baklawa (pâtisserie orientale aux amandes et sirop)	gâteaux et pâtisseries	459	10,4	49,2	39,6	24,5	4,7	< 1	29,8
23301	Corne de gazelle (pâtisserie orientale aux amandes en forme de croissant recouverte de sucre glace)	gâteaux et pâtisseries	474	8,55	60,2	32	22,1	7,78	< 1	59,2
23455	Chou à la crème, sans précision (chantilly ou pâtissière)	gâteaux et pâtisseries	325	4,5	25,1	16,7	22,9	14,5	< 0,5	110
23456	Chou à la crème chantilly, Saint-honoré	gâteaux et pâtisseries	337	4,63	22,9	8,9	25	13,6	1	149
23457	Chou à la crème pâtissière	gâteaux et pâtisseries	225	4,31	34,9	10,7	7,3	3,38	1	99,5
23477	Éclair	gâteaux et pâtisseries	264	5,78	31,6	18,9	11,8	6,11	3,9	92,5
23479	Tarte aux fruits et crème pâtissière	gâteaux et pâtisseries	205	2,94	30	18,7	7,7	4,8	1,3	104
23481	Tarte normande aux pommes (garniture farine, oeufs, crème, sucre, calvados), artisanale	gâteaux et pâtisseries	313	4,44	38,7	25,8	15	8,37	2,5	93
23485	Tarte au citron	gâteaux et pâtisseries	319	5,56	43,1	34,1	13,6	7,65	0,97	51,6
23490	Tarte ou tartelette aux pommes	gâteaux et pâtisseries	227	2,52	32,7	20,7	8,79	4,66	3,3	122
23491	Tarte aux fraises, artisanale	gâteaux et pâtisseries	318	3,19	31	12,9	19,8	9,04	1,5	57,3
23493	Crumble aux pommes, préemballé	gâteaux et pâtisseries	226	1,71	35,4	19	8,17	5,43	1,9	34
23494	Tarte aux abricots	gâteaux et pâtisseries	285	3,18	41	17,5	10,7	6,43	5,9	89,3
23495	Tarte aux fruits rouges	gâteaux et pâtisseries	231	3,5	36,5	20,8	6,87	3,85	4,5	82,5
23496	Tarte tatin aux pommes	gâteaux et pâtisseries	245	1,76	38,1	28,5	9,25	5,79	1,25	76
23497	Tarte au chocolat, fabrication artisanale	gâteaux et pâtisseries	469	5,94	40,9	22,7	30,7	18,9	2,9	74,4
23498	Tarte ou tartelette aux fruits (aliment moyen)	gâteaux et pâtisseries	245	3,18	34,1	21,6	9,99	5,52	2,4	97,9
23525	Flan pâtissier aux oeufs ou à la parisienne	gâteaux et pâtisseries	211	3,97	33,2	17,5	6,85	4,08	0,48	94
23531	Charlotte aux fruits	gâteaux et pâtisseries	200	5,16	28,2	21,7	6,64	3,34	2,8	15,1
23540	Gâteau moka ou gâteau au café	gâteaux et pâtisseries	386	4,1	23	17	30,8	11	0,4	88
23585	Gâteau au chocolat, préemballé	gâteaux et pâtisseries	445	5,88	51	28,6	24	5,71	3,7	167
23586	Gâteau au chocolat type fondant ou mi-cuit, préemballé	gâteaux et pâtisseries	467	6	43	34,1	29,7	6,22	1,85	101
23588	Gâteau ou cake au yaourt, préemballé	gâteaux et pâtisseries	409	5,88	52	27,7	19,1	2,23	2,7	380
23594	Gâteau moelleux nature type génoise, préemballé	gâteaux et pâtisseries	378	6,7	57,6	30,5	13,2	2,3	0,8	557
23680	Galette des rois feuilletée, fourrée à la pomme	gâteaux et pâtisseries	289	3,4	29,1	10,2	17,2	11,6	2	-
23684	Galette des rois feuilletée, fourrée frangipane, et Pithiviers	gâteaux et pâtisseries	438	7,6	33,4	12,3	30	14	2	280
23799	Crêpe, nature, préemballée, rayon frais	gâteaux et pâtisseries	257	6,31	41,6	19,1	6,8	3,6	2,2	210
23800	Crêpe, nature, préemballée, rayon température ambiante	gâteaux et pâtisseries	389	7,65	59,9	28,8	12,8	6,48	1,61	685
23801	Galette de sarrasin, nature, souple (à garnir) préemballée	gâteaux et pâtisseries	161	5,32	30,5	traces	1,74	0,51	< 1	544
23802	Gâteau basque à la crème pâtissière	gâteaux et pâtisseries	340	3,75	51,5	28,1	13	7,55	1	189
23803	Gâteau basque aux cerises	gâteaux et pâtisseries	395	4,3	63,3	42	13,5	9,1	1,4	170
23804	Crêpe fourrée au chocolat et aux billes de céréales croustillantes, préemballée	gâteaux et pâtisseries	448	6,81	58,3	35	20,3	7,39	2,52	-
23815	Crêpe fourrée au sucre, préemballée	gâteaux et pâtisseries	406	6,62	58,7	31	15,8	9,38	1,04	572
23820	Crêpe fourrée à la confiture, faite maison	gâteaux et pâtisseries	296	6,51	54	19,4	5,74	3,36	1	356
23821	Crêpe fourrée au chocolat ou à la pâte à tartiner chocolat et noisettes, faite maison	gâteaux et pâtisseries	388	7,76	54,3	20,4	15,1	6,06	2,22	359
23827	Pancake (petite crêpe épaisse), sucrée, préemballée	gâteaux et pâtisseries	358	5,5	45,3	25,6	16,6	2,11	2,2	548
23828	Pancake (petite crêpe épaisse), fourrée à la pâte à tartiner chocolat noisette, préemballée	gâteaux et pâtisseries	331	6,83	50,1	28,1	11	2,13	2,2	-
23829	Crêpe fourrée au chocolat, préemballée	gâteaux et pâtisseries	439	6,83	58,6	39,1	19,1	5,73	2,43	294
23830	Crêpe fourrée fraise, préemballée	gâteaux et pâtisseries	351	4,96	64,3	39,9	7,91	3,93	1,5	-
23849	Gaufre fine fourrée au miel, au caramel ou à la vergeoise, préemballée	gâteaux et pâtisseries	455	4,56	67	37	18,3	8	1,9	308
23850	Gaufre bruxelloise ou liégeoise nature, artisanale	gâteaux et pâtisseries	301	8	36,1	4,8	13,4	5,12	1,9	394
23851	Gaufre moelleuse (type bruxelloise ou liégeoise), nature ou sucrée, préemballée	gâteaux et pâtisseries	455	6,19	52,1	26,9	24,1	10,5	2,4	301
23852	Gaufre moelleuse (type bruxelloise ou liégeoise), au chocolat, préemballée	gâteaux et pâtisseries	460	5,59	54,4	27,7	23,9	12	2,36	-
23853	Gaufre croustillante (fine ou sèche), nature ou sucrée, préemballée	gâteaux et pâtisseries	477	6,22	67,6	33,1	19,7	12,6	1,78	279
23880	Beignet ou donut rond moelleux, sans fourrage, saupoudré de sucre	gâteaux et pâtisseries	404	7,25	39,4	10,7	23,7	9,46	2	444
23881	Beignet ou donut fourré aux fruits (fourrage type confiture), préemballé	gâteaux et pâtisseries	391	5,1	49,5	19	19	3,1	0,9	283
23885	Beignet ou donut fourré ou nappé goût chocolat ou chocolat noisette, préemballé	gâteaux et pâtisseries	407	5,3	48	20	21	4,2	2,6	280
23900	Pâtisserie (aliment moyen)	gâteaux et pâtisseries	279	4,14	35,5	21,2	12,9	6,8	1,98	104
23909	Cake aux fruits (confits et/ou raisins secs), préemballé	gâteaux et pâtisseries	360	4,19	55,2	35,8	12,6	1,6	2,1	234
23925	Gâteau marbré au chocolat, préemballé	gâteaux et pâtisseries	438	5,68	50,5	27,2	23,2	4,65	1,83	273
23935	Gâteau moelleux nature, préemballé	gâteaux et pâtisseries	438	5,42	53,1	27,3	22,4	4,41	1,23	-
23937	Gâteau moelleux aux fruits, préemballé	gâteaux et pâtisseries	382	3	69	52	10	6	2	50
23938	Gâteau moelleux aux fruits à coque, type gâteau creusois, préemballé	gâteaux et pâtisseries	418	6,35	48,8	36,5	21,5	11,4	1,9	204
23939	Gâteau moelleux fourré au chocolat, type mini-cake, mini-roulé, ourson…, préemballé	gâteaux et pâtisseries	414	5,44	55,4	30,4	18,2	4,21	3,2	224
23941	Gâteau moelleux fourré aux fruits type mini-roulé ou mini-cake fourré, préemballé	gâteaux et pâtisseries	374	4,63	57,7	33,9	12,8	2,35	4,5	243
23943	Gâteau moelleux aux pépites de chocolat, type mini-cake, préemballé	gâteaux et pâtisseries	442	5,38	50,2	28,7	23,6	8,45	3,7	327
23944	Gâteau moelleux fourré au chocolat et enrobé ou nappé de chocolat, préemballé	gâteaux et pâtisseries	440	5	53,8	31,3	21,8	8,8	2,7	124
23945	Gâteau moelleux fourré au chocolat et au lait, enrobé de chocolat, préemballé	gâteaux et pâtisseries	446	5,81	52,9	35,3	23,1	16,3	1,58	-
23951	Muffin, aux fruits (myrtilles et autres), préemballé	gâteaux et pâtisseries	397	4,81	49,1	31,7	19,9	5,22	1,34	336
23952	Muffin, au chocolat, préemballé	gâteaux et pâtisseries	444	5,58	52,5	30,2	23	5,34	2,42	200
24630	Madeleine, pur beurre, préemballée	gâteaux et pâtisseries	453	5,88	52,4	27,3	24,1	15,3	1,27	275
24631	Madeleine au chocolat (nappage, pépites ou fourrage…), préemballée	gâteaux et pâtisseries	447	5,45	53,7	28,5	22,7	5,25	2,05	324
24632	Madeleine ordinaire, préemballée	gâteaux et pâtisseries	441	5,55	55,3	28,4	21,6	2,8	1,4	355
24663	Tarte aux poires amandine	gâteaux et pâtisseries	310	4,9	37,7	21,2	14,9	7,2	2,3	54,1
24664	Gâteau aux amandes type financier, préemballé	gâteaux et pâtisseries	447	8,26	44,3	34,6	25,7	12,2	2,3	189
24666	Mille-feuille	gâteaux et pâtisseries	292	3,88	43,7	21,1	11,3	5,27	0,24	168
24674	Gâteau moelleux sans gluten (cake, madeleine…), préemballé	gâteaux et pâtisseries	443	4,74	50,7	24,3	24,2	7,6	1,62	-
24675	Gâteau moelleux sans gluten (cake, brownie…), au chocolat, préemballé	gâteaux et pâtisseries	434	5,38	49,6	28,9	24,4	7,78	2,18	-
39500	Glace à l'eau ou sorbet ou crème glacée, tout parfum (aliment moyen)	-	249	2,73	32	25,3	11,9	8,45	1,06	55,8
31035	Barre glacée chocolatée	glaces	354	4,79	37	28,8	20,5	13	1,36	100
39503	Glace ou crème glacée, bâtonnet enrobage chocolat	glaces	329	3,3	33,3	27,8	20	14	1,21	73,6
39509	Glace ou crème glacée, cône (taille standard)	glaces	290	3,51	36,8	25,1	13,5	9,77	< 3	52
39515	Glace ou crème glacée, en bac	glaces	191	2,55	26,1	21,9	8,4	5,44	< 3	46
39517	Glace au yaourt	glaces	126	3,45	22,7	20,7	2,2	1,44	< 3	37
39520	Glace ou crème glacée, gourmande, en bac	glaces	231	3,32	29,4	24,8	11	6,78	0,91	58,5
39521	Glace ou crème glacée, gourmande, en pot	glaces	256	3,94	29,2	24,9	13,6	8,33	1	80
39522	Glace ou crème glacée, mini cône	glaces	351	3,89	40,2	28,1	19	14,2	1,96	62,2
39523	Glace ou crème glacée, pot individuel	glaces	233	3,64	23,3	18,9	13,8	9,23	0,74	59,6
39527	Glace ou crème glacée, bac ou pot (aliment moyen)	glaces	171	2,83	25	21,5	6,45	4,18	1,5	43,2
39531	Glace ou crème glacée, petit pot enfant	glaces	170	2,32	24,9	21,8	6,64	5,42	0,67	54,9
39535	Glace ou crème glacée, bâtonnet enrobage fruits	glaces	160	1,52	26,8	22,2	5,14	3,72	0,4	47,4
31013	Sorbet, bâtonnet	sorbets	103	0,23	24,8	22,4	0,28	0,22	0,34	0
39524	Sorbet, en bac	sorbets	122	0,41	28,7	24,9	0,56	0,33	0,99	8,54
39525	Sorbet, pot individuel	sorbets	126	0,5	28,4	25,5	1,03	0,83	0,96	10
39526	Glace à l'eau	sorbets	83,8	0,18	20,5	19,4	0,17	0,1	0,26	2,89
39528	Sorbet, cône	sorbets	216	1,82	38,2	27,7	5,78	4,7	1,85	42
23472	Profiterole avec glace vanille et sauce chocolat	desserts glacés	286	5,38	31,4	19	14,9	8,39	1,6	97
39401	Pêche melba	desserts glacés	119	2,06	18,8	18,2	3,62	1,71	1,54	25,1
39502	Dessert glacé type mystère ou vacherin	desserts glacés	226	2,86	32,9	29,1	9	5,21	1,15	40,7
39512	Dessert glacé type sundae	desserts glacés	211	2,42	30,8	27	8,7	6,98	0,33	97,2
39516	Dessert glacé feuilleté, à partager	desserts glacés	242	2,36	27,3	23,5	13,6	10,8	0,84	38,6
39518	Omelette norvégienne	desserts glacés	212	3,6	34,8	32,7	6,5	3,9	< 0,5	58,3
39519	Poire belle Hélène	desserts glacés	196	2,74	23,5	21	9,57	5,19	2,76	15,7
39529	Nougat glacé	desserts glacés	249	4,47	26,4	23	13,4	5,86	2,41	45
39530	Citron givré ou orange givrée (sorbet)	desserts glacés	133	0,14	29,1	24,4	1,77	traces	traces	13,6
39532	Coupe glacée type café ou chocolat liégeois	desserts glacés	210	2,71	28,7	25,8	9,24	6,92	0,9	47,4
39533	Bûche glacée	desserts glacés	219	2,8	29,8	25,6	9,61	6,43	1,04	41,1
39534	Coupe glacée parfum pêche Melba ou poire Belle-Hélène	desserts glacés	160	1,46	28,9	23,8	4,07	2,49	0,89	16,4
16400	Beurre à 80% MG minimum, doux	beurres	753	0,64	0,71	0,71	83	60	0	14
16401	Huile de beurre ou beurre concentré	beurres	900	0,28	0	0	99,9	61,9	0	2
16402	Beurre à 80% MG, demi-sel	beurres	725	0,75	0,5	0,5	80	56,5	0	762
16403	Beurre à 80% MG, salé	beurres	732	0,5	0,68	traces	80,8	52,9	0	1010
16404	Beurre à 80% MG minimum, doux, tendre	beurres	755	0,7	0,5	-	83,4	-	0	-
16410	Beurre à 60-62% MG, à teneur réduite en matière grasse, doux	beurres	550	0,56	0,7	< 0,2	60,6	40,1	0	18
16411	Beurre à 60-62% MG, à teneur réduite en matière grasse, demi-sel	beurres	555	0,92	0,5	0,5	61	39,6	0	450
16412	Beurre ou assimilé allégé (léger ou à teneur réduite en matière grasse), doux (aliment moyen)	beurres	367	0,34	3,7	1,04	39,1	25,2	< 1,04	159
16413	Beurre sans précision sur la teneur en matière grasse (allégé ou non), demi-sel (aliment moyen)	beurres	712	0,75	0,53	0,51	78,6	55,3	0	742
16414	Beurre ou assimilé sans précision sur la teneur en matière grasse, doux (aliment moyen)	beurres	731	0,63	0,88	0,73	80,5	58	< 0,06	22,3
16415	Beurre à 39-41% MG, léger, doux	beurres	390	0,26	3,6	1,26	41,7	26,2	0	178
16416	Beurre à 39-41% MG, léger, demi-sel	beurres	376	traces	4	1,5	40	26	0	550
16713	"Matière grasse laitière à 15-25% MG, légère, ""à tartiner"", doux, enrichie en vitamine(s)"	beurres	197	0,25	6,2	1,56	19,1	12,1	< 3	250
16030	Huile ou beurre de cacao	huiles et graisses végétales	900	0	0	0	100	59,7	0	0
16040	Huile ou graisse de coco, sans précision	huiles et graisses végétales	897	0	0,41	0	99,5	84,5	0	0
16050	Huile ou graisse de coco, vierge	huiles et graisses végétales	899	0,16	traces	0	99,9	85,4	0	< 4
16060	Huile ou graisse de coco (coprah), raffinée	huiles et graisses végétales	900	0	0	traces	100	86,5	0	0
16080	Matière grasse ou graisse végétale solide (type margarine) pour friture ou graisse à frire	huiles et graisses végétales	898	0,25	0	traces	99,8	94,6	0	< 5
16110	Huile ou beurre de karité	huiles et graisses végétales	900	0	0	0	100	46,6	0	0
16128	Huile pour friture, sans précision	huiles et graisses végétales	900	0	0	0	100	9,86	0	< 5
16150	Huile de palme, raffinée	huiles et graisses végétales	900	0	0	0	100	49,3	0	0
16200	Huile ou graisse de palmiste, sans précision	huiles et graisses végétales	900	0	0	0	100	81,5	0	0
17001	Huile végétale (aliment moyen)	huiles et graisses végétales	899	0,18	0,032	0	99,9	12,9	0	4,08
17020	Huile de noyaux d'abricot	huiles et graisses végétales	900	0	0	0	100	6,3	0	0
17030	Huile d'amande	huiles et graisses végétales	900	0	0	0	100	8,2	0	0
17040	Huile d'arachide	huiles et graisses végétales	899	0,25	0	0	99,9	16,2	0	< 5
17100	Huile d'avocat	huiles et graisses végétales	900	0	0	0	100	17,9	0	0
17110	Huile de germe de blé	huiles et graisses végétales	900	0	0	0	100	18,8	0	0
17130	Huile de colza	huiles et graisses végétales	900	0	0	0	100	7,26	0	< 1,11
17170	Huile de coton	huiles et graisses végétales	900	0	0	0	100	25,9	0	0
17180	Huile de lin	huiles et graisses végétales	900	0	0,018	0	100	8,98	0	0
17190	Huile de maïs	huiles et graisses végétales	900	0	0	0	100	12,9	0	0
17210	Huile de noisette	huiles et graisses végétales	900	0	0	0	100	8,34	0	0
17220	Huile de noix	huiles et graisses végétales	900	0	0	0	100	10	0	0
17270	Huile d'olive vierge extra	huiles et graisses végétales	899	0,25	traces	0	99,9	15,2	0	< 5
17325	Huile de pavot	huiles et graisses végétales	900	0	0	0	100	13,5	0	0
17350	Huile de pépins de raisin	huiles et graisses végétales	900	0	0	0	100	11,4	0	< 5
17390	Huile de son de riz	huiles et graisses végétales	900	0	0	0	100	19,7	0	0
17400	Huile de sésame	huiles et graisses végétales	900	0	0	0	100	14,9	0	0
17420	Huile de soja	huiles et graisses végétales	900	0	0	0	100	15,7	0	< 1,11
17440	Huile de tournesol	huiles et graisses végétales	900	0,25	traces	0	100	11,1	0	10
17700	Huile combinée (mélange d'huiles)	huiles et graisses végétales	897	0	0,49	0	99,5	10,3	0	2,42
17701	Huile combinée, mélange d'huile d'olive et de graines	huiles et graisses végétales	900	0	0	0	100	12,1	0	0
17800	Huile de cameline	huiles et graisses végétales	-	0	0	0	-	-	0	-
17850	Huile de chanvre	huiles et graisses végétales	900	0	< 0,5	< 0,1	100	10,5	< 0,5	< 0,5
17900	Huile d'argan ou d'argane	huiles et graisses végétales	889	0	0	0	98,7	17,6	0	-
16588	Matière grasse tartinable à teneur en MG <= 41%, doux, aux stérols végétaux	margarines	-	0,25	1,3	< 0,5	35	7,8	0	-
16589	Matière grasse tartinable à teneur en MG > 62%, doux, riche en oméga 3	margarines	616	0,00005	0,00005	0,00005	67,7	18	3,6	-
16590	Matière grasse tartinable à teneur en MG > 62%, doux, standard	margarines	650	0,022	0,089	0,089	72,1	32,6	0,13	299
16591	Matière grasse tartinable à teneur en MG > 41% et <= 62%, doux, standard	margarines	540	0,25	0,14	0,14	60	16,2	0	153
16592	Matière grasse tartinable à teneur en MG <= 41%, doux, standard	margarines	366	1,44	2,94	1,37	38,6	17,5	0	212
16593	Matière grasse tartinable à teneur en MG > 62%, demi-sel, standard	margarines	630	0,25	< 0,5	< 0,5	70	17	0	550
16594	Matière grasse tartinable à teneur en MG > 41% et <= 62%, demi-sel, standard	margarines	516	0,00005	0,34	0,34	57,3	22,3	0	550
16595	Matière grasse tartinable à teneur en MG > 41% et <= 62%, doux, aux stérols végétaux	margarines	547	0,25	0	traces	60,8	14,6	0	127
16596	Matière grasse tartinable à teneur en MG > 41% et <= 62%, doux, riche en oméga 3	margarines	508	0,081	0,12	0,11	56,4	14,1	0,094	160
16597	Matière grasse tartinable à teneur en MG > 41% et <= 62%, demi-sel, riche en oméga 3	margarines	506	0,0001	0,0001	0,0001	56,3	14,5	0	550
16598	Matière grasse tartinable à teneur en MG <= 41%, demi-sel, aux stérols végétaux	margarines	321	0,25	1,4	< 0,5	35	7,8	0	490
16599	Matière grasse tartinable à teneur en MG <= 41%, doux, riche en oméga 3	margarines	308	0,00005	0,4	0	34	8,7	0	120
16600	Matière grasse tartinable à teneur en MG <= 41%, demi-sel, standard	margarines	356	0,75	2,8	1,25	38	17	0	650
16601	Matière grasse tartinable, sans précision sur la teneur en matière grasse, doux, standard (aliment moyen)	margarines	557	0,31	0,43	0,26	61,7	21,8	0,042	208
16602	Matière grasse tartinable, sans précision sur la teneur en matière grasse, demi-sel, standard (aliment moyen)	margarines	502	0,12	0,66	0,45	55,5	21,2	0	563
16603	Matière grasse tartinable, sans précision sur la teneur en matière grasse, doux, riche en oméga 3 (aliment moyen)	margarines	501	0,078	0,13	0,11	55,6	13,9	0,091	159
17630	Huile de foie de morue	huiles de poissons	900	0	0	traces	100	22,6	0	0
17640	Huile de sardine	huiles de poissons	900	0	0	0	100	29,9	0	0
17645	Huile de saumon	huiles de poissons	900	0	0	0	100	-	0	0
17650	Huile de hareng	huiles de poissons	900	0	0	0	100	21,3	0	0
16520	Saindoux	autres matières grasses	900	0	0	0	100	39,2	0	0
16530	Lard gras, cru	autres matières grasses	810	2,92	0	0	88,7	32,2	0	11
16540	Graisse de poulet	autres matières grasses	898	0	0	0	99,8	29,8	0	0
16550	Graisse de canard	autres matières grasses	898	0	0	0	99,8	33,2	0	0
16560	Graisse d'oie	autres matières grasses	898	0	0	0	99,8	27,7	0	0
16570	Graisse de dinde	autres matières grasses	898	0	0	0	99,8	29,4	0	0
11184	Sauce (aliment moyen)	sauces	246	1,51	6,74	4,64	23,3	2,79	1,18	724
11008	Ketchup, préemballé	sauces	108	1,23	23,7	21,1	0,16	0,035	1,77	900
11051	Sauce tartare, préemballée	sauces	500	0,92	5,11	3,32	52,7	4,39	0,34	799
11054	Mayonnaise (70% MG min.), préemballée	sauces	692	1,33	3,41	1,2	74,5	6,76	0,26	552
11073	Ketchup allégé en sucres, préemballé	sauces	68,6	1,33	13,8	10,8	0,088	0,032	1,43	1020
11079	Mayonnaise à teneur réduite en matière grasse ou mayonnaise allégée, préemballée	sauces	297	1,09	8,82	4,44	28,5	2,47	0,31	936
11100	Sauce barbecue, préemballée	sauces	136	0,56	30,3	27,5	0,6	0,1	1,2	706
11104	Sauce soja, préemballée	sauces	39,9	7,25	1,72	traces	< 0,5	< 0,006	0,9	5250
11108	Sauce vinaigrette à l'huile d'olive (50 à 75% d'huile), préemballée	sauces	471	0,7	3,03	2,73	50,5	5,15	0,53	953
11109	Sauce vinaigrette allégée en matière grasse (25 à 50% d'huile), préemballée	sauces	251	0,25	2,39	1,73	26,4	2,2	0,5	761
11110	Sauce vinaigrette (50 à 75% d'huile), préemballée	sauces	475	0,55	2,91	2,11	51	5,52	0,75	1010
11112	Harissa (sauce au piment), préemballée	sauces	76,4	2,72	7,3	6,89	2,9	0,47	5,1	1120
11120	Sauce bourguignonne, préemballée	sauces	439	1,34	7,85	5,79	44,6	3,55	0,53	1080
11157	Sauce moutarde, préemballée	sauces	233	1,66	4,7	0,8	22,8	-	1,2	940
11166	Sauce au yaourt, faite maison	sauces	98,5	3,64	5,04	4,37	6,91	1,46	0,8	510
11167	Sauce américaine, préemballée	sauces	409	1,34	9,99	6,05	39,8	3,09	1	1180
11168	Sauce aïoli, préemballée	sauces	480	1,13	5,44	2,61	50,2	4,8	0,25	736
11187	Sauce crudités ou sauce salade, préemballée	sauces	303	0,61	6,17	4,17	30,5	2,53	0,56	949
11194	Sauce nuoc mâm ou sauce au poisson, préemballée	sauces	81,2	9,3	10,9	8,34	0	0	0,2	8860
11196	Sauce burger, préemballée	sauces	427	1,28	13,2	10,3	40,4	3,31	0,58	847
11198	Sauce crudités ou sauce salade, allégée en matière grasse, préemballée	sauces	160	0,8	6,7	4,55	14,3	1,25	0,62	1010
11203	Sauce kebab, préemballée	sauces	433	1,22	6,93	4,35	44,1	3,35	0,3	600
11205	Sauce rouille, préemballée	sauces	551	0,6	2,7	0,8	59,8	4,3	< 0,5	470
11212	Sauce au poivre, froide, préemballée	sauces	472	0,69	5,8	5,19	49,3	3,78	< 0,5	924
11213	Sauce froide (aliment moyen)	sauces	318	0,83	6,23	4,89	31,9	2,88	0,79	854
11216	Sauce soja sucrée, préemballée	sauces	171	2,88	39,5	39,5	< 0,5	< 0,01	traces	2760
11217	Sauce pour nems à base de nuoc-mam dilué, préemballée	sauces	132	1,38	31,2	30,9	< 0,5	< 0,01	0	1710
11219	Sauce végétale type bolognaise, aux protéines de soja, préemballée	sauces	68	3,56	5,05	5,05	3	0,48	2,46	309
11223	Sauce d'huître, préemballée	sauces	50,7	1,35	10,6	0	0,25	0,043	0,3	2730
11240	Sauce algérienne, préemballée	sauces	486	1,76	14	10,6	46,8	3,77	0,9	-
11243	Sauce andalouse, préemballée	sauces	548	1,61	8,03	5,77	56,5	5,4	0,7	-
11244	Sauce cocktail, préemballée	sauces	572	1,33	9,2	7,85	58,7	5	0,78	-
11245	Sauce pommes frites, préemballée	sauces	330	0,82	10,3	6,59	31,6	2,55	0,2	-
11246	Sauce samouraï, préemballée	sauces	523	1,11	5,09	3,04	55,2	4,43	0,65	-
11247	Sauce au curry, froide, préemballée	sauces	367	0,88	8,49	5,01	36,5	3,2	0,58	-
11248	Sauce Caesar, préemballée	sauces	448	1,8	7,04	5,09	45,7	4,77	1	-
11301	Sauce teriyaki, préemballée	sauces	88,1	5,93	16	14,1	0,02	0	0,1	3830
11101	Sauce béchamel, préemballée	sauces	105	2,56	6,2	3,1	7,4	4,61	1,3	274
11102	Sauce béarnaise, préemballée	sauces	455	0,88	4,87	2,3	47,7	3,55	0,13	778
11105	Sauce hollandaise, préemballée	sauces	197	1,19	3,2	0,7	19,8	7,23	0,5	476
11107	Sauce tomate aux oignons, préemballée	sauces	78,8	1,52	7,69	5,44	4,18	0,49	2,17	467
11111	Sauce armoricaine, préemballée	sauces	83,6	2,1	3,95	0,73	6,6	6,3	traces	530
11114	Sauce tomate à la viande ou sauce bolognaise, préemballée	sauces	93,8	4,22	7,27	4,74	4,81	1,78	2,29	469
11115	Sauce au poivre vert, préemballée	sauces	88,9	1,3	5,3	1,3	6,65	2,95	1,3	317
11121	Sauce madère, préemballée	sauces	37,6	0,6	3,6	1,9	2,2	1,1	0,5	440
11122	Sauce à l'échalote à la crème, préemballée	sauces	106	1,7	11,9	2,27	5,53	3,03	0,9	647
11128	Sauce carbonara, préemballée	sauces	160	5,17	4,7	1	12,8	8,25	2,65	590
11129	Sauce chasseur, préemballée	sauces	38,8	1,21	4,66	-	1,61	-	0,43	410
11132	Sauce au curry, chaude, préemballée	sauces	77,4	1,02	10,6	5,83	3,16	2,11	1,28	447
11140	Sauce au beurre blanc, préemballée	sauces	212	1,13	3,4	1,35	21,4	11,9	< 0,5	463
11143	Sauce béchamel au beurre, faite maison	sauces	147	3,84	8,97	4,38	10,6	2,85	0,2	354
11158	Sauce au beurre, préemballée	sauces	192	2,2	5,2	1	17,9	12,1	1	543
11159	Sauce à la crème	sauces	78,2	1,08	5,9	0,73	5,55	3	0,17	551
11160	Sauce aux champignons, préemballée	sauces	98,8	3,2	6,3	2,2	6,26	-	2,25	360
11161	Sauce à la crème aux épices	sauces	82,5	1,16	6,2	0,95	5,75	3,12	0,65	517
11162	Sauce à la crème aux herbes	sauces	76,6	1,09	5,5	0,74	5,49	2,94	0,4	555
11163	Sauce aigre douce, préemballée	sauces	153	0,3	37	15,9	0,2	0,2	0,97	406
11164	Sauce au vin rouge, faite maison	sauces	64,5	0,81	7	2,47	2,22	1,32	0,46	678
11170	Sauce basquaise ou sauce aux poivrons, préemballée	sauces	63,1	1,17	7,41	4,46	2,71	0,49	2,09	460
11177	Sauce tomate aux champignons, préemballée	sauces	68,3	1,79	7,78	4,58	2,68	0,26	2,35	410
11178	Sauce tomate aux olives, préemballée	sauces	110	1,41	7,5	3,68	7,32	0,88	3,34	738
11179	Sauce pesto, préemballée	sauces	370	3,94	6,6	3,2	35,4	4,39	2,5	1060
11182	Sauce au poivre, chaude, préemballée	sauces	160	1	4,8	1,76	14,8	1,91	1,13	630
11189	Sauce au fromage pour risotto ou pâtes, préemballée	sauces	118	3,11	4,24	0,68	9,53	7	1,4	543
11191	Sauce au roquefort, préemballée	sauces	128	2,85	4,4	1,1	10,9	7,18	0,6	495
11192	Sauce aux champignons et à la crème, préemballée	sauces	75,5	1,38	6,2	1,52	5	2,51	< 0,5	383
11199	Sauce grand veneur, préemballée	sauces	103	1,5	8,45	6,6	7	4,85	traces	440
11202	Sauce indienne type tandoori ou tikka masala, préemballée	sauces	86,7	2,6	14,3	12,3	1,7	0,35	1,9	930
11207	Sauce tomate aux petits légumes, préemballée	sauces	66,8	1,54	7,57	5,22	2,9	0,35	2,12	389
11208	Sauce tomate au fromage, préemballée	sauces	180	3,94	8,09	4,6	14,2	3,83	2,41	516
11210	Sauce pesto rosso, préemballée	sauces	305	4,8	8,58	2,75	27	3,95	4,15	775
11218	Sauce chaude (aliment moyen)	sauces	123	2,67	7,65	4,21	8,67	2,65	1,88	498
11302	Sauce à l'oseille, préemballée	sauces	153	1,3	1,7	1,7	15	10	3,2	-
51502	Meloukhia, sauce, artisanale	sauces	215	1,13	1,45	1,2	21	-	8,4	378
11300	Sauce au chocolat, préemballée	sauces	308	2,16	62,3	48,9	5,1	2,37	1,8	19
13998	Coulis de fruits rouges (framboises, fraises, groseilles, cassis)	sauces	124	0,63	27,7	27,6	0,5	0,23	1,8	< 2
39700	Crème anglaise, préemballée	sauces	97,3	3,44	14,8	12,9	2,5	1,55	1	53,7
11004	Cornichon, au vinaigre	condiments	16	1,06	0,78	0,6	< 0,6	< 0,01	1,5	689
11013	Moutarde	condiments	151	6,92	4,33	1,73	11,2	1,1	< 1	2300
11018	Vinaigre	condiments	22,5	0,04	0,95	0,04	0,1	0	0	5
11021	Moutarde à l'ancienne	condiments	142	6,6	2,2	2,2	9,9	0,61	4,5	1960
11040	Câpres, au vinaigre	condiments	-	2,18	3,5	0,41	0,86	0,23	3,6	1620
11055	Oignon au vinaigre	condiments	-	0,6	2,5	2,5	0,15	0	1,8	458
11090	Vinaigre de cidre	condiments	-	0	0,93	0,4	0	0	0	5
11091	Vinaigre balsamique	condiments	91,7	0,69	18	18	< 0,6	0	0,75	27
11097	Cornichon, aigre-doux	condiments	36	1,25	5	4	0,35	0	1,5	376
11220	Vinaigre de vin rouge	condiments	20,6	0,25	traces	traces	0	-	0	5,1
13032	Olive noire, en saumure, égouttée	condiments	173	1,38	< 0,1	0	17,2	2,08	6,2	706
13033	Olive verte, en saumure, égouttée	condiments	164	1,13	0,61	traces	16,6	2,25	3,6	1180
13131	Olive noire, à l'huile (à la grecque)	condiments	349	2,19	4,33	0,3	33,3	4,02	11,6	3380
13147	Olives vertes, fourrées ou farcies (anchois, poivrons, etc.)	condiments	156	2,09	1,17	< 0,4	15,2	2,63	3	1110
13184	Olive (aliment moyen)	condiments	165	1,29	0,65	0,029	16,6	2,29	3,83	1130
13186	Olive noire (aliment moyen)	condiments	182	1,41	0,26	0,015	18	2,17	6,46	835
20916	Miso	condiments	188	11,7	18,1	6,2	6,01	1,14	5,4	3730
5217	Vin cuisiné (alcool évaporé)	aides culinaires	15	0,1	3,66	-	0	0	0	2,99
5219	Alcool fort (type rhum), cuisiné (alcool évaporé)	aides culinaires	0,0019	0	0,00049	0	0	0	0	1,58
9621	Son de blé	aides culinaires	270	14,8	22,7	2,39	3,88	0,82	42,9	6
9640	Son d'avoine	aides culinaires	361	16,8	50,6	2,23	6,52	1,16	16,7	6,5
9641	Son de maïs	aides culinaires	226	8,36	6,65	0	0,92	0,13	79	7
9643	Son de riz	aides culinaires	398	14	28	0,9	20,9	4,17	21	5
9660	Germe de blé	aides culinaires	375	27,2	35,1	10	9,5	1,83	16,3	7,2
11001	Bouillon de boeuf, déshydraté	aides culinaires	232	10,2	18	2	13,3	7,03	0	13200
11007	Gélatine, sèche	aides culinaires	348	86,9	0	traces	0,1	0,036	0	298
11009	Levure de bière en paillettes	aides culinaires	334	40,4	21,8	2,5	4,5	0,7	22,5	141
11010	Levure de boulanger fraîche	aides culinaires	115	8,4	11,9	0	1,9	0,24	8,1	30
11041	Bouillon de légumes, déshydraté	aides culinaires	287	9,66	26	-	16	7,79	< 0,5	19100
11043	Tapenade, préemballée	aides culinaires	229	1,93	3,29	0,51	21,9	5,44	5,26	1280
11045	Levure de boulanger déshydratée	aides culinaires	341	42,7	14,3	0	6,56	1	26,9	51
11046	Levure chimique ou poudre à lever	aides culinaires	108	0,1	26,9	0	0	0	0,2	9250
11065	Vanille, extrait alcoolique	aides culinaires	240	0,05	2,41	-	0	-	0	4
11098	Vanille, extrait aqueux	aides culinaires	57,7	0,03	14,4	14,4	0	0	0	3
11169	Fond de veau pour sauces et cuisson, déshydraté	aides culinaires	343	8,5	59,5	22,3	7,4	3,22	2,1	6660
11171	Fond de volaille pour sauces et cuisson, déshydraté	aides culinaires	336	10	63	24	4,5	1,84	1,5	5400
11172	Court-bouillon pour poissons, déshydraté	aides culinaires	260	5	7	4,5	23	16	2,5	19000
11174	Bouillon de volaille, déshydraté	aides culinaires	193	13	17	4	8	5	0,5	22500
11175	Gelée au madère, déshydratée	aides culinaires	262	47	18	0,5	0,2	0,1	0	11000
11176	Gelée au madère	aides culinaires	136	24,4	9,75	0,1	0,01	0,004	0,004	590
11221	Extrait de levure, à tartiner	aides culinaires	187	42,4	3,5	1,6	0,4	-	traces	4300
11303	Fumet de poisson, prêt à consommer, préemballé	aides culinaires	53,6	5,1	3,8	1,8	2	1,2	-	-
11304	Fond de veau, préemballé	aides culinaires	40,9	3,15	2,4	0,7	2,05	1	0,1	340
11507	Bicarbonate de soude	aides culinaires	0,4	0,1	0	0	0	0	0	27400
18041	Lait de coco	aides culinaires	199	1,94	4,29	2,5	19,2	17	0,75	27
20918	Sirop pour fruits appertisés au sirop	aides culinaires	73	0,25	17,7	14,9	< 0,5	-	< 0,5	7,5
20919	Sirop léger pour fruits appertisés au sirop	aides culinaires	58,9	0,34	14,3	13,6	< 0,5	-	< 0,5	4,23
20924	Sirop léger pour poire appertisée	aides culinaires	57,9	0,25	14,6	12,5	< 0,3	-	< 0,5	1,7
25525	Sauce tomate cuisinée pour pizza	aides culinaires	41,5	2,04	4,71	4,57	0,75	0,097	2,81	385
25970	Bouillon de viande et légumes type pot-au-feu, non dégraissé, déshydraté	aides culinaires	212	11,6	28,9	2,8	5,4	1,4	0	19400
25971	Bouillon de viande et légumes type pot-au-feu, dégraissé, déshydraté	aides culinaires	197	10,8	30,9	2,2	3,1	1,08	0	19300
31047	Gélifiant pour confitures	aides culinaires	278	0	62	62	0	-	15	-
31108	Gelée royale	aides culinaires	-	13	-	14	4	-	-	-
31109	Pollen, partiellement séché	aides culinaires	358	21,9	52,5	36,5	4,2	-	11,3	89,8
31111	Pollen, frais	aides culinaires	304	17,5	42,3	26,8	5,17	1,81	9,07	7,57
37000	Base de pizza (pâte et sauce à la crème), crue	aides culinaires	261	7,7	51,1	1,8	2,6	0,8	1	700
37002	Base de pizza (pâte et sauce à la tomate), crue	aides culinaires	232	6,9	44,6	1,5	2,7	0,8	1	700
42200	Lécithine de soja	aides culinaires	779	0	8	3,3	83	12,6	traces	15
11017	Sel blanc alimentaire, non iodé, non fluoré (marin, ignigène ou gemme)	sels	0	0	0	0	0	0	0	39100
11044	Sel au céleri	sels	49	1,81	4,14	0	2,53	-	1,19	35000
11058	Sel blanc alimentaire, iodé, non fluoré (marin, ignigène ou gemme)	sels	0	0	0	0	0	0	0	39100
11082	Fleur de sel, non iodée, non fluorée	sels	0	0	0	0	0	0	0	37700
11083	Sel marin gris, non iodé, non fluoré	sels	0	0	0	0	0	0	0	32200
11096	Sel blanc alimentaire, iodé, fluoré à 25 mg /100 g (marin, ignigène ou gemme)	sels	0	0	0	0	0	0	0	39100
11005	Curry, poudre	épices	301	14,5	2,63	2,63	14	1,65	53,2	52
11006	Gingembre, poudre	épices	335	8,98	58,3	3,39	4,24	2,6	14,1	27
11015	Poivre noir, poudre	épices	331	13,3	39,9	0,64	7,5	2,9	25,3	14,2
11019	Poivre blanc, poudre	épices	313	12,1	48,3	-	2,12	0,63	26,2	5
11025	Cannelle, poudre	épices	243	3,99	27,5	2,17	1,24	0,35	53,1	10
11026	Coriandre, graine	épices	345	12,4	13	-	17,8	0,99	41,9	35
11039	Safran	épices	352	11,4	61,5	42,4	5,85	1,59	3,9	148
11042	Cumin, graine	épices	427	17,8	33,7	2,25	22,3	1,54	10,5	168
11048	Noix de muscade	épices	506	5,84	27,4	2,99	36,3	25,9	20,8	16
11049	Paprika, poudre	épices	318	14,1	18,8	10,3	12,9	2,14	34,9	68
11052	Clou de girofle	épices	335	5,97	31,6	2,38	13	3,95	33,9	277
11053	Laurier, feuille	épices	353	7,61	48,6	48,6	8,36	2,28	26,3	23
11056	Quatre épices, poudre	épices	348	6,09	50,5	-	8,69	2,55	21,6	77
11057	Vanille, gousse	épices	-	-	-	-	-	-	-	0
11061	Pavot, graine	épices	534	21,2	13,7	2,99	41,6	4,52	10	26
11064	Carvi, graine	épices	334	19,8	11,9	0,64	14,6	0,62	38	17
11066	Fenouil, graine	épices	327	15,8	12,5	12,5	14,9	0,48	39,8	88
11074	Gingembre, racine fraîche	épices	33,3	1,1	3,4	1	1,1	0,09	2,7	6,3
11075	Cardamome, poudre	épices	321	10,8	40,5	-	6,7	-	28	18
11077	Fenugrec, graine	épices	350	27,1	33,8	8,7	6,41	1,46	24,6	67
11081	Epice (aliment moyen)	épices	327	12,6	37,8	2,09	7,85	2,56	27,7	23,7
11088	Poivre de Cayenne ou piment de Cayenne, poudre	épices	376	12	29,4	10,3	17,3	3,26	27,2	30
11089	Curcuma, poudre	épices	291	9,68	44,4	3,21	3,25	1,84	22,7	27
11000	Ail, cru	herbes	109	5,31	18,6	1,2	< 0,5	< 0,01	5,8	9
11002	Cerfeuil, frais	herbes	48,3	3,31	6,25	0,6	0,55	0,25	2,55	5
11003	Ciboule ou ciboulette, fraîche	herbes	30,8	2,55	2,85	2,09	0,46	0,089	2,55	9,5
11014	Persil, frais	herbes	42,5	2,97	4,1	0,85	0,63	0,1	4,3	51,5
11016	Raifort, frais	herbes	73,2	5,25	7,79	-	0,45	0,088	7,5	13
11027	Menthe, fraîche	herbes	57,6	3,52	5,3	5,3	0,84	0,22	7,4	30,5
11033	Basilic, frais	herbes	35,2	3,15	3,4	0,3	0,64	0,041	1,6	4
11068	Romarin, frais	herbes	121	3,31	6,6	-	5,86	2,84	14,1	26
11069	Sauge, fraîche	herbes	34,9	4	0,97	0,3	< 0,5	< 0,01	7	11,1
11070	Thym, frais	herbes	107	5,56	10,5	-	1,68	0,47	14	9
11080	Herbes aromatiques fraîches (aliment moyen)	herbes	51,2	3,26	4,69	1,89	0,93	0,25	5,53	32
11092	Estragon, frais	herbes	-	3,8	4,1	1,2	-	0,6	6,2	-
11093	Aneth, frais	herbes	48,2	3,93	3,9	1,2	1,1	0,34	3,5	27
11094	Coriandre, fraiche	herbes	22,3	2,13	0,87	0,87	0,52	0,014	2,8	46
11306	Ail, rôti/cuit au four	herbes	125	5,56	23,8	1,4	< 0,5	< 0,01	2,7	< 5
11307	Ail, grillé/poêlé, sans matière grasse	herbes	130	6	22	1	0,4	0,2	5,8	< 5
10999	Cerfeuil, séché	herbes	302	23,2	37,8	-	3,9	0,17	11,3	83
11023	Ail séché, poudre	herbes	346	16,6	63,7	2,43	0,73	0,25	9	60
11024	Persil, séché	herbes	291	29	16,8	7,27	5,34	1,38	29,7	422
11029	Menthe, séchée	herbes	283	19,9	22,2	-	6,03	1,58	29,8	344
11032	Basilic, séché	herbes	244	23	10,1	1,71	4,07	2,16	37,7	76
11034	Marjolaine, séchée	herbes	276	12,7	20,3	4,09	7,04	0,53	40,3	77
11035	Origan, séché	herbes	265	9	26,4	4,09	4,28	1,55	42,5	25
11036	Romarin, séché	herbes	328	4,88	21,5	-	15,2	7,37	42,6	50
11037	Sauge, séchée	herbes	320	10,6	20,4	1,71	12,8	7,03	40,3	11
11038	Thym, séché	herbes	285	9,11	26,9	1,71	7,43	2,73	37	55
11050	Estragon, séché	herbes	342	22,8	42,8	-	7,24	1,88	7,4	62
11060	Herbes de Provence, séchées	herbes	283	11,5	23,1	-	7,2	1,88	40,1	35
11062	Sarriette, séchée	herbes	264	6,73	23	-	5,91	3,26	45,7	24
11063	Aneth, séché	herbes	315	20	42,2	-	4,36	0,23	13,6	208
11095	Ciboulette, séchée	herbes	-	-	38,1	-	3,5	0,59	26,2	70
51500	Meloukhia, feuilles de corète séchées, en poudre	herbes	239	23	12,7	6,9	1,8	-	40	67,9
11084	Agar (algue), frais, cru	algues	28,4	0,54	6,25	0,28	0,03	0,006	0,5	9
11085	Agar (algue), séché	algues	-	6,21	-	2,97	0,3	0,061	-	102
11086	Spiruline (Spirulina sp.), séchée ou déshydratée	algues	374	60,4	17,7	1,23	6,27	3,28	2,71	755
20982	Spiruline (algue), fraîche, crue	algues	36,1	5,92	2,02	0,3	0,39	0,14	0,4	98
20983	Criste marine, fraîche, crue	algues	39,4	2,57	3,43	1,66	0,66	0,048	4,72	248
20985	Laitue de mer (Ulva sp.), séchée ou déshydratée	algues	203	15,7	13,8	0,22	1,95	0,47	33,5	2250
20986	Kombu royal (Saccharina latissima), séché ou déshydraté	algues	205	9,94	23,1	0,23	1,39	0,21	30,2	3300
20987	Nori (Porphyra sp., Pyropia), séchée ou déshydratée	algues	257	30,2	11,7	0	1,77	0,46	36,8	1900
20988	Dulse (Palmaria palmata), séchée ou déshydratée	algues	221	16,9	20,8	0,015	1,35	0,26	29,2	1870
20989	Maërl ou lithothamne (Lithothamnion), séché ou déshydraté	algues	-	2,49	3,52	-	-	-	-	371
20990	Kombu ou kombu japonais (Saccharina japonica), séché ou déshydraté	algues	222	7,89	24,9	-	2,56	0,72	34,1	2450
20991	Kombu breton (Laminaria digitata), séché ou déshydraté	algues	211	8,89	22,9	-	1,01	0,15	37,3	3210
20992	Haricot de mer (Himanthalia elongata), séchée ou déshydratée	algues	227	9,9	26,4	0,03	2,28	0,25	30,8	3570
20993	Gracilaire ou ogonori (Gracilaria verrucosa), séchée ou déshydratée	algues	232	17,8	23,4	-	1,75	0,14	25,4	2860
20994	Fucus vésiculeux (Fucus serratus ou Fucus vesiculosus), séché ou déshydraté	algues	194	9,11	12,4	-	1,71	0,19	46,3	3400
20995	Ao-nori (Ulva sp., ex Enteromorpha sp.), séchée ou déshydratée	algues	225	13,6	19,5	1,35	2,5	0,55	35,1	4090
20996	Lichen de mer ou pioca ou goémon rouge (Chondrus crispus), séché ou déshydraté	algues	215	16,7	15	0,44	1,95	0,15	35,5	3290
20997	Chlorelle (chlorella), séchée ou déshydratée	algues	-	48,5	30,9	-	11,4	1,84	-	115
20998	Ascophylle noueux ou goémon noir (Ascophyllum nodosum), séché ou déshydraté	algues	206	7,4	16,3	-	2,7	0,11	43,6	2870
20999	Wakamé atlantique (Alaria esculenta), séché ou déshydraté	algues	201	12,2	13,3	0,04	1,5	0,31	42,9	3650
42000	Substitut de repas hypocalorique, crème dessert	denrées destinées à une alimentation particulière	89,4	6,43	9,29	6,57	2,75	0,98	1,18	84,5
42003	Substitut de repas hypocalorique, prêt à boire	denrées destinées à une alimentation particulière	87,9	6,79	9,8	7,2	2,45	0,55	< 0,5	76,1
42004	Substitut de repas hypocalorique, poudre reconstituée avec lait écrémé	denrées destinées à une alimentation particulière	79,1	6,09	9,34	8,86	1,73	0,22	1,18	172
42005	Substitut de repas hypocalorique, poudre reconstituée avec lait écrémé, type milkshake	denrées destinées à une alimentation particulière	86,6	6,19	10,1	9,92	2,28	0,3	0,63	77,3
11214	"Préparation culinaire à base de soja, type ""crème de soja"""	ingrédients pour végétariens	152	3,25	2,03	1,6	14,7	1,65	-	25
20591	Protéine de soja texturée, réhydratée	ingrédients pour végétariens	150	18,6	7,03	3,65	2,9	0,47	5,61	< 5
20903	Isolat de soja	ingrédients pour végétariens	402	80,5	1,76	0	3,39	0,42	5,6	1010
20904	Tofu nature, préemballé	ingrédients pour végétariens	147	13,4	2,87	0,57	8,5	1,35	< 0,5	10
20906	Tofu soyeux, préemballé	ingrédients pour végétariens	54,3	4,57	1,53	1,13	2,9	0,47	0,6	< 5
20912	Tofu fumé, préemballé	ingrédients pour végétariens	164	14,9	2,91	0,85	9,5	1,53	< 0,5	295
20917	Tempeh	ingrédients pour végétariens	157	16,1	7,89	0,24	4,7	0,57	6,2	39
25598	Seitan, préemballé	ingrédients pour végétariens	134	20,6	6,74	0,81	2,5	0,38	0,9	451
11215	Caviar de tomates	tartinables végétariens	218	2,19	6,8	6,5	19,2	1,88	3,5	835
11222	Ktipiti, tartinade de fromage frais aux poivrons rouges, préemballé	tartinables végétariens	154	7,24	3,9	3,1	11,9	0,94	1,35	-
19863	Tzatziki à base de yaourt, préemballé	tartinables végétariens	138	6,19	3,8	2,7	10,9	0,81	-	351
19864	Tzatziki à base de fromage frais, préemballé	tartinables végétariens	132	6,46	2,98	2,25	10,2	1,01	1,15	310
25620	Guacamole, préemballé	tartinables végétariens	191	1,82	4,64	2,3	17,2	3,73	4,84	543
25621	Houmous, préemballé	tartinables végétariens	258	8,06	9	1,66	19,9	2,02	5,18	472
25624	Caviar d'aubergine, préemballé	tartinables végétariens	154	1,28	4,4	2,7	13,8	1,23	3,63	562
3000	Lait 1er âge, poudre soluble (préparation pour nourrissons)	laits et boissons infantiles	496	10,9	55	38,7	25,3	-	2,48	219
3002	Lait 2e âge, poudre soluble (préparation de suite)	laits et boissons infantiles	484	11,6	56,3	36,4	23,2	-	2,14	184
13159	Boisson aux fruits pour bébé dès 4/6mois	laits et boissons infantiles	35,1	0,25	8,57	8,23	< 0,5	< 0,0002	< 0,5	0,67
13160	Boisson à base de plantes pour bébé	laits et boissons infantiles	23,2	0,25	5,8	4,97	< 0,5	< 0,0002	< 0,5	0,67
13161	Boisson infantile céréales lactées aux légumes pour dîner dès 4/6 mois	laits et boissons infantiles	82,1	2,14	11,6	3,71	2,83	1,42	0,9	35,9
13162	Boisson infantile céréales lactées aux fruits pour le goûter dès 4/6 mois	laits et boissons infantiles	67,6	1,75	7,7	6,8	3	1,23	1,5	38,4
13163	Boisson infantile céréales lactées pour le petit déjeuner dès 4/6 mois	laits et boissons infantiles	80,7	1,98	12,1	5,7	2,7	1,26	< 3	32
13169	Boisson infantile céréales lactées pour le petit déjeuner dès 8/9 mois	laits et boissons infantiles	81,2	2,36	11,6	5,57	2,8	1,26	< 3	33
13170	Boisson infantile céréales lactées pour le petit déjeuner dès 12 mois	laits et boissons infantiles	86,3	2,23	12,6	4,7	2,78	1,19	1,1	26,5
13171	Boisson infantile lactées aux fruits pour le goûter dès 4/6 mois (sans céréales)	laits et boissons infantiles	72,5	1,85	10,4	5,78	2,6	1,15	< 3	19
13172	Boisson infantile céréales lactées aux légumes pour diner dès 12 mois	laits et boissons infantiles	-	-	23,6	16,2	8,93	-	1,45	37,6
13173	Boisson infantile céréales lactées pour le petit déjeuner	laits et boissons infantiles	85,5	1,9	12,7	4,7	2,89	1,23	0,6	33
13182	Boisson infantile céréales lactées (aliment moyen)	laits et boissons infantiles	86	2,22	12,6	4,72	2,78	1,19	1,11	26,4
19012	Lait de croissance infantile, liquide (aliment lacté destiné aux enfants en bas âge)	laits et boissons infantiles	60,9	1,28	7,77	5,98	2,71	1,1	0	24
19013	Lait 1er âge, prêt à consommer (préparation pour nourrissons)	laits et boissons infantiles	71,3	1,21	8,04	6,72	3,79	1,48	< 0,5	23,9
19014	Lait 2e âge, prêt à consommer (préparation de suite)	laits et boissons infantiles	65,1	1,21	8,23	5,63	2,9	1,14	0,5	22
19015	Lait infantile pour prématurés, prêt à consommer	laits et boissons infantiles	-	-	48,5	35	24,7	-	3,55	372
20246	Petit pot légumes, dès 4-6 mois	petits pots salés et plats infantiles	24	0,9	3,8	3,7	< 0,5	< 0,0002	2,6	16,6
20247	Petit pot légumes, avec féculent, dès 4/6 mois	petits pots salés et plats infantiles	41,7	1,3	6,45	0,5	0,8	0,088	1,75	8,95
20248	Plat légumes, avec féculent, dès 6-8 mois	petits pots salés et plats infantiles	42,9	1,2	6,9	2,8	0,7	0,066	2,1	97,1
20249	Plat légumes, avec féculent et lait/crème, dès 6/8 mois	petits pots salés et plats infantiles	70,2	2,38	9,12	4,62	2,3	0,29	1,5	30
20250	Plat légumes, avec féculent et lait/crème, dès 8/12 mois	petits pots salés et plats infantiles	77,5	2,1	8,1	3,4	3,5	1,31	2,6	106
20251	Plat légumes, avec féculent et lait/crème, dès 12 mois	petits pots salés et plats infantiles	71,6	2,88	8,53	2,37	2,3	0,26	2,4	81
20252	Soupe pour bébé légumes et pomme de terre	petits pots salés et plats infantiles	38,1	1	5,88	1,32	0,91	0,16	1,4	70,2
20253	Soupe pour bébé légumes, céréales et lait	petits pots salés et plats infantiles	59,5	1,5	7,19	3,23	2,5	0,41	0,9	83
20254	Plat légumes, avec féculent et lait/crème, dès 18 mois	petits pots salés et plats infantiles	70,3	2,56	8,59	2,71	2,4	0,77	1,4	81
42603	Plat légumes, avec féculent et viande/poisson, dès 6/8 mois	petits pots salés et plats infantiles	59	3,6	5,9	1,6	1,6	0,26	3,3	78,1
42604	Plat légumes, avec féculent et viande/poisson, dès 8/12 mois	petits pots salés et plats infantiles	54,6	2,8	6,77	1,37	1,31	0,26	2,45	94,4
42605	Plat légumes, avec féculent et viande/poisson, dès 12 mois	petits pots salés et plats infantiles	75,7	2,5	8,95	0,9	2,9	0,53	1,9	96
42606	Plat légumes, avec féculent et viande/poisson, dès 18 mois	petits pots salés et plats infantiles	66,7	2,76	9,02	1,38	1,82	0,58	1,6	127
13157	Petit pot fruit avec banane pour bébé	desserts infantiles	56,6	0,6	12,1	12	< 0,5	< 0,0002	2,3	1,46
13158	Petit pot fruit sans banane pour bébé	desserts infantiles	49,2	0,29	10,9	10,2	< 0,5	< 0,0002	2,07	0,57
13164	Dessert infantile lacté type crème dessert	desserts infantiles	87	3,32	11,3	8,55	3,1	1,74	< 3	35
13165	Dessert infantile lacté au riz ou à la semoule	desserts infantiles	90,8	3,45	11,7	8,65	3,3	2,21	< 3	30
13166	Dessert infantile lacté, sucré, nature ou aux fruits	desserts infantiles	97	3,19	12,5	9,26	3,5	2,28	< 3	30
13167	Céréales instantanées, poudre à reconstituer, dès 4/6 mois	céréales et biscuits infantiles	393	5,1	88,3	12,7	1,7	0,64	1,8	16,5
13168	Céréales instantanées, poudre à reconstituer, dès 6 mois	céréales et biscuits infantiles	391	10	81,1	32,8	2	0,61	4,3	14,7
24689	Biscuit pour bébé	céréales et biscuits infantiles	439	7,5	73,3	24,8	12,3	4,35	2,4	145
42501	Poudre cacaotée pour bébé	céréales et biscuits infantiles	396	8,5	85	44,5	1,9	0,92	2,2	17,6
